GlobalId,Name,Description
2ItDDUP057Cx0ZG1SPsdMY,Pipe Types:DYKA PE Binnenriolering_PE:1688591,-
0gri2Dn6fAiuI7l6OJVHJk,Pipe Types:DYKA PE Binnenriolering_PE:1695569,-
0gri2Dn6fAiuI7l6OJVHJi,Pipe Types:DYKA PE Binnenriolering_PE:1695571,-
3vWi_5L0H0XuNq_iWbDiPz,Pipe Types:DYKA PE Binnenriolering_PE:1703116,-
3vWi_5L0H0XuNq_iWbDiUE,Pipe Types:DYKA PE Binnenriolering_PE:1703231,-
0Mi7$wyBT3LBjEf6FZVNEZ,Pipe Types:DYKA PE Binnenriolering_PE:1719143,-
0Mi7$wyBT3LBjEf6FZVNRn,Pipe Types:DYKA PE Binnenriolering_PE:1719861,-
0w$oUjeFXD8AWzYzlqwmD3,Pipe Types:DYKA PE Binnenriolering_PE:1733304,-
0w$oUjeFXD8AWzYzlqwmCu,Pipe Types:DYKA PE Binnenriolering_PE:1733315,-
3ASeAprnD5heYBEyR0kBai,Pipe Types:DYKA PE Binnenriolering_PE:1734693,-
3ASeAprnD5heYBEyR0kBac,Pipe Types:DYKA PE Binnenriolering_PE:1734703,-
0uPmFhGFbErhs3Ye$Ra9vB,Pipe Types:DYKA PE Binnenriolering_PE:1737968,-
0InMeaQEP9whLnC6J4fRFU,Pipe Types:DYKA PE Binnenriolering_PE:1742817,-
0InMeaQEP9whLnC6J4fRmj,Pipe Types:DYKA PE Binnenriolering_PE:1742866,-
0InMeaQEP9whLnC6J4fRpj,Pipe Types:DYKA PE Binnenriolering_PE:1743058,-
0InMeaQEP9whLnC6J4fRpY,Pipe Types:DYKA PE Binnenriolering_PE:1743069,-
1Sg$mlcNP2OeIq4qPi8Opo,Pipe Types:DYKA PE Binnenriolering_PE:1761479,-
1Sg$mlcNP2OeIq4qPi8Opg,Pipe Types:DYKA PE Binnenriolering_PE:1761503,-
1Sg$mlcNP2OeIq4qPi8Ort,Pipe Types:DYKA PE Binnenriolering_PE:1761602,-
1Sg$mlcNP2OeIq4qPi8OL8,Pipe Types:DYKA PE Binnenriolering_PE:1763709,-
1Sg$mlcNP2OeIq4qPi8ONA,Pipe Types:DYKA PE Binnenriolering_PE:1763839,-
1Sg$mlcNP2OeIq4qPi8Ps8,Pipe Types:DYKA PE Binnenriolering_PE:1765821,-
1Sg$mlcNP2OeIq4qPi8PiQ,Pipe Types:DYKA PE Binnenriolering_PE:1767215,-
04e42mT650QwGjazUqVSeh,Pipe Types:DYKA PE Binnenriolering_PE:1771589,-
04e42mT650QwGjazUqVT8n,Pipe Types:DYKA PE Binnenriolering_PE:1773663,-
3vY0X$CrHBmPvPDeSeyiZZ,Pipe Types:DYKA PE Binnenriolering_PE:1886537,-
3d7wB56Mv6dxb1GiDrju$_,Pipe Types:DYKA PE Binnenriolering_PE:1945041,-
3d7wB56Mv6dxb1GiDrjunP,Pipe Types:DYKA PE Binnenriolering_PE:1945206,-
3d7wB56Mv6dxb1GiDrjuoB,Pipe Types:DYKA PE Binnenriolering_PE:1945252,-
3d7wB56Mv6dxb1GiDrjup6,Pipe Types:DYKA PE Binnenriolering_PE:1945321,-
2ae07zkn17rB97grYEfACz,Pipe Types:DYKA PE Binnenriolering_PE:1962255,-
2ae07zkn17rB97grYEfACF,Pipe Types:DYKA PE Binnenriolering_PE:1962301,-
2ae07zkn17rB97grYEfADr,Pipe Types:DYKA PE Binnenriolering_PE:1962311,-
0tZtpbHEH4jwITayUPdG54,Pipe Types:DYKA PE Binnenriolering_PE:1962946,-
0tZtpbHEH4jwITayUPdGPS,Pipe Types:DYKA PE Binnenriolering_PE:1963226,-
0tZtpbHEH4jwITayUPdGPa,Pipe Types:DYKA PE Binnenriolering_PE:1963234,-
0uhtt_WY95B9jjJc68DObK,Pipe Types:DYKA PE Binnenriolering_PE:2023916,-
0uhtt_WY95B9jjJc68DOb6,Pipe Types:DYKA PE Binnenriolering_PE:2023934,-
1ZQhdz0L16jhBLhzVDLyUO,Pipe Types:DYKA PE Binnenriolering_PE:2060992,-
0MlxXfCQL7C9vXf5cWPolY,Pipe Types:DYKA PE Binnenriolering_PE:2106038,-
11VHtfgG1BT9scztzrF$iZ,Pipe Types:DYKA PE Binnenriolering_PE:2149650,-
2MFnkOoTDCAehUpqBbfStg,Pipe Types:DYKA PE Binnenriolering_PE:2217238,-
2MFnkOoTDCAehUpqBbfSrH,Pipe Types:DYKA PE Binnenriolering_PE:2217389,-
2MFnkOoTDCAehUpqBbfS_g,Pipe Types:DYKA PE Binnenriolering_PE:2217814,-
2MFnkOoTDCAehUpqBbfSB9,Pipe Types:DYKA PE Binnenriolering_PE:2218549,-
2MFnkOoTDCAehUpqBbfS8I,Pipe Types:DYKA PE Binnenriolering_PE:2218734,-
2MFnkOoTDCAehUpqBbfSH1,Pipe Types:DYKA PE Binnenriolering_PE:2219197,-
2MFnkOoTDCAehUpqBbfSGw,Pipe Types:DYKA PE Binnenriolering_PE:2219206,-
26quhX7FX3Y8Gct83BhwX5,Pipe Types:DYKA PE Binnenriolering_PE:2226228,-
26quhX7FX3Y8Gct83BhwW0,Pipe Types:DYKA PE Binnenriolering_PE:2226289,-
2WgeTDBAr7LhlmFK$HqoeO,Pipe Types:DYKA PE Binnenriolering_PE:2235512,-
2WgeTDBAr7LhlmFK$Hqohg,Pipe Types:DYKA PE Binnenriolering_PE:2235530,-
2WgeTDBAr7LhlmFK$HqniL,Pipe Types:DYKA PE Binnenriolering_PE:2239861,-
2WgeTDBAr7LhlmFK$HqncB,Pipe Types:DYKA PE Binnenriolering_PE:2240491,-
2WgeTDBAr7LhlmFK$Hqm8F,Pipe Types:DYKA PE Binnenriolering_PE:2241647,-
2WgeTDBAr7LhlmFK$HqmF_,Pipe Types:DYKA PE Binnenriolering_PE:2241950,-
2WgeTDBAr7LhlmFK$HqmFM,Pipe Types:DYKA PE Binnenriolering_PE:2241974,-
2WgeTDBAr7LhlmFK$Hqm1p,Pipe Types:DYKA PE Binnenriolering_PE:2242067,-
2WgeTDBAr7LhlmFK$Hqm2v,Pipe Types:DYKA PE Binnenriolering_PE:2242265,-
2WgeTDBAr7LhlmFK$Hqm4v,Pipe Types:DYKA PE Binnenriolering_PE:2242393,-
3B37sk9sXA3BEHxzTlo7N3,Pipe Types:DYKA PE Binnenriolering_PE:2269386,-
3B37sk9sXA3BEHxzTlo7TA,Pipe Types:DYKA PE Binnenriolering_PE:2269763,-
3B37sk9sXA3BEHxzTlo7gr,Pipe Types:DYKA PE Binnenriolering_PE:2273212,-
3B37sk9sXA3BEHxzTlo6KZ,Pipe Types:DYKA PE Binnenriolering_PE:2273322,-
3B37sk9sXA3BEHxzTlo6M0,Pipe Types:DYKA PE Binnenriolering_PE:2273417,-
3B37sk9sXA3BEHxzTlo6UV,Pipe Types:DYKA PE Binnenriolering_PE:2273942,-
3B37sk9sXA3BEHxzTlo652,Pipe Types:DYKA PE Binnenriolering_PE:2274379,-
3B37sk9sXA3BEHxzTlo672,Pipe Types:DYKA PE Binnenriolering_PE:2274507,-
3B37sk9sXA3BEHxzTlo60b,Pipe Types:DYKA PE Binnenriolering_PE:2274604,-
3B37sk9sXA3BEHxzTlo622,Pipe Types:DYKA PE Binnenriolering_PE:2274699,-
3B37sk9sXA3BEHxzTlo6xe,Pipe Types:DYKA PE Binnenriolering_PE:2276321,-
3B37sk9sXA3BEHxzTlo6ao,Pipe Types:DYKA PE Binnenriolering_PE:2276411,-
09rrgvmC9328AE6004epOb,Pipe Types:DYKA PE Binnenriolering_PE:2279823,-
09rrgvmC9328AE6004epLP,Pipe Types:DYKA PE Binnenriolering_PE:2280179,-
09rrgvmC9328AE6004ep60,Pipe Types:DYKA PE Binnenriolering_PE:2281002,-
09rrgvmC9328AE6004ep0J,Pipe Types:DYKA PE Binnenriolering_PE:2281401,-
09rrgvmC9328AE6004eo$g,Pipe Types:DYKA PE Binnenriolering_PE:2281536,-
09rrgvmC9328AE6004eo$n,Pipe Types:DYKA PE Binnenriolering_PE:2281563,-
09rrgvmC9328AE6004eoyD,Pipe Types:DYKA PE Binnenriolering_PE:2281639,-
09rrgvmC9328AE6004eozu,Pipe Types:DYKA PE Binnenriolering_PE:2281682,-
09rrgvmC9328AE6004eoz7,Pipe Types:DYKA PE Binnenriolering_PE:2281709,-
09rrgvmC9328AE6004eowE,Pipe Types:DYKA PE Binnenriolering_PE:2281764,-
09rrgvmC9328AE6004eoxU,Pipe Types:DYKA PE Binnenriolering_PE:2281844,-
09rrgvmC9328AE6004eoxN,Pipe Types:DYKA PE Binnenriolering_PE:2281853,-
1p8MOvb9T9DBI6nLDjaRux,Pipe Types:DYKA PE Binnenriolering_PE:2302182,-
1p8MOvb9T9DBI6nLDjaRp9,Pipe Types:DYKA PE Binnenriolering_PE:2302484,-
1p8MOvb9T9DBI6nLDjaRnI,Pipe Types:DYKA PE Binnenriolering_PE:2302607,-
1p8MOvb9T9DBI6nLDjaRnE,Pipe Types:DYKA PE Binnenriolering_PE:2302611,-
1p8MOvb9T9DBI6nLDjaRsT,Pipe Types:DYKA PE Binnenriolering_PE:2302784,-
1p8MOvb9T9DBI6nLDjaRsP,Pipe Types:DYKA PE Binnenriolering_PE:2302788,-
1p8MOvb9T9DBI6nLDjaRs0,Pipe Types:DYKA PE Binnenriolering_PE:2302813,-
1p8MOvb9T9DBI6nLDjaRsy,Pipe Types:DYKA PE Binnenriolering_PE:2302817,-
1p8MOvb9T9DBI6nLDjaRqt,Pipe Types:DYKA PE Binnenriolering_PE:2302954,-
1p8MOvb9T9DBI6nLDjaRqp,Pipe Types:DYKA PE Binnenriolering_PE:2302958,-
1p8MOvb9T9DBI6nLDjaRhQ,Pipe Types:DYKA PE Binnenriolering_PE:2302983,-
1p8MOvb9T9DBI6nLDjaRhM,Pipe Types:DYKA PE Binnenriolering_PE:2302987,-
1p8MOvb9T9DBI6nLDjaRhx,Pipe Types:DYKA PE Binnenriolering_PE:2303014,-
1p8MOvb9T9DBI6nLDjaRht,Pipe Types:DYKA PE Binnenriolering_PE:2303018,-
1p8MOvb9T9DBI6nLDjaRgU,Pipe Types:DYKA PE Binnenriolering_PE:2303043,-
1p8MOvb9T9DBI6nLDjaRgQ,Pipe Types:DYKA PE Binnenriolering_PE:2303047,-
1p8MOvb9T9DBI6nLDjaRgz,Pipe Types:DYKA PE Binnenriolering_PE:2303072,-
1p8MOvb9T9DBI6nLDjaRgv,Pipe Types:DYKA PE Binnenriolering_PE:2303076,-
1p8MOvb9T9DBI6nLDjaRgW,Pipe Types:DYKA PE Binnenriolering_PE:2303101,-
1p8MOvb9T9DBI6nLDjaRfS,Pipe Types:DYKA PE Binnenriolering_PE:2303105,-
1p8MOvb9T9DBI6nLDjaRf7,Pipe Types:DYKA PE Binnenriolering_PE:2303130,-
1p8MOvb9T9DBI6nLDjaRf3,Pipe Types:DYKA PE Binnenriolering_PE:2303134,-
1p8MOvb9T9DBI6nLDjaRfg,Pipe Types:DYKA PE Binnenriolering_PE:2303159,-
1p8MOvb9T9DBI6nLDjaRfc,Pipe Types:DYKA PE Binnenriolering_PE:2303163,-
1p8MOvb9T9DBI6nLDjaReB,Pipe Types:DYKA PE Binnenriolering_PE:2303190,-
1p8MOvb9T9DBI6nLDjaRe7,Pipe Types:DYKA PE Binnenriolering_PE:2303194,-
1p8MOvb9T9DBI6nLDjaRek,Pipe Types:DYKA PE Binnenriolering_PE:2303219,-
1p8MOvb9T9DBI6nLDjaReg,Pipe Types:DYKA PE Binnenriolering_PE:2303223,-
1p8MOvb9T9DBI6nLDjaRYG,Pipe Types:DYKA PE Binnenriolering_PE:2303565,-
1p8MOvb9T9DBI6nLDjaQvg,Pipe Types:DYKA PE Binnenriolering_PE:2306231,-
1p8MOvb9T9DBI6nLDjaQuU,Pipe Types:DYKA PE Binnenriolering_PE:2306243,-
1p8MOvb9T9DBI6nLDjaQuQ,Pipe Types:DYKA PE Binnenriolering_PE:2306247,-
1p8MOvb9T9DBI6nLDjaQuI,Pipe Types:DYKA PE Binnenriolering_PE:2306255,-
1p8MOvb9T9DBI6nLDjaQuE,Pipe Types:DYKA PE Binnenriolering_PE:2306259,-
1p8MOvb9T9DBI6nLDjaQu6,Pipe Types:DYKA PE Binnenriolering_PE:2306267,-
1p8MOvb9T9DBI6nLDjaQu2,Pipe Types:DYKA PE Binnenriolering_PE:2306271,-
1p8MOvb9T9DBI6nLDjaQuw,Pipe Types:DYKA PE Binnenriolering_PE:2306279,-
1p8MOvb9T9DBI6nLDjaQus,Pipe Types:DYKA PE Binnenriolering_PE:2306283,-
1p8MOvb9T9DBI6nLDjaQuk,Pipe Types:DYKA PE Binnenriolering_PE:2306291,-
1p8MOvb9T9DBI6nLDjaQug,Pipe Types:DYKA PE Binnenriolering_PE:2306295,-
1p8MOvb9T9DBI6nLDjaQuY,Pipe Types:DYKA PE Binnenriolering_PE:2306303,-
1p8MOvb9T9DBI6nLDjaQ$U,Pipe Types:DYKA PE Binnenriolering_PE:2306307,-
1p8MOvb9T9DBI6nLDjaQ$M,Pipe Types:DYKA PE Binnenriolering_PE:2306315,-
1p8MOvb9T9DBI6nLDjaQ$I,Pipe Types:DYKA PE Binnenriolering_PE:2306319,-
1p8MOvb9T9DBI6nLDjaQ$A,Pipe Types:DYKA PE Binnenriolering_PE:2306327,-
1p8MOvb9T9DBI6nLDjaQ$6,Pipe Types:DYKA PE Binnenriolering_PE:2306331,-
1p8MOvb9T9DBI6nLDjaQ$_,Pipe Types:DYKA PE Binnenriolering_PE:2306339,-
1p8MOvb9T9DBI6nLDjaQ$w,Pipe Types:DYKA PE Binnenriolering_PE:2306343,-
1p8MOvb9T9DBI6nLDjaQ$o,Pipe Types:DYKA PE Binnenriolering_PE:2306351,-
1p8MOvb9T9DBI6nLDjaQ$k,Pipe Types:DYKA PE Binnenriolering_PE:2306355,-
1p8MOvb9T9DBI6nLDjaQ$c,Pipe Types:DYKA PE Binnenriolering_PE:2306363,-
1p8MOvb9T9DBI6nLDjaQ$Y,Pipe Types:DYKA PE Binnenriolering_PE:2306367,-
1p8MOvb9T9DBI6nLDjaQ_Q,Pipe Types:DYKA PE Binnenriolering_PE:2306375,-
1p8MOvb9T9DBI6nLDjaQ_M,Pipe Types:DYKA PE Binnenriolering_PE:2306379,-
1p8MOvb9T9DBI6nLDjaQ_E,Pipe Types:DYKA PE Binnenriolering_PE:2306387,-
1p8MOvb9T9DBI6nLDjaQ_A,Pipe Types:DYKA PE Binnenriolering_PE:2306391,-
1p8MOvb9T9DBI6nLDjaQtb,Pipe Types:DYKA PE Binnenriolering_PE:2306872,-
1hR_$o$KXCce5Q2JTH4Qmb,Pipe Types:DYKA PE Binnenriolering_PE:2314922,-
1hR_$o$KXCce5Q2JTH4QiY,Pipe Types:DYKA PE Binnenriolering_PE:2315693,-
1hR_$o$KXCce5Q2JTH4Qjo,Pipe Types:DYKA PE Binnenriolering_PE:2315773,-
1hR_$o$KXCce5Q2JTH4QWN,Pipe Types:DYKA PE Binnenriolering_PE:2315928,-
1hR_$o$KXCce5Q2JTH4QWo,Pipe Types:DYKA PE Binnenriolering_PE:2315965,-
1hR_$o$KXCce5Q2JTH4QGw,Pipe Types:DYKA PE Binnenriolering_PE:2316981,-
1hR_$o$KXCce5Q2JTH4QAE,Pipe Types:DYKA PE Binnenriolering_PE:2317313,-
1hR_$o$KXCce5Q2JTH4QE6,Pipe Types:DYKA PE Binnenriolering_PE:2317577,-
1hR_$o$KXCce5Q2JTH4Q23,Pipe Types:DYKA PE Binnenriolering_PE:2317836,-
1hR_$o$KXCce5Q2JTH4PSe,Pipe Types:DYKA PE Binnenriolering_PE:2320807,-
1hR_$o$KXCce5Q2JTH4PS_,Pipe Types:DYKA PE Binnenriolering_PE:2320817,-
1hR_$o$KXCce5Q2JTH4PSq,Pipe Types:DYKA PE Binnenriolering_PE:2320827,-
1hR_$o$KXCce5Q2JTH4PTA,Pipe Types:DYKA PE Binnenriolering_PE:2320837,-
1hR_$o$KXCce5Q2JTH4PT0,Pipe Types:DYKA PE Binnenriolering_PE:2320847,-
1hR_$o$KXCce5Q2JTH4PTM,Pipe Types:DYKA PE Binnenriolering_PE:2320857,-
1hR_$o$KXCce5Q2JTH4PTi,Pipe Types:DYKA PE Binnenriolering_PE:2320867,-
1hR_$o$KXCce5Q2JTH4PTY,Pipe Types:DYKA PE Binnenriolering_PE:2320877,-
1hR_$o$KXCce5Q2JTH4PTu,Pipe Types:DYKA PE Binnenriolering_PE:2320887,-
1hR_$o$KXCce5Q2JTH4PIE,Pipe Types:DYKA PE Binnenriolering_PE:2320897,-
1hR_$o$KXCce5Q2JTH4PI4,Pipe Types:DYKA PE Binnenriolering_PE:2320907,-
1hR_$o$KXCce5Q2JTH4PIQ,Pipe Types:DYKA PE Binnenriolering_PE:2320917,-
1hR_$o$KXCce5Q2JTH4PIG,Pipe Types:DYKA PE Binnenriolering_PE:2320927,-
1hR_$o$KXCce5Q2JTH4PIi,Pipe Types:DYKA PE Binnenriolering_PE:2320931,-
1hR_$o$KXCce5Q2JTH4PIg,Pipe Types:DYKA PE Binnenriolering_PE:2320933,-
1hR_$o$KXCce5Q2JTH4PIe,Pipe Types:DYKA PE Binnenriolering_PE:2320935,-
1hR_$o$KXCce5Q2JTH4PIc,Pipe Types:DYKA PE Binnenriolering_PE:2320937,-
1hR_$o$KXCce5Q2JTH4PIa,Pipe Types:DYKA PE Binnenriolering_PE:2320939,-
1hR_$o$KXCce5Q2JTH4PIY,Pipe Types:DYKA PE Binnenriolering_PE:2320941,-
1hR_$o$KXCce5Q2JTH4PIW,Pipe Types:DYKA PE Binnenriolering_PE:2320943,-
1hR_$o$KXCce5Q2JTH4PI_,Pipe Types:DYKA PE Binnenriolering_PE:2320945,-
1hR_$o$KXCce5Q2JTH4PIy,Pipe Types:DYKA PE Binnenriolering_PE:2320947,-
1hR_$o$KXCce5Q2JTH4PIw,Pipe Types:DYKA PE Binnenriolering_PE:2320949,-
1hR_$o$KXCce5Q2JTH4PIu,Pipe Types:DYKA PE Binnenriolering_PE:2320951,-
1hR_$o$KXCce5Q2JTH4PIs,Pipe Types:DYKA PE Binnenriolering_PE:2320953,-
1hR_$o$KXCce5Q2JTH4PN4,Pipe Types:DYKA PE Binnenriolering_PE:2321227,-
1hR_$o$KXCce5Q2JTH4OnQ,Pipe Types:DYKA PE Binnenriolering_PE:2323157,-
1hR_$o$KXCce5Q2JTH4Os1,Pipe Types:DYKA PE Binnenriolering_PE:2323214,-
1hR_$o$KXCce5Q2JTH4OsZ,Pipe Types:DYKA PE Binnenriolering_PE:2323244,-
34bLkGxBPDofROp2MmyrGB,Pipe Types:DYKA PE Binnenriolering_PE:2323733,-
34bLkGxBPDofROp2MmyrIh,Pipe Types:DYKA PE Binnenriolering_PE:2323893,-
34bLkGxBPDofROp2Mmyryj,Pipe Types:DYKA PE Binnenriolering_PE:2326067,-
1JlyYgWOr3KAi7WW0AINcj,Pipe Types:DYKA PE Binnenriolering_PE:2406525,-
0XOyrK69P0uxm3vCK6tFbP,Pipe Types:DYKA PE Binnenriolering_PE:2431443,-
0XOyrK69P0uxm3vCK6tFbW,Pipe Types:DYKA PE Binnenriolering_PE:2431466,-
3fFOVzv4bAd9baJ9qn6NKn,Pipe Types:DYKA PE Binnenriolering_PE:2441179,-
16Au9SQZ56aQ82labC17wt,Pipe Types:DYKA PE Binnenriolering_PE:2442989,-
16Au9SQZ56aQ82labC17$h,Pipe Types:DYKA PE Binnenriolering_PE:2443185,-
16Au9SQZ56aQ82labC17$f,Pipe Types:DYKA PE Binnenriolering_PE:2443187,-
3vh0VDODP85vzta5Kk671N,Pipe Types:DYKA PE Binnenriolering_PE:2444496,-
3vh0VDODP85vzta5Kk671J,Pipe Types:DYKA PE Binnenriolering_PE:2444500,-
2LoBr76xH2zPHg7HmUvpCv,Pipe Types:DYKA PE Binnenriolering_PE:2449195,-
2LoBr76xH2zPHg7HmUvpF8,Pipe Types:DYKA PE Binnenriolering_PE:2449370,-
0qQKuWYoz7WRjD6wy9ebCY,Pipe Types:DYKA PE Binnenriolering_PE:2489030,-
0qQKuWYoz7WRjD6wy9ebCo,Pipe Types:DYKA PE Binnenriolering_PE:2489046,-
10lOHOALb22fpOm6EhRsv2,Pipe Types:DYKA PE Binnenriolering_PE:2492453,-
1w18RnR0j5RvK_Gvpt9h6d,Pipe Types:DYKA PE Binnenriolering_PE:2517117,-
0dnM6Q$NLDuQdsxZzBYZ7T,Pipe Types:DYKA PE Binnenriolering_PE:2550876,-
1HOBNuvIX5lx9Lu8vNx4nf,Pipe Types:DYKA PE Binnenriolering_PE:2580842,-
1HOBNuvIX5lx9Lu8vNx4_B,Pipe Types:DYKA PE Binnenriolering_PE:2581128,-
1HOBNuvIX5lx9Lu8vNx4_H,Pipe Types:DYKA PE Binnenriolering_PE:2581138,-
1HOBNuvIX5lx9Lu8vNx4WS,Pipe Types:DYKA PE Binnenriolering_PE:2581791,-
1HOBNuvIX5lx9Lu8vNx4WY,Pipe Types:DYKA PE Binnenriolering_PE:2581793,-
2GvMpyZ5j6q8dEvnwR6DMm,Pipe Types:DYKA PE Binnenriolering_PE:2600114,-
2GvMpyZ5j6q8dEvnwR6DNR,Pipe Types:DYKA PE Binnenriolering_PE:2600153,-
1iRzLAVBT1g8eYBtqJLYCs,Pipe Types:DYKA PE Binnenriolering_PE:2731816,-
1iRzLAVBT1g8eYBtqJLYCi,Pipe Types:DYKA PE Binnenriolering_PE:2731826,-
1Hq$o0N$P809kHxM9hwxjg,Pipe Types:DYKA PE Binnenriolering_PE:2738157,-
2T2GdBk_5ErfkOJOW6Hhyd,Pipe Types:DYKA PE Binnenriolering_PE:2740348,-
2T2GdBk_5ErfkOJOW6Hh$i,Pipe Types:DYKA PE Binnenriolering_PE:2740407,-
3xReJbhUv8lgHKMVR$wqZL,Pipe Types:DYKA PE Binnenriolering_PE:2746038,-
3xReJbhUv8lgHKMVR$wqbG,Pipe Types:DYKA PE Binnenriolering_PE:2746163,-
3xReJbhUv8lgHKMVR$wqbV,Pipe Types:DYKA PE Binnenriolering_PE:2746172,-
3xReJbhUv8lgHKMVR$wqdF,Pipe Types:DYKA PE Binnenriolering_PE:2746284,-
0JC1q9ku1CuASxNkYmRMbr,Pipe Types:DYKA PE Binnenriolering_PE:2835918,-
0JC1q9ku1CuASxNkYmRMhO,Pipe Types:DYKA PE Binnenriolering_PE:2836067,-
26RRQMl0b6ZuBSZ8y44cng,Pipe Types:DYKA PE Binnenriolering_PE:2959418,-
26RRQMl0b6ZuBSZ8y44coQ,Pipe Types:DYKA PE Binnenriolering_PE:2959562,-
26RRQMl0b6ZuBSZ8y44cYc,Pipe Types:DYKA PE Binnenriolering_PE:2960630,-
26RRQMl0b6ZuBSZ8y44cjm,Pipe Types:DYKA PE Binnenriolering_PE:2961184,-
26RRQMl0b6ZuBSZ8y44WSD,Pipe Types:DYKA PE Binnenriolering_PE:2966365,-
26RRQMl0b6ZuBSZ8y44WSF,Pipe Types:DYKA PE Binnenriolering_PE:2966367,-
26RRQMl0b6ZuBSZ8y44WSp,Pipe Types:DYKA PE Binnenriolering_PE:2966371,-
26RRQMl0b6ZuBSZ8y44WSv,Pipe Types:DYKA PE Binnenriolering_PE:2966377,-
25PxAzyWH0zOSQ876sl0Gg,Pipe Types:DYKA PE Binnenriolering_PE:2968867,-
25PxAzyWH0zOSQ876sl0Gi,Pipe Types:DYKA PE Binnenriolering_PE:2968869,-
25PxAzyWH0zOSQ876sl0GW,Pipe Types:DYKA PE Binnenriolering_PE:2968873,-
25PxAzyWH0zOSQ876sl0Gc,Pipe Types:DYKA PE Binnenriolering_PE:2968879,-
25PxAzyWH0zOSQ876sl0S5,Pipe Types:DYKA PE Binnenriolering_PE:2969100,-
25PxAzyWH0zOSQ876sl0S7,Pipe Types:DYKA PE Binnenriolering_PE:2969102,-
25PxAzyWH0zOSQ876sl0SR,Pipe Types:DYKA PE Binnenriolering_PE:2969106,-
25PxAzyWH0zOSQ876sl0SH,Pipe Types:DYKA PE Binnenriolering_PE:2969112,-
25PxAzyWH0zOSQ876sl0Sz,Pipe Types:DYKA PE Binnenriolering_PE:2969140,-
25PxAzyWH0zOSQ876sl0S$,Pipe Types:DYKA PE Binnenriolering_PE:2969142,-
25PxAzyWH0zOSQ876sl0Sp,Pipe Types:DYKA PE Binnenriolering_PE:2969146,-
25PxAzyWH0zOSQ876sl0T9,Pipe Types:DYKA PE Binnenriolering_PE:2969152,-
25PxAzyWH0zOSQ876sl0T0,Pipe Types:DYKA PE Binnenriolering_PE:2969161,-
25PxAzyWH0zOSQ876sl0T2,Pipe Types:DYKA PE Binnenriolering_PE:2969163,-
25PxAzyWH0zOSQ876sl0T6,Pipe Types:DYKA PE Binnenriolering_PE:2969167,-
25PxAzyWH0zOSQ876sl0TS,Pipe Types:DYKA PE Binnenriolering_PE:2969173,-
25PxAzyWH0zOSQ876sl0TN,Pipe Types:DYKA PE Binnenriolering_PE:2969182,-
25PxAzyWH0zOSQ876sl0Tf,Pipe Types:DYKA PE Binnenriolering_PE:2969184,-
25PxAzyWH0zOSQ876sl0Tj,Pipe Types:DYKA PE Binnenriolering_PE:2969188,-
25PxAzyWH0zOSQ876sl0TZ,Pipe Types:DYKA PE Binnenriolering_PE:2969194,-
25PxAzyWH0zOSQ876sl0Tw,Pipe Types:DYKA PE Binnenriolering_PE:2969203,-
25PxAzyWH0zOSQ876sl0Ty,Pipe Types:DYKA PE Binnenriolering_PE:2969205,-
25PxAzyWH0zOSQ876sl0Tm,Pipe Types:DYKA PE Binnenriolering_PE:2969209,-
25PxAzyWH0zOSQ876sl0Ts,Pipe Types:DYKA PE Binnenriolering_PE:2969215,-
25PxAzyWH0zOSQ876sl0U1,Pipe Types:DYKA PE Binnenriolering_PE:2969224,-
25PxAzyWH0zOSQ876sl0U3,Pipe Types:DYKA PE Binnenriolering_PE:2969226,-
25PxAzyWH0zOSQ876sl0U7,Pipe Types:DYKA PE Binnenriolering_PE:2969230,-
25PxAzyWH0zOSQ876sl0UT,Pipe Types:DYKA PE Binnenriolering_PE:2969236,-
25PxAzyWH0zOSQ876sl0UK,Pipe Types:DYKA PE Binnenriolering_PE:2969245,-
25PxAzyWH0zOSQ876sl0UM,Pipe Types:DYKA PE Binnenriolering_PE:2969247,-
25PxAzyWH0zOSQ876sl0Ug,Pipe Types:DYKA PE Binnenriolering_PE:2969251,-
25PxAzyWH0zOSQ876sl0UW,Pipe Types:DYKA PE Binnenriolering_PE:2969257,-
25PxAzyWH0zOSQ876sl0Ux,Pipe Types:DYKA PE Binnenriolering_PE:2969266,-
25PxAzyWH0zOSQ876sl0Uz,Pipe Types:DYKA PE Binnenriolering_PE:2969268,-
25PxAzyWH0zOSQ876sl0Un,Pipe Types:DYKA PE Binnenriolering_PE:2969272,-
25PxAzyWH0zOSQ876sl0Ut,Pipe Types:DYKA PE Binnenriolering_PE:2969278,-
25PxAzyWH0zOSQ876sl0QO,Pipe Types:DYKA PE Binnenriolering_PE:2969489,-
25PxAzyWH0zOSQ876sl0QQ,Pipe Types:DYKA PE Binnenriolering_PE:2969491,-
25PxAzyWH0zOSQ876sl0QU,Pipe Types:DYKA PE Binnenriolering_PE:2969495,-
25PxAzyWH0zOSQ876sl0QK,Pipe Types:DYKA PE Binnenriolering_PE:2969501,-
25PxAzyWH0zOSQ876sl0Qm,Pipe Types:DYKA PE Binnenriolering_PE:2969529,-
25PxAzyWH0zOSQ876sl0Qo,Pipe Types:DYKA PE Binnenriolering_PE:2969531,-
25PxAzyWH0zOSQ876sl0Qs,Pipe Types:DYKA PE Binnenriolering_PE:2969535,-
25PxAzyWH0zOSQ876sl0RC,Pipe Types:DYKA PE Binnenriolering_PE:2969541,-
25PxAzyWH0zOSQ876sl0R7,Pipe Types:DYKA PE Binnenriolering_PE:2969550,-
25PxAzyWH0zOSQ876sl0RP,Pipe Types:DYKA PE Binnenriolering_PE:2969552,-
25PxAzyWH0zOSQ876sl0RT,Pipe Types:DYKA PE Binnenriolering_PE:2969556,-
25PxAzyWH0zOSQ876sl0RJ,Pipe Types:DYKA PE Binnenriolering_PE:2969562,-
25PxAzyWH0zOSQ876sl0Rg,Pipe Types:DYKA PE Binnenriolering_PE:2969571,-
25PxAzyWH0zOSQ876sl0Ri,Pipe Types:DYKA PE Binnenriolering_PE:2969573,-
25PxAzyWH0zOSQ876sl0RW,Pipe Types:DYKA PE Binnenriolering_PE:2969577,-
25PxAzyWH0zOSQ876sl0Rc,Pipe Types:DYKA PE Binnenriolering_PE:2969583,-
25PxAzyWH0zOSQ876sl0Rn,Pipe Types:DYKA PE Binnenriolering_PE:2969592,-
25PxAzyWH0zOSQ876sl0Rp,Pipe Types:DYKA PE Binnenriolering_PE:2969594,-
25PxAzyWH0zOSQ876sl0Rt,Pipe Types:DYKA PE Binnenriolering_PE:2969598,-
25PxAzyWH0zOSQ876sl1aD,Pipe Types:DYKA PE Binnenriolering_PE:2969604,-
25PxAzyWH0zOSQ876sl1a4,Pipe Types:DYKA PE Binnenriolering_PE:2969613,-
25PxAzyWH0zOSQ876sl1a6,Pipe Types:DYKA PE Binnenriolering_PE:2969615,-
25PxAzyWH0zOSQ876sl1aQ,Pipe Types:DYKA PE Binnenriolering_PE:2969619,-
25PxAzyWH0zOSQ876sl1aG,Pipe Types:DYKA PE Binnenriolering_PE:2969625,-
25PxAzyWH0zOSQ876sl1ah,Pipe Types:DYKA PE Binnenriolering_PE:2969634,-
25PxAzyWH0zOSQ876sl1aj,Pipe Types:DYKA PE Binnenriolering_PE:2969636,-
25PxAzyWH0zOSQ876sl1aX,Pipe Types:DYKA PE Binnenriolering_PE:2969640,-
25PxAzyWH0zOSQ876sl1ad,Pipe Types:DYKA PE Binnenriolering_PE:2969646,-
25PxAzyWH0zOSQ876sl1a_,Pipe Types:DYKA PE Binnenriolering_PE:2969655,-
25PxAzyWH0zOSQ876sl1am,Pipe Types:DYKA PE Binnenriolering_PE:2969657,-
25PxAzyWH0zOSQ876sl1aq,Pipe Types:DYKA PE Binnenriolering_PE:2969661,-
25PxAzyWH0zOSQ876sl1bA,Pipe Types:DYKA PE Binnenriolering_PE:2969667,-
3rLAlaOG5FcepOdhfUZpS2,Pipe Types:DYKA PE Binnenriolering_PE:2978495,-
3rLAlaOG5FcepOdhfUZpTw,Pipe Types:DYKA PE Binnenriolering_PE:2978503,-
3rLAlaOG5FcepOdhfUZpTs,Pipe Types:DYKA PE Binnenriolering_PE:2978507,-
3rLAlaOG5FcepOdhfUZpTm,Pipe Types:DYKA PE Binnenriolering_PE:2978509,-
3rLAlaOG5FcepOdhfUZpTk,Pipe Types:DYKA PE Binnenriolering_PE:2978515,-
3rLAlaOG5FcepOdhfUZpTe,Pipe Types:DYKA PE Binnenriolering_PE:2978517,-
3rLAlaOG5FcepOdhfUZpTc,Pipe Types:DYKA PE Binnenriolering_PE:2978523,-
3rLAlaOG5FcepOdhfUZpTW,Pipe Types:DYKA PE Binnenriolering_PE:2978525,-
3rLAlaOG5FcepOdhfUZpTU,Pipe Types:DYKA PE Binnenriolering_PE:2978531,-
3rLAlaOG5FcepOdhfUZpTO,Pipe Types:DYKA PE Binnenriolering_PE:2978533,-
2qw0i0p311Ew26D8f8cGAR,Pipe Types:DYKA PE Binnenriolering_PE:2991219,-
2qw0i0p311Ew26D8f8cGAH,Pipe Types:DYKA PE Binnenriolering_PE:2991225,-
2qw0i0p311Ew26D8f8cG62,Pipe Types:DYKA PE Binnenriolering_PE:2991978,-
2qw0i0p311Ew26D8f8cHTs,Pipe Types:DYKA PE Binnenriolering_PE:2994590,-
2qw0i0p311Ew26D8f8cHT8,Pipe Types:DYKA PE Binnenriolering_PE:2994592,-
2qw0i0p311Ew26D8f8cHTC,Pipe Types:DYKA PE Binnenriolering_PE:2994596,-
2qw0i0p311Ew26D8f8cHL7,Pipe Types:DYKA PE Binnenriolering_PE:2995119,-
2qw0i0p311Ew26D8f8cHLP,Pipe Types:DYKA PE Binnenriolering_PE:2995121,-
2qw0i0p311Ew26D8f8cHLT,Pipe Types:DYKA PE Binnenriolering_PE:2995125,-
2qw0i0p311Ew26D8f8cHFZ,Pipe Types:DYKA PE Binnenriolering_PE:2995467,-
2qw0i0p311Ew26D8f8cHFb,Pipe Types:DYKA PE Binnenriolering_PE:2995469,-
2qw0i0p311Ew26D8f8cHFv,Pipe Types:DYKA PE Binnenriolering_PE:2995473,-
2qw0i0p311Ew26D8f8cHdK,Pipe Types:DYKA PE Binnenriolering_PE:2998076,-
2qw0i0p311Ew26D8f8cMSg,Pipe Types:DYKA PE Binnenriolering_PE:2998722,-
2oZ4ZU3aX2CgrcjYcRIgyp,Pipe Types:DYKA PE Binnenriolering_PE:3005068,-
2oZ4ZU3aX2CgrcjYcRIgyj,Pipe Types:DYKA PE Binnenriolering_PE:3005074,-
2oZ4ZU3aX2CgrcjYcRIgb0,Pipe Types:DYKA PE Binnenriolering_PE:3005695,-
2oZ4ZU3aX2CgrcjYcRIgYw,Pipe Types:DYKA PE Binnenriolering_PE:3005701,-
2oZ4ZU3aX2CgrcjYcRIgXv,Pipe Types:DYKA PE Binnenriolering_PE:3005894,-
2oZ4ZU3aX2CgrcjYcRIgXp,Pipe Types:DYKA PE Binnenriolering_PE:3005900,-
2oZ4ZU3aX2CgrcjYcRIgiL,Pipe Types:DYKA PE Binnenriolering_PE:3006122,-
2oZ4ZU3aX2CgrcjYcRIgiF,Pipe Types:DYKA PE Binnenriolering_PE:3006128,-
2oZ4ZU3aX2CgrcjYcRIghE,Pipe Types:DYKA PE Binnenriolering_PE:3006321,-
2oZ4ZU3aX2CgrcjYcRIgh8,Pipe Types:DYKA PE Binnenriolering_PE:3006327,-
3JSK3P1Lr3pOUEHB3juaAi,Pipe Types:DYKA PE Binnenriolering_PE:3010499,-
3JSK3P1Lr3pOUEHB3juaAg,Pipe Types:DYKA PE Binnenriolering_PE:3010501,-
3JSK3P1Lr3pOUEHB3juaAc,Pipe Types:DYKA PE Binnenriolering_PE:3010505,-
3JSK3P1Lr3pOUEHB3juaAW,Pipe Types:DYKA PE Binnenriolering_PE:3010511,-
3JSK3P1Lr3pOUEHB3jubqt,Pipe Types:DYKA PE Binnenriolering_PE:3010648,-
3JSK3P1Lr3pOUEHB3jubqr,Pipe Types:DYKA PE Binnenriolering_PE:3010650,-
3JSK3P1Lr3pOUEHB3jubqn,Pipe Types:DYKA PE Binnenriolering_PE:3010654,-
3JSK3P1Lr3pOUEHB3jubqB,Pipe Types:DYKA PE Binnenriolering_PE:3010660,-
0v9RbY4fLAvQDARC_a4z$r,Pipe Types:DYKA PE Binnenriolering_PE:3011351,-
0v9RbY4fLAvQDARC_a4z$x,Pipe Types:DYKA PE Binnenriolering_PE:3011353,-
0v9RbY4fLAvQDARC_a4z$$,Pipe Types:DYKA PE Binnenriolering_PE:3011357,-
0v9RbY4fLAvQDARC_a4z$1,Pipe Types:DYKA PE Binnenriolering_PE:3011363,-
3QJH1s1tnCPfil2lHoBJQT,Pipe Types:DYKA PE Binnenriolering_PE:3013201,-
3QJH1s1tnCPfil2lHoBJSM,Pipe Types:DYKA PE Binnenriolering_PE:3013594,-
3QJH1s1tnCPfil2lHoBJ5F,Pipe Types:DYKA PE Binnenriolering_PE:3014019,-
3QJH1s1tnCPfil2lHoBJ55,Pipe Types:DYKA PE Binnenriolering_PE:3014025,-
3QJH1s1tnCPfil2lHoBJ57,Pipe Types:DYKA PE Binnenriolering_PE:3014027,-
3QJH1s1tnCPfil2lHoBJ4V,Pipe Types:DYKA PE Binnenriolering_PE:3014099,-
3QJH1s1tnCPfil2lHoBJ4P,Pipe Types:DYKA PE Binnenriolering_PE:3014101,-
3QJH1s1tnCPfil2lHoBJ8Z,Pipe Types:DYKA PE Binnenriolering_PE:3014383,-
3QJH1s1tnCPfil2lHoBiux,Pipe Types:DYKA PE Binnenriolering_PE:3015415,-
3QJH1s1tnCPfil2lHoBiZF,Pipe Types:DYKA PE Binnenriolering_PE:3015683,-
3QJH1s1tnCPfil2lHoBiXn,Pipe Types:DYKA PE Binnenriolering_PE:3015869,-
3QJH1s1tnCPfil2lHoBicV,Pipe Types:DYKA PE Binnenriolering_PE:3016019,-
3QJH1s1tnCPfil2lHoBicG,Pipe Types:DYKA PE Binnenriolering_PE:3016028,-
3_DBBrhgb40A85JVW2tbPn,Pipe Types:DYKA PE Binnenriolering_PE:3016371,-
3_DBBrhgb40A85JVW2tbWm,Pipe Types:DYKA PE Binnenriolering_PE:3016946,-
3_DBBrhgb40A85JVW2tbsg,Pipe Types:DYKA PE Binnenriolering_PE:3018088,-
3vsq7dLu93dvdGCi6Sb0IH,Pipe Types:DYKA PE Binnenriolering_PE:3021348,-
3vsq7dLu93dvdGCi6Sb0IT,Pipe Types:DYKA PE Binnenriolering_PE:3021352,-
3vsq7dLu93dvdGCi6Sb0I5,Pipe Types:DYKA PE Binnenriolering_PE:3021360,-
3vsq7dLu93dvdGCi6Sb0JN,Pipe Types:DYKA PE Binnenriolering_PE:3021410,-
3vsq7dLu93dvdGCi6Sb3IF,Pipe Types:DYKA PE Binnenriolering_PE:3025466,-
3vsq7dLu93dvdGCi6Sb3Ne,Pipe Types:DYKA PE Binnenriolering_PE:3025757,-
3vsq7dLu93dvdGCi6Sb3NK,Pipe Types:DYKA PE Binnenriolering_PE:3025761,-
3vsq7dLu93dvdGCi6Sb3NM,Pipe Types:DYKA PE Binnenriolering_PE:3025763,-
3vsq7dLu93dvdGCi6Sb3NI,Pipe Types:DYKA PE Binnenriolering_PE:3025767,-
3vsq7dLu93dvdGCi6Sb3NU,Pipe Types:DYKA PE Binnenriolering_PE:3025771,-
3vsq7dLu93dvdGCi6Sb3NQ,Pipe Types:DYKA PE Binnenriolering_PE:3025775,-
3vsq7dLu93dvdGCi6Sb3N2,Pipe Types:DYKA PE Binnenriolering_PE:3025783,-
3vsq7dLu93dvdGCi6Sb3NA,Pipe Types:DYKA PE Binnenriolering_PE:3025791,-
3vsq7dLu93dvdGCi6Sb3Ks,Pipe Types:DYKA PE Binnenriolering_PE:3025795,-
3vsq7dLu93dvdGCi6Sb3Km,Pipe Types:DYKA PE Binnenriolering_PE:3025797,-
3vsq7dLu93dvdGCi6Sb3K_,Pipe Types:DYKA PE Binnenriolering_PE:3025803,-
3vsq7dLu93dvdGCi6Sb3Ku,Pipe Types:DYKA PE Binnenriolering_PE:3025805,-
3vsq7dLu93dvdGCi6Sb3Kc,Pipe Types:DYKA PE Binnenriolering_PE:3025811,-
3vsq7dLu93dvdGCi6Sb3KW,Pipe Types:DYKA PE Binnenriolering_PE:3025813,-
3vsq7dLu93dvdGCi6Sb3Kk,Pipe Types:DYKA PE Binnenriolering_PE:3025819,-
3vsq7dLu93dvdGCi6Sb3Ke,Pipe Types:DYKA PE Binnenriolering_PE:3025821,-
3vsq7dLu93dvdGCi6Sb3K0,Pipe Types:DYKA PE Binnenriolering_PE:3025845,-
3vsq7dLu93dvdGCi6Sb3KE,Pipe Types:DYKA PE Binnenriolering_PE:3025851,-
3vsq7dLu93dvdGCi6Sb3K8,Pipe Types:DYKA PE Binnenriolering_PE:3025853,-
3vsq7dLu93dvdGCi6Sb3Ls,Pipe Types:DYKA PE Binnenriolering_PE:3025859,-
3vsq7dLu93dvdGCi6Sb3Lm,Pipe Types:DYKA PE Binnenriolering_PE:3025861,-
3vsq7dLu93dvdGCi6Sb3Lz,Pipe Types:DYKA PE Binnenriolering_PE:3025864,-
3vsq7dLu93dvdGCi6Sb3Li,Pipe Types:DYKA PE Binnenriolering_PE:3025881,-
3vsq7dLu93dvdGCi6Sb3Lk,Pipe Types:DYKA PE Binnenriolering_PE:3025883,-
3vsq7dLu93dvdGCi6Sb3Lg,Pipe Types:DYKA PE Binnenriolering_PE:3025887,-
3vsq7dLu93dvdGCi6Sb3LK,Pipe Types:DYKA PE Binnenriolering_PE:3025889,-
3m4UThm5bEOuJ1uFanlwwt,Pipe Types:DYKA PE Binnenriolering_PE:3026502,-
3m4UThm5bEOuJ1uFanlwwv,Pipe Types:DYKA PE Binnenriolering_PE:3026504,-
3m4UThm5bEOuJ1uFanlwwz,Pipe Types:DYKA PE Binnenriolering_PE:3026508,-
3m4UThm5bEOuJ1uFanlwwZ,Pipe Types:DYKA PE Binnenriolering_PE:3026514,-
3m4UThm5bEOuJ1uFanlwwf,Pipe Types:DYKA PE Binnenriolering_PE:3026520,-
3m4UThm5bEOuJ1uFanlwwh,Pipe Types:DYKA PE Binnenriolering_PE:3026522,-
3m4UThm5bEOuJ1uFanlwwl,Pipe Types:DYKA PE Binnenriolering_PE:3026526,-
3m4UThm5bEOuJ1uFanlwwL,Pipe Types:DYKA PE Binnenriolering_PE:3026532,-
3m4UThm5bEOuJ1uFanlw_0,Pipe Types:DYKA PE Binnenriolering_PE:3026801,-
3m4UThm5bEOuJ1uFanlw_2,Pipe Types:DYKA PE Binnenriolering_PE:3026803,-
3m4UThm5bEOuJ1uFanlw_6,Pipe Types:DYKA PE Binnenriolering_PE:3026807,-
3m4UThm5bEOuJ1uFanlw_C,Pipe Types:DYKA PE Binnenriolering_PE:3026813,-
3m4UThm5bEOuJ1uFanlwzo,Pipe Types:DYKA PE Binnenriolering_PE:3026819,-
3m4UThm5bEOuJ1uFanlwzq,Pipe Types:DYKA PE Binnenriolering_PE:3026821,-
3m4UThm5bEOuJ1uFanlwzu,Pipe Types:DYKA PE Binnenriolering_PE:3026825,-
3m4UThm5bEOuJ1uFanlwz_,Pipe Types:DYKA PE Binnenriolering_PE:3026831,-
3m4UThm5bEOuJ1uFanlx1j,Pipe Types:DYKA PE Binnenriolering_PE:3027100,-
3m4UThm5bEOuJ1uFanlx1l,Pipe Types:DYKA PE Binnenriolering_PE:3027102,-
3m4UThm5bEOuJ1uFanlx1J,Pipe Types:DYKA PE Binnenriolering_PE:3027106,-
3m4UThm5bEOuJ1uFanlx1P,Pipe Types:DYKA PE Binnenriolering_PE:3027112,-
3m4UThm5bEOuJ1uFanlx1V,Pipe Types:DYKA PE Binnenriolering_PE:3027118,-
3m4UThm5bEOuJ1uFanlx11,Pipe Types:DYKA PE Binnenriolering_PE:3027120,-
3m4UThm5bEOuJ1uFanlx15,Pipe Types:DYKA PE Binnenriolering_PE:3027124,-
3m4UThm5bEOuJ1uFanlx1B,Pipe Types:DYKA PE Binnenriolering_PE:3027130,-
1CnWacYhXBgArxAkAnmcZc,Pipe Types:DYKA PE Binnenriolering_PE:3027509,-
1CnWacYhXBgArxAkAnmcZa,Pipe Types:DYKA PE Binnenriolering_PE:3027511,-
1CnWacYhXBgArxAkAnmcZe,Pipe Types:DYKA PE Binnenriolering_PE:3027515,-
1CnWacYhXBgArxAkAnmcYI,Pipe Types:DYKA PE Binnenriolering_PE:3027521,-
1CnWacYhXBgArxAkAnmcYK,Pipe Types:DYKA PE Binnenriolering_PE:3027527,-
1CnWacYhXBgArxAkAnmcYQ,Pipe Types:DYKA PE Binnenriolering_PE:3027529,-
1CnWacYhXBgArxAkAnmcYU,Pipe Types:DYKA PE Binnenriolering_PE:3027533,-
1CnWacYhXBgArxAkAnmcY0,Pipe Types:DYKA PE Binnenriolering_PE:3027539,-
1CnWacYhXBgArxAkAnmcDJ,Pipe Types:DYKA PE Binnenriolering_PE:3029376,-
1CnWacYhXBgArxAkAnmcDH,Pipe Types:DYKA PE Binnenriolering_PE:3029378,-
1CnWacYhXBgArxAkAnmcDL,Pipe Types:DYKA PE Binnenriolering_PE:3029382,-
3tcxxA0$n16PcOzvpdUN7m,Pipe Types:DYKA PE Binnenriolering_PE:3032037,-
3tcxxA0$n16PcOzvpdUNV1,Pipe Types:DYKA PE Binnenriolering_PE:3032532,-
3tcxxA0$n16PcOzvpdUNGl,Pipe Types:DYKA PE Binnenriolering_PE:3032634,-
3tcxxA0$n16PcOzvpdUNIv,Pipe Types:DYKA PE Binnenriolering_PE:3032748,-
3tcxxA0$n16PcOzvpdUNea,Pipe Types:DYKA PE Binnenriolering_PE:3033137,-
3tcxxA0$n16PcOzvpdUMCt,Pipe Types:DYKA PE Binnenriolering_PE:3035426,-
0e27GKX4fEUOi_YGLe2diJ,Pipe Types:DYKA PE Binnenriolering_PE:3038439,-
0e27GKX4fEUOi_YGLe2diV,Pipe Types:DYKA PE Binnenriolering_PE:3038443,-
0e27GKX4fEUOi_YGLe2diP,Pipe Types:DYKA PE Binnenriolering_PE:3038445,-
0e27GKX4fEUOi_YGLe2di7,Pipe Types:DYKA PE Binnenriolering_PE:3038451,-
0e27GKX4fEUOi_YGLe2di3,Pipe Types:DYKA PE Binnenriolering_PE:3038455,-
0e27GKX4fEUOi_YGLe2dgR,Pipe Types:DYKA PE Binnenriolering_PE:3038575,-
08n1U5oc5CM9q_tZcT5Pue,Pipe Types:DYKA PE Binnenriolering_PE:3040953,-
3sOSG5G4n9dfUZlj2q6PqV,Pipe Types:DYKA PE Binnenriolering_PE:3043535,-
3sOSG5G4n9dfUZlj2q6Pq7,Pipe Types:DYKA PE Binnenriolering_PE:3043543,-
3sOSG5G4n9dfUZlj2q6PpP,Pipe Types:DYKA PE Binnenriolering_PE:3043593,-
3sOSG5G4n9dfUZlj2q6Pdp,Pipe Types:DYKA PE Binnenriolering_PE:3044387,-
38$xDr2695aQLTjugc1y5R,Pipe Types:DYKA PE Binnenriolering_PE:3045077,-
38$xDr2695aQLTjugc1y5J,Pipe Types:DYKA PE Binnenriolering_PE:3045085,-
38$xDr2695aQLTjugc1y27,Pipe Types:DYKA PE Binnenriolering_PE:3045129,-
38$xDr2695aQLTjugc1y3f,Pipe Types:DYKA PE Binnenriolering_PE:3045223,-
38$xDr2695aQLTjugc1y_P,Pipe Types:DYKA PE Binnenriolering_PE:3045399,-
38$xDr2695aQLTjugc1y_l,Pipe Types:DYKA PE Binnenriolering_PE:3045409,-
04f7WHQ7T0pAdSe3HgVlfQ,Pipe Types:DYKA PE Binnenriolering_PE:3045558,-
04f7WHQ7T0pAdSe3HgVlfM,Pipe Types:DYKA PE Binnenriolering_PE:3045562,-
04f7WHQ7T0pAdSe3HgVlfG,Pipe Types:DYKA PE Binnenriolering_PE:3045564,-
04f7WHQ7T0pAdSe3HgVlek,Pipe Types:DYKA PE Binnenriolering_PE:3045570,-
04f7WHQ7T0pAdSe3HgVleg,Pipe Types:DYKA PE Binnenriolering_PE:3045574,-
04f7WHQ7T0pAdSe3HgVllI,Pipe Types:DYKA PE Binnenriolering_PE:3045694,-
04f7WHQ7T0pAdSe3HgVljW,Pipe Types:DYKA PE Binnenriolering_PE:3045772,-
04f7WHQ7T0pAdSe3HgVljy,Pipe Types:DYKA PE Binnenriolering_PE:3045776,-
04f7WHQ7T0pAdSe3HgVlj_,Pipe Types:DYKA PE Binnenriolering_PE:3045778,-
04f7WHQ7T0pAdSe3HgVljq,Pipe Types:DYKA PE Binnenriolering_PE:3045784,-
04f7WHQ7T0pAdSe3HgVljm,Pipe Types:DYKA PE Binnenriolering_PE:3045788,-
04f7WHQ7T0pAdSe3HgVlZu,Pipe Types:DYKA PE Binnenriolering_PE:3045908,-
1GX2mCxe520AQDxCV2Tzm1,Pipe Types:DYKA PE Binnenriolering_PE:3046104,-
1GX2mCxe520AQDxCV2Tzmv,Pipe Types:DYKA PE Binnenriolering_PE:3046112,-
1GX2mCxe520AQDxCV2TztL,Pipe Types:DYKA PE Binnenriolering_PE:3046156,-
1GX2mCxe520AQDxCV2Tzsp,Pipe Types:DYKA PE Binnenriolering_PE:3046250,-
1GX2mCxe520AQDxCV2Tzr4,Pipe Types:DYKA PE Binnenriolering_PE:3046301,-
1GX2mCxe520AQDxCV2Tzry,Pipe Types:DYKA PE Binnenriolering_PE:3046309,-
1GX2mCxe520AQDxCV2Tzq8,Pipe Types:DYKA PE Binnenriolering_PE:3046353,-
1GX2mCxe520AQDxCV2Tzhs,Pipe Types:DYKA PE Binnenriolering_PE:3046447,-
1GX2mCxe520AQDxCV2Tzkt,Pipe Types:DYKA PE Binnenriolering_PE:3046766,-
1GX2mCxe520AQDxCV2Tzkd,Pipe Types:DYKA PE Binnenriolering_PE:3046782,-
1GdHY8r_93zuI6_7AuBF6i,Pipe Types:DYKA PE Binnenriolering_PE:3047210,-
1GdHY8r_93zuI6_7AuBF6e,Pipe Types:DYKA PE Binnenriolering_PE:3047214,-
1GdHY8r_93zuI6_7AuBF6s,Pipe Types:DYKA PE Binnenriolering_PE:3047216,-
1GdHY8r_93zuI6_7AuBF6m,Pipe Types:DYKA PE Binnenriolering_PE:3047222,-
1GdHY8r_93zuI6_7AuBF6y,Pipe Types:DYKA PE Binnenriolering_PE:3047226,-
1GdHY8r_93zuI6_7AuBF4q,Pipe Types:DYKA PE Binnenriolering_PE:3047346,-
1GdHY8r_93zuI6_7AuB0w6,Pipe Types:DYKA PE Binnenriolering_PE:3047424,-
1GdHY8r_93zuI6_7AuB0w2,Pipe Types:DYKA PE Binnenriolering_PE:3047428,-
1GdHY8r_93zuI6_7AuB0w0,Pipe Types:DYKA PE Binnenriolering_PE:3047430,-
1GdHY8r_93zuI6_7AuB0wA,Pipe Types:DYKA PE Binnenriolering_PE:3047436,-
1GdHY8r_93zuI6_7AuB0wM,Pipe Types:DYKA PE Binnenriolering_PE:3047440,-
1GdHY8r_93zuI6_7AuB0uE,Pipe Types:DYKA PE Binnenriolering_PE:3047560,-
3sNlzCHh52T8mFDI12KocH,Pipe Types:DYKA PE Binnenriolering_PE:3050331,-
3sNlzCHh52T8mFDI12Kord,Pipe Types:DYKA PE Binnenriolering_PE:3051437,-
3sNlzCHh52T8mFDI12KpB2,Pipe Types:DYKA PE Binnenriolering_PE:3051528,-
3sNlzCHh52T8mFDI12KpDy,Pipe Types:DYKA PE Binnenriolering_PE:3051958,-
3sNlzCHh52T8mFDI12KpDs,Pipe Types:DYKA PE Binnenriolering_PE:3051964,-
3sNlzCHh52T8mFDI12KpDq,Pipe Types:DYKA PE Binnenriolering_PE:3051966,-
1wA4Rc0Jf7efOeiEgNIPki,Pipe Types:DYKA PE Binnenriolering_PE:3058145,-
1wA4Rc0Jf7efOeiEgNIPea,Pipe Types:DYKA PE Binnenriolering_PE:3058155,-
1wA4Rc0Jf7efOeiEgNIPf7,Pipe Types:DYKA PE Binnenriolering_PE:3058168,-
1wA4Rc0Jf7efOeiEgNIPYt,Pipe Types:DYKA PE Binnenriolering_PE:3058569,-
1wA4Rc0Jf7efOeiEgNIPYd,Pipe Types:DYKA PE Binnenriolering_PE:3058585,-
3sy4PbtEP5Xe9US22DjRyl,Pipe Types:DYKA PE Binnenriolering_PE:3059209,-
3sy4PbtEP5Xe9US22DjRyf,Pipe Types:DYKA PE Binnenriolering_PE:3059215,-
3sy4PbtEP5Xe9US22DjRyt,Pipe Types:DYKA PE Binnenriolering_PE:3059217,-
3sy4PbtEP5Xe9US22DjRy$,Pipe Types:DYKA PE Binnenriolering_PE:3059225,-
3sy4PbtEP5Xe9US22DjRyx,Pipe Types:DYKA PE Binnenriolering_PE:3059229,-
2u9Ytzkcf5u8p6s2vF2OS4,Pipe Types:DYKA PE Binnenriolering_PE:3062759,-
2u9Ytzkcf5u8p6s2vF2O4s,Pipe Types:DYKA PE Binnenriolering_PE:3063253,-
0zvqSv$PbF7fg_YdIgWCVk,Pipe Types:DYKA PE Binnenriolering_PE:3065580,-
0zvqSv$PbF7fg_YdIgWCVm,Pipe Types:DYKA PE Binnenriolering_PE:3065586,-
0zvqSv$PbF7fg_YdIgWCVs,Pipe Types:DYKA PE Binnenriolering_PE:3065588,-
0zvqSv$PbF7fg_YdIgWCjy,Pipe Types:DYKA PE Binnenriolering_PE:3066494,-
0zvqSv$PbF7fg_YdIgWDPe,Pipe Types:DYKA PE Binnenriolering_PE:3069802,-
0BgdV8k8vEMRpb7pLj5FWW,Pipe Types:DYKA PE Binnenriolering_PE:3071984,-
0BgdV8k8vEMRpb7pLj5CG0,Pipe Types:DYKA PE Binnenriolering_PE:3072976,-
1CdCfj1XfBBupNlfYpL9hw,Pipe Types:DYKA PE Binnenriolering_PE:3074666,-
1CdCfj1XfBBupNlfYpL9l1,Pipe Types:DYKA PE Binnenriolering_PE:3074897,-
37j7q8NJ180fEFOzdntD8a,Pipe Types:DYKA PE Binnenriolering_PE:3183066,-
0cgsUXmcf6P9GpsryLRKpv,Pipe Types:DYKA PE Binnenriolering_PE:3580494,-
0cgsUXmcf6P9GpsryLRKpd,Pipe Types:DYKA PE Binnenriolering_PE:3580496,-
0cgsUXmcf6P9GpsryLRKpZ,Pipe Types:DYKA PE Binnenriolering_PE:3580500,-
0cgsUXmcf6P9GpsryLRKpj,Pipe Types:DYKA PE Binnenriolering_PE:3580506,-
0cgsUXmcf6P9GpsryLRKni,Pipe Types:DYKA PE Binnenriolering_PE:3580635,-
0cgsUXmcf6P9GpsryLRKng,Pipe Types:DYKA PE Binnenriolering_PE:3580637,-
0cgsUXmcf6P9GpsryLRKnM,Pipe Types:DYKA PE Binnenriolering_PE:3580641,-
0cgsUXmcf6P9GpsryLRKnG,Pipe Types:DYKA PE Binnenriolering_PE:3580647,-
2AaVAoOlb8bQiBGM_Gc8Yp,Pipe Types:DYKA PE Binnenriolering_PE:3679301,-
2AaVAoOlb8bQiBGM_Gc8Yx,Pipe Types:DYKA PE Binnenriolering_PE:3679309,-
2AaVAoOlb8bQiBGM_Gc8YP,Pipe Types:DYKA PE Binnenriolering_PE:3679343,-
0b13hXuP99Qu14VQCmMBhK,Pipe Types:DYKA PE Binnenriolering_PE:3684906,-
0b13hXuP99Qu14VQCmMBlq,Pipe Types:DYKA PE Binnenriolering_PE:3685130,-
0b13hXuP99Qu14VQCmMBxf,Pipe Types:DYKA PE Binnenriolering_PE:3685911,-
0b13hXuP99Qu14VQCmMBvy,Pipe Types:DYKA PE Binnenriolering_PE:3686018,-
08TPSDlgn8Hv9fM3kauq8E,Pipe Types:DYKA PE Binnenriolering_PE:3712900,-
08TPSDlgn8Hv9fM3kauqsP,Pipe Types:DYKA PE Binnenriolering_PE:3713043,-
08TPSDlgn8Hv9fM3kauqsu,Pipe Types:DYKA PE Binnenriolering_PE:3713074,-
08TPSDlgn8Hv9fM3kauqoh,Pipe Types:DYKA PE Binnenriolering_PE:3713313,-
08TPSDlgn8Hv9fM3kauqwM,Pipe Types:DYKA PE Binnenriolering_PE:3713820,-
3n4avDspL8hPPKCqx8xOZ2,Pipe Types:DYKA PE Binnenriolering_PE:3714277,-
0UIga$zQD8agbjP9G9rOjX,Pipe Types:DYKA PE Binnenriolering_PE:3740602,-
06m7k5xOv6C9V17ZI83Yks,Pipe Types:DYKA PE Binnenriolering_PE:3740800,-
06m7k5xOv6C9V17ZI83Yka,Pipe Types:DYKA PE Binnenriolering_PE:3740818,-
1vHAmhvtXEE8csMnjLk9In,Pipe Types:DYKA PE Binnenriolering_PE:3741712,-
1vHAmhvtXEE8csMnjLk9Iy,Pipe Types:DYKA PE Binnenriolering_PE:3741725,-
1vHAmhvtXEE8csMnjLk9IG,Pipe Types:DYKA PE Binnenriolering_PE:3741745,-
21K8n$VWz7pAbdvBr6r3Hz,Pipe Types:DYKA PE Binnenriolering_PE:3753069,-
21K8n$VWz7pAbdvBr6r3SV,Pipe Types:DYKA PE Binnenriolering_PE:3753073,-
1pCZRt36fBDA2a$$JSoblh,Pipe Types:DYKA PE Binnenriolering_PE:3853302,-
1pCZRt36fBDA2a$$JSpCFo,Pipe Types:DYKA PE Binnenriolering_PE:3953647,-
1pCZRt36fBDA2a$$JSpCbm,Pipe Types:DYKA PE Binnenriolering_PE:3955053,-
1pCZRt36fBDA2a$$JSpCbo,Pipe Types:DYKA PE Binnenriolering_PE:3955055,-
1pCZRt36fBDA2a$$JSpCch,Pipe Types:DYKA PE Binnenriolering_PE:3955126,-
1pCZRt36fBDA2a$$JSpCcb,Pipe Types:DYKA PE Binnenriolering_PE:3955128,-
1pCZRt36fBDA2a$$JSpCdI,Pipe Types:DYKA PE Binnenriolering_PE:3955151,-
1pCZRt36fBDA2a$$JSpCdC,Pipe Types:DYKA PE Binnenriolering_PE:3955153,-
1pCZRt36fBDA2a$$JSpCdx,Pipe Types:DYKA PE Binnenriolering_PE:3955174,-
1pCZRt36fBDA2a$$JSpCdr,Pipe Types:DYKA PE Binnenriolering_PE:3955176,-
1pCZRt36fBDA2a$$JSpCdW,Pipe Types:DYKA PE Binnenriolering_PE:3955197,-
1pCZRt36fBDA2a$$JSpCdY,Pipe Types:DYKA PE Binnenriolering_PE:3955199,-
1pCZRt36fBDA2a$$JSpCe9,Pipe Types:DYKA PE Binnenriolering_PE:3955220,-
1pCZRt36fBDA2a$$JSpCeB,Pipe Types:DYKA PE Binnenriolering_PE:3955222,-
1pCZRt36fBDA2a$$JSpCes,Pipe Types:DYKA PE Binnenriolering_PE:3955243,-
1pCZRt36fBDA2a$$JSpCem,Pipe Types:DYKA PE Binnenriolering_PE:3955245,-
1pCZRt36fBDA2a$$JSpCfV,Pipe Types:DYKA PE Binnenriolering_PE:3955266,-
1pCZRt36fBDA2a$$JSpCfP,Pipe Types:DYKA PE Binnenriolering_PE:3955268,-
1pCZRt36fBDA2a$$JSpCf4,Pipe Types:DYKA PE Binnenriolering_PE:3955289,-
1pCZRt36fBDA2a$$JSpCf6,Pipe Types:DYKA PE Binnenriolering_PE:3955291,-
1pCZRt36fBDA2a$$JSpCfj,Pipe Types:DYKA PE Binnenriolering_PE:3955312,-
1pCZRt36fBDA2a$$JSpCfl,Pipe Types:DYKA PE Binnenriolering_PE:3955314,-
1pCZRt36fBDA2a$$JSpCgQ,Pipe Types:DYKA PE Binnenriolering_PE:3955335,-
1pCZRt36fBDA2a$$JSpCgK,Pipe Types:DYKA PE Binnenriolering_PE:3955337,-
1pCZRt36fBDA2a$$JSpCg3,Pipe Types:DYKA PE Binnenriolering_PE:3955358,-
1pCZRt36fBDA2a$$JSpCgz,Pipe Types:DYKA PE Binnenriolering_PE:3955360,-
1pCZRt36fBDA2a$$JSpChC,Pipe Types:DYKA PE Binnenriolering_PE:3955409,-
1pCZRt36fBDA2a$$JSpCqe,Pipe Types:DYKA PE Binnenriolering_PE:3956021,-
1pCZRt36fBDA2a$$JSpCqg,Pipe Types:DYKA PE Binnenriolering_PE:3956023,-
1Td8yXs3nB3xYBnZI48idd,Pipe Types:DYKA PE Binnenriolering_PE:3956241,-
2m7A27irTENRGpS_WTKvOW,Pipe Types:DYKA PE Binnenriolering_PE:3960218,-
2m7A27irTENRGpS_WTKvIQ,Pipe Types:DYKA PE Binnenriolering_PE:3960608,-
2m7A27irTENRGpS_WTKvII,Pipe Types:DYKA PE Binnenriolering_PE:3960616,-
2m7A27irTENRGpS_WTKvJo,Pipe Types:DYKA PE Binnenriolering_PE:3960648,-
2m7A27irTENRGpS_WTKvJs,Pipe Types:DYKA PE Binnenriolering_PE:3960652,-
2m7A27irTENRGpS_WTKvJq,Pipe Types:DYKA PE Binnenriolering_PE:3960654,-
2m7A27irTENRGpS_WTKui_,Pipe Types:DYKA PE Binnenriolering_PE:3960964,-
2m7A27irTENRGpS_WTKuio,Pipe Types:DYKA PE Binnenriolering_PE:3960968,-
2m7A27irTENRGpS_WTKuim,Pipe Types:DYKA PE Binnenriolering_PE:3960970,-
2m7A27irTENRGpS_WTKuif,Pipe Types:DYKA PE Binnenriolering_PE:3960979,-
2m7A27irTENRGpS_WTKuij,Pipe Types:DYKA PE Binnenriolering_PE:3960983,-
2m7A27irTENRGpS_WTKuiZ,Pipe Types:DYKA PE Binnenriolering_PE:3960985,-
2m7A27irTENRGpS_WTKuiO,Pipe Types:DYKA PE Binnenriolering_PE:3960994,-
2m7A27irTENRGpS_WTKuiS,Pipe Types:DYKA PE Binnenriolering_PE:3960998,-
2m7A27irTENRGpS_WTKuiI,Pipe Types:DYKA PE Binnenriolering_PE:3961000,-
2m7A27irTENRGpS_WTKuiB,Pipe Types:DYKA PE Binnenriolering_PE:3961009,-
2m7A27irTENRGpS_WTKuiF,Pipe Types:DYKA PE Binnenriolering_PE:3961013,-
2m7A27irTENRGpS_WTKuiD,Pipe Types:DYKA PE Binnenriolering_PE:3961015,-
2m7A27irTENRGpS_WTKugU,Pipe Types:DYKA PE Binnenriolering_PE:3961124,-
2m7A27irTENRGpS_WTKugI,Pipe Types:DYKA PE Binnenriolering_PE:3961128,-
2m7A27irTENRGpS_WTKugG,Pipe Types:DYKA PE Binnenriolering_PE:3961130,-
2m7A27irTENRGpS_WTKug9,Pipe Types:DYKA PE Binnenriolering_PE:3961139,-
2m7A27irTENRGpS_WTKugD,Pipe Types:DYKA PE Binnenriolering_PE:3961143,-
2m7A27irTENRGpS_WTKug3,Pipe Types:DYKA PE Binnenriolering_PE:3961145,-
2m7A27irTENRGpS_WTKuhu,Pipe Types:DYKA PE Binnenriolering_PE:3961154,-
2m7A27irTENRGpS_WTKuhy,Pipe Types:DYKA PE Binnenriolering_PE:3961158,-
2m7A27irTENRGpS_WTKuho,Pipe Types:DYKA PE Binnenriolering_PE:3961160,-
2m7A27irTENRGpS_WTKuhh,Pipe Types:DYKA PE Binnenriolering_PE:3961169,-
2m7A27irTENRGpS_WTKuhl,Pipe Types:DYKA PE Binnenriolering_PE:3961173,-
2m7A27irTENRGpS_WTKuhj,Pipe Types:DYKA PE Binnenriolering_PE:3961175,-
2m7A27irTENRGpS_WTKufO,Pipe Types:DYKA PE Binnenriolering_PE:3961314,-
2m7A27irTENRGpS_WTKucL,Pipe Types:DYKA PE Binnenriolering_PE:3961391,-
2m7A27irTENRGpS_WTKuc7,Pipe Types:DYKA PE Binnenriolering_PE:3961405,-
2m7A27irTENRGpS_WTKuwZ,Pipe Types:DYKA PE Binnenriolering_PE:3962137,-
2m7A27irTENRGpS_WTKuwd,Pipe Types:DYKA PE Binnenriolering_PE:3962141,-
2m7A27irTENRGpS_WTKuwb,Pipe Types:DYKA PE Binnenriolering_PE:3962143,-
2m7A27irTENRGpS_WTKuwI,Pipe Types:DYKA PE Binnenriolering_PE:3962152,-
2m7A27irTENRGpS_WTKuwM,Pipe Types:DYKA PE Binnenriolering_PE:3962156,-
2m7A27irTENRGpS_WTKuwK,Pipe Types:DYKA PE Binnenriolering_PE:3962158,-
2m7A27irTENRGpS_WTKuwD,Pipe Types:DYKA PE Binnenriolering_PE:3962167,-
2m7A27irTENRGpS_WTKuw1,Pipe Types:DYKA PE Binnenriolering_PE:3962171,-
2m7A27irTENRGpS_WTKuw7,Pipe Types:DYKA PE Binnenriolering_PE:3962173,-
2m7A27irTENRGpS_WTKuxy,Pipe Types:DYKA PE Binnenriolering_PE:3962182,-
2m7A27irTENRGpS_WTKuxm,Pipe Types:DYKA PE Binnenriolering_PE:3962186,-
2m7A27irTENRGpS_WTKuxs,Pipe Types:DYKA PE Binnenriolering_PE:3962188,-
2m7A27irTENRGpS_WTKuxl,Pipe Types:DYKA PE Binnenriolering_PE:3962197,-
2m7A27irTENRGpS_WTKuxZ,Pipe Types:DYKA PE Binnenriolering_PE:3962201,-
2m7A27irTENRGpS_WTKuxX,Pipe Types:DYKA PE Binnenriolering_PE:3962203,-
2m7A27irTENRGpS_WTKuxU,Pipe Types:DYKA PE Binnenriolering_PE:3962212,-
2m7A27irTENRGpS_WTKuxI,Pipe Types:DYKA PE Binnenriolering_PE:3962216,-
2m7A27irTENRGpS_WTKuxG,Pipe Types:DYKA PE Binnenriolering_PE:3962218,-
2m7A27irTENRGpS_WTKux9,Pipe Types:DYKA PE Binnenriolering_PE:3962227,-
2m7A27irTENRGpS_WTKuxD,Pipe Types:DYKA PE Binnenriolering_PE:3962231,-
2m7A27irTENRGpS_WTKux3,Pipe Types:DYKA PE Binnenriolering_PE:3962233,-
2m7A27irTENRGpS_WTKuuu,Pipe Types:DYKA PE Binnenriolering_PE:3962242,-
2m7A27irTENRGpS_WTKuuy,Pipe Types:DYKA PE Binnenriolering_PE:3962246,-
2m7A27irTENRGpS_WTKuuo,Pipe Types:DYKA PE Binnenriolering_PE:3962248,-
2m7A27irTENRGpS_WTKuuh,Pipe Types:DYKA PE Binnenriolering_PE:3962257,-
2m7A27irTENRGpS_WTKuul,Pipe Types:DYKA PE Binnenriolering_PE:3962261,-
2m7A27irTENRGpS_WTKuuj,Pipe Types:DYKA PE Binnenriolering_PE:3962263,-
2m7A27irTENRGpS_WTKuuQ,Pipe Types:DYKA PE Binnenriolering_PE:3962272,-
2m7A27irTENRGpS_WTKuuU,Pipe Types:DYKA PE Binnenriolering_PE:3962276,-
2m7A27irTENRGpS_WTKuuS,Pipe Types:DYKA PE Binnenriolering_PE:3962278,-
2m7A27irTENRGpS_WTKuuL,Pipe Types:DYKA PE Binnenriolering_PE:3962287,-
2m7A27irTENRGpS_WTKuu9,Pipe Types:DYKA PE Binnenriolering_PE:3962291,-
2m7A27irTENRGpS_WTKuuF,Pipe Types:DYKA PE Binnenriolering_PE:3962293,-
2m7A27irTENRGpS_WTKuu4,Pipe Types:DYKA PE Binnenriolering_PE:3962302,-
2m7A27irTENRGpS_WTKuvu,Pipe Types:DYKA PE Binnenriolering_PE:3962306,-
2m7A27irTENRGpS_WTKuv_,Pipe Types:DYKA PE Binnenriolering_PE:3962308,-
2m7A27irTENRGpS_WTKuvt,Pipe Types:DYKA PE Binnenriolering_PE:3962317,-
2m7A27irTENRGpS_WTKuvh,Pipe Types:DYKA PE Binnenriolering_PE:3962321,-
2m7A27irTENRGpS_WTKuvf,Pipe Types:DYKA PE Binnenriolering_PE:3962323,-
2m7A27irTENRGpS_WTKu6g,Pipe Types:DYKA PE Binnenriolering_PE:3963408,-
2m7A27irTENRGpS_WTKu7o,Pipe Types:DYKA PE Binnenriolering_PE:3963464,-
2m7A27irTENRGpS_WTKu7g,Pipe Types:DYKA PE Binnenriolering_PE:3963472,-
2m7A27irTENRGpS_WTKu3t,Pipe Types:DYKA PE Binnenriolering_PE:3963725,-
2m7A27irTENRGpS_WTKu3h,Pipe Types:DYKA PE Binnenriolering_PE:3963729,-
2m7A27irTENRGpS_WTKu3f,Pipe Types:DYKA PE Binnenriolering_PE:3963731,-
2m7A27irTENRGpS_WTKu3c,Pipe Types:DYKA PE Binnenriolering_PE:3963740,-
2m7A27irTENRGpS_WTKu3Q,Pipe Types:DYKA PE Binnenriolering_PE:3963744,-
2m7A27irTENRGpS_WTKu3O,Pipe Types:DYKA PE Binnenriolering_PE:3963746,-
2m7A27irTENRGpS_WTKu3H,Pipe Types:DYKA PE Binnenriolering_PE:3963755,-
2m7A27irTENRGpS_WTKu3L,Pipe Types:DYKA PE Binnenriolering_PE:3963759,-
2m7A27irTENRGpS_WTKu3B,Pipe Types:DYKA PE Binnenriolering_PE:3963761,-
2m7A27irTENRGpS_WTKu30,Pipe Types:DYKA PE Binnenriolering_PE:3963770,-
2m7A27irTENRGpS_WTKu34,Pipe Types:DYKA PE Binnenriolering_PE:3963774,-
2m7A27irTENRGpS_WTKu0w,Pipe Types:DYKA PE Binnenriolering_PE:3963776,-
2m7A27irTENRGpS_WTKu0p,Pipe Types:DYKA PE Binnenriolering_PE:3963785,-
2m7A27irTENRGpS_WTKu0t,Pipe Types:DYKA PE Binnenriolering_PE:3963789,-
2m7A27irTENRGpS_WTKu0r,Pipe Types:DYKA PE Binnenriolering_PE:3963791,-
2m7A27irTENRGpS_WTKu0Y,Pipe Types:DYKA PE Binnenriolering_PE:3963800,-
2m7A27irTENRGpS_WTKu0c,Pipe Types:DYKA PE Binnenriolering_PE:3963804,-
2m7A27irTENRGpS_WTKu0a,Pipe Types:DYKA PE Binnenriolering_PE:3963806,-
2m7A27irTENRGpS_WTKu0T,Pipe Types:DYKA PE Binnenriolering_PE:3963815,-
2m7A27irTENRGpS_WTKu0H,Pipe Types:DYKA PE Binnenriolering_PE:3963819,-
2m7A27irTENRGpS_WTKu0N,Pipe Types:DYKA PE Binnenriolering_PE:3963821,-
2m7A27irTENRGpS_WTKu0C,Pipe Types:DYKA PE Binnenriolering_PE:3963830,-
2m7A27irTENRGpS_WTKu00,Pipe Types:DYKA PE Binnenriolering_PE:3963834,-
2m7A27irTENRGpS_WTKu06,Pipe Types:DYKA PE Binnenriolering_PE:3963836,-
2m7A27irTENRGpS_WTKu1$,Pipe Types:DYKA PE Binnenriolering_PE:3963845,-
2m7A27irTENRGpS_WTKu1p,Pipe Types:DYKA PE Binnenriolering_PE:3963849,-
2m7A27irTENRGpS_WTKu1n,Pipe Types:DYKA PE Binnenriolering_PE:3963851,-
2m7A27irTENRGpS_WTKu1k,Pipe Types:DYKA PE Binnenriolering_PE:3963860,-
2m7A27irTENRGpS_WTKu1Y,Pipe Types:DYKA PE Binnenriolering_PE:3963864,-
2m7A27irTENRGpS_WTKu1W,Pipe Types:DYKA PE Binnenriolering_PE:3963866,-
2m7A27irTENRGpS_WTKu1P,Pipe Types:DYKA PE Binnenriolering_PE:3963875,-
2m7A27irTENRGpS_WTKu1T,Pipe Types:DYKA PE Binnenriolering_PE:3963879,-
2m7A27irTENRGpS_WTKu1J,Pipe Types:DYKA PE Binnenriolering_PE:3963881,-
2m7A27irTENRGpS_WTKu18,Pipe Types:DYKA PE Binnenriolering_PE:3963890,-
2m7A27irTENRGpS_WTKu1C,Pipe Types:DYKA PE Binnenriolering_PE:3963894,-
2m7A27irTENRGpS_WTKu12,Pipe Types:DYKA PE Binnenriolering_PE:3963896,-
0DtjJo3VjDR8nazjl2ADjn,Pipe Types:DYKA PE Binnenriolering_PE:4000409,-
0DtjJo3VjDR8nazjl2ADjp,Pipe Types:DYKA PE Binnenriolering_PE:4000411,-
0DtjJo3VjDR8nazjl2ADjt,Pipe Types:DYKA PE Binnenriolering_PE:4000415,-
19fLppPOjA3wl2qnIL9sat,Pipe Types:DYKA PE Binnenriolering_PE:4297514,-
0XcSp5YXX4af7JZnStCNhS,Pipe Types:DYKA PE Water_PE80 SDR17 PN8 50m:2347604,-
0XcSp5YXX4af7JZnStCNhW,Pipe Types:DYKA PE Water_PE80 SDR17 PN8 50m:2347624,-
0gri2Dn6fAiuI7l6OJVHJg,Pipe Types:DYKA PP Binnenriolering_Afvoerbuis 5m:1695573,-
0Mi7$wyBT3LBjEf6FZVNRp,Pipe Types:DYKA PP Binnenriolering_Afvoerbuis 5m:1719863,-
1Sg$mlcNP2OeIq4qPi8Pew,Pipe Types:DYKA PP Binnenriolering_Afvoerbuis 5m:1766927,-
3DpZQwBzn9JgmVsCobixoh,Pipe Types:DYKA PP Binnenriolering_Afvoerbuis 5m:1770894,-
3DpZQwBzn9JgmVsCobixvN,Pipe Types:DYKA PP Binnenriolering_Afvoerbuis 5m:1771378,-
3DpZQwBzn9JgmVsCobixxz,Pipe Types:DYKA PP Binnenriolering_Afvoerbuis 5m:1771480,-
04e42mT650QwGjazUqVSfW,Pipe Types:DYKA PP Binnenriolering_Afvoerbuis 5m:1771534,-
04e42mT650QwGjazUqVT8h,Pipe Types:DYKA PP Binnenriolering_Afvoerbuis 5m:1773637,-
04e42mT650QwGjazUqVT8f,Pipe Types:DYKA PP Binnenriolering_Afvoerbuis 5m:1773639,-
04e42mT650QwGjazUqVT8x,Pipe Types:DYKA PP Binnenriolering_Afvoerbuis 5m:1773653,-
04e42mT650QwGjazUqVT8v,Pipe Types:DYKA PP Binnenriolering_Afvoerbuis 5m:1773655,-
21yGG26VfF8xz75E9yWdOJ,Pipe Types:DYKA PP Binnenriolering_Afvoerbuis 5m:2129374,-
21yGG26VfF8xz75E9yWdO$,Pipe Types:DYKA PP Binnenriolering_Afvoerbuis 5m:2129394,-
2HDUPNtKD7IR2xin6u6Orm,Pipe Types:DYKA PP Binnenriolering_Afvoerbuis 5m:2177458,-
3qkNEoP9H54foqyvBYx3q5,Pipe Types:DYKA PP Binnenriolering_Afvoerbuis 5m:2220367,-
3qkNEoP9H54foqyvBYx3sr,Pipe Types:DYKA PP Binnenriolering_Afvoerbuis 5m:2220543,-
3qkNEoP9H54foqyvBYx3vq,Pipe Types:DYKA PP Binnenriolering_Afvoerbuis 5m:2220606,-
3qkNEoP9H54foqyvBYx3JW,Pipe Types:DYKA PP Binnenriolering_Afvoerbuis 5m:2222250,-
3qkNEoP9H54foqyvBYx3IA,Pipe Types:DYKA PP Binnenriolering_Afvoerbuis 5m:2222272,-
26quhX7FX3Y8Gct83BhwWp,Pipe Types:DYKA PP Binnenriolering_Afvoerbuis 5m:2226242,-
26quhX7FX3Y8Gct83BhwW8,Pipe Types:DYKA PP Binnenriolering_Afvoerbuis 5m:2226297,-
26quhX7FX3Y8Gct83BhwZ5,Pipe Types:DYKA PP Binnenriolering_Afvoerbuis 5m:2226356,-
26quhX7FX3Y8Gct83BhwY9,Pipe Types:DYKA PP Binnenriolering_Afvoerbuis 5m:2226424,-
0tNRbejgb47v2N2u$VC41Q,Pipe Types:DYKA PP Binnenriolering_Afvoerbuis 5m:2369061,-
2iEJD$oIrEROW94DZCJU_t,Pipe Types:DYKA PP Binnenriolering_Afvoerbuis 5m:2439687,-
3fFOVzv4bAd9baJ9qn6NGJ,Pipe Types:DYKA PP Binnenriolering_Afvoerbuis 5m:2440953,-
3fFOVzv4bAd9baJ9qn6NNb,Pipe Types:DYKA PP Binnenriolering_Afvoerbuis 5m:2440975,-
3fFOVzv4bAd9baJ9qn6NMX,Pipe Types:DYKA PP Binnenriolering_Afvoerbuis 5m:2441035,-
3fFOVzv4bAd9baJ9qn6NKz,Pipe Types:DYKA PP Binnenriolering_Afvoerbuis 5m:2441175,-
16Au9SQZ56aQ82labC17ze,Pipe Types:DYKA PP Binnenriolering_Afvoerbuis 5m:2443058,-
16Au9SQZ56aQ82labC17_3,Pipe Types:DYKA PP Binnenriolering_Afvoerbuis 5m:2443225,-
16Au9SQZ56aQ82labC17_j,Pipe Types:DYKA PP Binnenriolering_Afvoerbuis 5m:2443255,-
3vh0VDODP85vzta5Kk67Oh,Pipe Types:DYKA PP Binnenriolering_Afvoerbuis 5m:2443948,-
0i_vvjpGX4vPe8ymg3vrzF,Pipe Types:DYKA PP Binnenriolering_Afvoerbuis 5m:2445377,-
0i_vvjpGX4vPe8ymg3vr_D,Pipe Types:DYKA PP Binnenriolering_Afvoerbuis 5m:2445443,-
0i_vvjpGX4vPe8ymg3vr_5,Pipe Types:DYKA PP Binnenriolering_Afvoerbuis 5m:2445451,-
0qQKuWYoz7WRjD6wy9eboL,Pipe Types:DYKA PP Binnenriolering_Afvoerbuis 5m:2487665,-
0qQKuWYoz7WRjD6wy9eboR,Pipe Types:DYKA PP Binnenriolering_Afvoerbuis 5m:2487679,-
0rq0rgLFj2eOJzQerb2loP,Pipe Types:DYKA PP Binnenriolering_Afvoerbuis 5m:2528893,-
0rq0rgLFj2eOJzQerb2lna,Pipe Types:DYKA PP Binnenriolering_Afvoerbuis 5m:2528896,-
0rq0rgLFj2eOJzQerb2lnd,Pipe Types:DYKA PP Binnenriolering_Afvoerbuis 5m:2528899,-
0rq0rgLFj2eOJzQerb2lnj,Pipe Types:DYKA PP Binnenriolering_Afvoerbuis 5m:2528905,-
0rq0rgLFj2eOJzQerb2lne,Pipe Types:DYKA PP Binnenriolering_Afvoerbuis 5m:2528908,-
0rq0rgLFj2eOJzQerb2lnh,Pipe Types:DYKA PP Binnenriolering_Afvoerbuis 5m:2528911,-
0rq0rgLFj2eOJzQerb2ln$,Pipe Types:DYKA PP Binnenriolering_Afvoerbuis 5m:2528923,-
0rq0rgLFj2eOJzQerb2lnw,Pipe Types:DYKA PP Binnenriolering_Afvoerbuis 5m:2528926,-
0rq0rgLFj2eOJzQerb2ln5,Pipe Types:DYKA PP Binnenriolering_Afvoerbuis 5m:2528929,-
0rq0rgLFj2eOJzQerb2ln7,Pipe Types:DYKA PP Binnenriolering_Afvoerbuis 5m:2528931,-
0rq0rgLFj2eOJzQerb2lnN,Pipe Types:DYKA PP Binnenriolering_Afvoerbuis 5m:2528947,-
0rq0rgLFj2eOJzQerb2lnI,Pipe Types:DYKA PP Binnenriolering_Afvoerbuis 5m:2528950,-
0rq0rgLFj2eOJzQerb2lnQ,Pipe Types:DYKA PP Binnenriolering_Afvoerbuis 5m:2528958,-
0rq0rgLFj2eOJzQerb2lmb,Pipe Types:DYKA PP Binnenriolering_Afvoerbuis 5m:2528961,-
0rq0rgLFj2eOJzQerb2lml,Pipe Types:DYKA PP Binnenriolering_Afvoerbuis 5m:2528971,-
0rq0rgLFj2eOJzQerb2lmu,Pipe Types:DYKA PP Binnenriolering_Afvoerbuis 5m:2528988,-
0rq0rgLFj2eOJzQerb2lmx,Pipe Types:DYKA PP Binnenriolering_Afvoerbuis 5m:2528991,-
0rq0rgLFj2eOJzQerb2lm6,Pipe Types:DYKA PP Binnenriolering_Afvoerbuis 5m:2528994,-
0rq0rgLFj2eOJzQerb2lm1,Pipe Types:DYKA PP Binnenriolering_Afvoerbuis 5m:2528997,-
0rq0rgLFj2eOJzQerb2lty,Pipe Types:DYKA PP Binnenriolering_Afvoerbuis 5m:2529048,-
0rq0rgLFj2eOJzQerb2lPy,Pipe Types:DYKA PP Binnenriolering_Afvoerbuis 5m:2530456,-
0rq0rgLFj2eOJzQerb2lPA,Pipe Types:DYKA PP Binnenriolering_Afvoerbuis 5m:2530478,-
0rq0rgLFj2eOJzQerb2lJg,Pipe Types:DYKA PP Binnenriolering_Afvoerbuis 5m:2530830,-
0rq0rgLFj2eOJzQerb2lJm,Pipe Types:DYKA PP Binnenriolering_Afvoerbuis 5m:2530836,-
3gWsdCR6P8wfiSbVrV9Z0a,Pipe Types:DYKA PP Binnenriolering_Afvoerbuis 5m:2535437,-
3gWsdCR6P8wfiSbVrV9Z0y,Pipe Types:DYKA PP Binnenriolering_Afvoerbuis 5m:2535445,-
3gWsdCR6P8wfiSbVrV9Z0n,Pipe Types:DYKA PP Binnenriolering_Afvoerbuis 5m:2535448,-
3gWsdCR6P8wfiSbVrV9Z0o,Pipe Types:DYKA PP Binnenriolering_Afvoerbuis 5m:2535451,-
3gWsdCR6P8wfiSbVrV9Z0t,Pipe Types:DYKA PP Binnenriolering_Afvoerbuis 5m:2535454,-
3gWsdCR6P8wfiSbVrV9Z09,Pipe Types:DYKA PP Binnenriolering_Afvoerbuis 5m:2535456,-
3gWsdCR6P8wfiSbVrV9Z0R,Pipe Types:DYKA PP Binnenriolering_Afvoerbuis 5m:2535474,-
3gWsdCR6P8wfiSbVrV9Z0S,Pipe Types:DYKA PP Binnenriolering_Afvoerbuis 5m:2535477,-
3gWsdCR6P8wfiSbVrV9Z0H,Pipe Types:DYKA PP Binnenriolering_Afvoerbuis 5m:2535480,-
3gWsdCR6P8wfiSbVrV9Z1k,Pipe Types:DYKA PP Binnenriolering_Afvoerbuis 5m:2535495,-
3gWsdCR6P8wfiSbVrV9Z1F,Pipe Types:DYKA PP Binnenriolering_Afvoerbuis 5m:2535526,-
3gWsdCR6P8wfiSbVrV9Z10,Pipe Types:DYKA PP Binnenriolering_Afvoerbuis 5m:2535529,-
3gWsdCR6P8wfiSbVrV9Z3h,Pipe Types:DYKA PP Binnenriolering_Afvoerbuis 5m:2535618,-
3gWsdCR6P8wfiSbVrV9Z3X,Pipe Types:DYKA PP Binnenriolering_Afvoerbuis 5m:2535624,-
3gWsdCR6P8wfiSbVrV9Z4F,Pipe Types:DYKA PP Binnenriolering_Afvoerbuis 5m:2535718,-
3gWsdCR6P8wfiSbVrV9Z58,Pipe Types:DYKA PP Binnenriolering_Afvoerbuis 5m:2535777,-
3v7ppFvYr8w88B5gOVOZfb,Pipe Types:DYKA PP Binnenriolering_Afvoerbuis 5m:2536870,-
3v7ppFvYr8w88B5gOVOZfj,Pipe Types:DYKA PP Binnenriolering_Afvoerbuis 5m:2536878,-
3v7ppFvYr8w88B5gOVOZfq,Pipe Types:DYKA PP Binnenriolering_Afvoerbuis 5m:2536887,-
3v7ppFvYr8w88B5gOVOZfv,Pipe Types:DYKA PP Binnenriolering_Afvoerbuis 5m:2536890,-
3v7ppFvYr8w88B5gOVOZeN,Pipe Types:DYKA PP Binnenriolering_Afvoerbuis 5m:2536916,-
3v7ppFvYr8w88B5gOVOZbK,Pipe Types:DYKA PP Binnenriolering_Afvoerbuis 5m:2537111,-
3v7ppFvYr8w88B5gOVOZbS,Pipe Types:DYKA PP Binnenriolering_Afvoerbuis 5m:2537119,-
3v7ppFvYr8w88B5gOVOZZ8,Pipe Types:DYKA PP Binnenriolering_Afvoerbuis 5m:2537227,-
2CDH6OAx56Cuu_HoYMIoNy,Pipe Types:DYKA PP Binnenriolering_Afvoerbuis 5m:2538631,-
2CDH6OAx56Cuu_HoYMIoNf,Pipe Types:DYKA PP Binnenriolering_Afvoerbuis 5m:2538642,-
2CDH6OAx56Cuu_HoYMIoNk,Pipe Types:DYKA PP Binnenriolering_Afvoerbuis 5m:2538645,-
2CDH6OAx56Cuu_HoYMIoNZ,Pipe Types:DYKA PP Binnenriolering_Afvoerbuis 5m:2538648,-
2CDH6OAx56Cuu_HoYMIoNX,Pipe Types:DYKA PP Binnenriolering_Afvoerbuis 5m:2538650,-
2CDH6OAx56Cuu_HoYMIoNH,Pipe Types:DYKA PP Binnenriolering_Afvoerbuis 5m:2538666,-
2CDH6OAx56Cuu_HoYMIoNM,Pipe Types:DYKA PP Binnenriolering_Afvoerbuis 5m:2538669,-
2CDH6OAx56Cuu_HoYMIoNB,Pipe Types:DYKA PP Binnenriolering_Afvoerbuis 5m:2538672,-
2CDH6OAx56Cuu_HoYMIoN0,Pipe Types:DYKA PP Binnenriolering_Afvoerbuis 5m:2538683,-
2CDH6OAx56Cuu_HoYMIoMl,Pipe Types:DYKA PP Binnenriolering_Afvoerbuis 5m:2538708,-
2CDH6OAx56Cuu_HoYMIoMi,Pipe Types:DYKA PP Binnenriolering_Afvoerbuis 5m:2538711,-
2CDH6OAx56Cuu_HoYMIoGH,Pipe Types:DYKA PP Binnenriolering_Afvoerbuis 5m:2538858,-
2CDH6OAx56Cuu_HoYMIoGB,Pipe Types:DYKA PP Binnenriolering_Afvoerbuis 5m:2538864,-
2CDH6OAx56Cuu_HoYMIoIc,Pipe Types:DYKA PP Binnenriolering_Afvoerbuis 5m:2538973,-
2CDH6OAx56Cuu_HoYMIrX0,Pipe Types:DYKA PP Binnenriolering_Afvoerbuis 5m:2539835,-
2CDH6OAx56Cuu_HoYMIrhO,Pipe Types:DYKA PP Binnenriolering_Afvoerbuis 5m:2540451,-
2CDH6OAx56Cuu_HoYMIrgG,Pipe Types:DYKA PP Binnenriolering_Afvoerbuis 5m:2540523,-
3IABoTHHrDqwRZhVo752IU,Pipe Types:DYKA PP Binnenriolering_Afvoerbuis 5m:2542086,-
3IABoTHHrDqwRZhVo752I9,Pipe Types:DYKA PP Binnenriolering_Afvoerbuis 5m:2542097,-
3IABoTHHrDqwRZhVo752IC,Pipe Types:DYKA PP Binnenriolering_Afvoerbuis 5m:2542100,-
3IABoTHHrDqwRZhVo752IF,Pipe Types:DYKA PP Binnenriolering_Afvoerbuis 5m:2542103,-
3IABoTHHrDqwRZhVo752I1,Pipe Types:DYKA PP Binnenriolering_Afvoerbuis 5m:2542105,-
3IABoTHHrDqwRZhVo752In,Pipe Types:DYKA PP Binnenriolering_Afvoerbuis 5m:2542121,-
3IABoTHHrDqwRZhVo752Iq,Pipe Types:DYKA PP Binnenriolering_Afvoerbuis 5m:2542124,-
3IABoTHHrDqwRZhVo752It,Pipe Types:DYKA PP Binnenriolering_Afvoerbuis 5m:2542127,-
3IABoTHHrDqwRZhVo752IY,Pipe Types:DYKA PP Binnenriolering_Afvoerbuis 5m:2542138,-
3IABoTHHrDqwRZhVo752JB,Pipe Types:DYKA PP Binnenriolering_Afvoerbuis 5m:2542163,-
3IABoTHHrDqwRZhVo752JE,Pipe Types:DYKA PP Binnenriolering_Afvoerbuis 5m:2542166,-
2Wm5waK450ffMIyu5rNTBH,Pipe Types:DYKA PP Binnenriolering_Afvoerbuis 5m:2542499,-
2Wm5waK450ffMIyu5rNTBR,Pipe Types:DYKA PP Binnenriolering_Afvoerbuis 5m:2542505,-
2Wm5waK450ffMIyu5rNSYV,Pipe Types:DYKA PP Binnenriolering_Afvoerbuis 5m:2544109,-
2Wm5waK450ffMIyu5rNSY7,Pipe Types:DYKA PP Binnenriolering_Afvoerbuis 5m:2544117,-
2Wm5waK450ffMIyu5rNSiY,Pipe Types:DYKA PP Binnenriolering_Afvoerbuis 5m:2544208,-
3ETXlpBa11YhMUs8v3ffpb,Pipe Types:DYKA PP Binnenriolering_Afvoerbuis 5m:2695354,-
00U1ejlrfEwuFnhsE1eEtL,Pipe Types:DYKA PP Binnenriolering_Afvoerbuis 5m:2709015,-
168MjhWav2PhVJBioIPaQ4,Pipe Types:DYKA PP Binnenriolering_Afvoerbuis 5m:2710629,-
168MjhWav2PhVJBioIPaPo,Pipe Types:DYKA PP Binnenriolering_Afvoerbuis 5m:2710675,-
168MjhWav2PhVJBioIPaP2,Pipe Types:DYKA PP Binnenriolering_Afvoerbuis 5m:2710691,-
1iRzLAVBT1g8eYBtqJLXCX,Pipe Types:DYKA PP Binnenriolering_Afvoerbuis 5m:2727743,-
1iRzLAVBT1g8eYBtqJLYnJ,Pipe Types:DYKA PP Binnenriolering_Afvoerbuis 5m:2728013,-
1iRzLAVBT1g8eYBtqJLZvS,Pipe Types:DYKA PP Binnenriolering_Afvoerbuis 5m:2732610,-
3SbAyva6L5LwX$miUWrHR_,Pipe Types:DYKA PP Binnenriolering_Afvoerbuis 5m:2732972,-
3SbAyva6L5LwX$miUWrH0T,Pipe Types:DYKA PP Binnenriolering_Afvoerbuis 5m:2733391,-
3SbAyva6L5LwX$miUWrHBI,Pipe Types:DYKA PP Binnenriolering_Afvoerbuis 5m:2733952,-
3SbAyva6L5LwX$miUWrHBQ,Pipe Types:DYKA PP Binnenriolering_Afvoerbuis 5m:2733960,-
2nNy8ldJHBNAUkuquWZXpt,Pipe Types:DYKA PP Binnenriolering_Afvoerbuis 5m:2735073,-
2nNy8ldJHBNAUkuquWZXpo,Pipe Types:DYKA PP Binnenriolering_Afvoerbuis 5m:2735076,-
0_6R36SRnBePA5X5DgYgPK,Pipe Types:DYKA PP Binnenriolering_Afvoerbuis 5m:2737513,-
0_6R36SRnBePA5X5DgYgPG,Pipe Types:DYKA PP Binnenriolering_Afvoerbuis 5m:2737517,-
0_6R36SRnBePA5X5DgYgPD,Pipe Types:DYKA PP Binnenriolering_Afvoerbuis 5m:2737520,-
0_6R36SRnBePA5X5DgYgP5,Pipe Types:DYKA PP Binnenriolering_Afvoerbuis 5m:2737528,-
0_6R36SRnBePA5X5DgYgQz,Pipe Types:DYKA PP Binnenriolering_Afvoerbuis 5m:2737536,-
0_6R36SRnBePA5X5DgYgQj,Pipe Types:DYKA PP Binnenriolering_Afvoerbuis 5m:2737552,-
0_6R36SRnBePA5X5DgYgQh,Pipe Types:DYKA PP Binnenriolering_Afvoerbuis 5m:2737558,-
0_6R36SRnBePA5X5DgYgQS,Pipe Types:DYKA PP Binnenriolering_Afvoerbuis 5m:2737569,-
1Hq$o0N$P809kHxM9hwxJZ,Pipe Types:DYKA PP Binnenriolering_Afvoerbuis 5m:2738276,-
1Hq$o0N$P809kHxM9hwxJl,Pipe Types:DYKA PP Binnenriolering_Afvoerbuis 5m:2738280,-
1Hq$o0N$P809kHxM9hwxJh,Pipe Types:DYKA PP Binnenriolering_Afvoerbuis 5m:2738284,-
1Hq$o0N$P809kHxM9hwxJf,Pipe Types:DYKA PP Binnenriolering_Afvoerbuis 5m:2738286,-
1Hq$o0N$P809kHxM9hwxJ_,Pipe Types:DYKA PP Binnenriolering_Afvoerbuis 5m:2738297,-
2T2GdBk_5ErfkOJOW6Hg49,Pipe Types:DYKA PP Binnenriolering_Afvoerbuis 5m:2739794,-
2T2GdBk_5ErfkOJOW6Hg4F,Pipe Types:DYKA PP Binnenriolering_Afvoerbuis 5m:2739796,-
2T2GdBk_5ErfkOJOW6Hg1V,Pipe Types:DYKA PP Binnenriolering_Afvoerbuis 5m:2739972,-
2T2GdBk_5ErfkOJOW6Hhw$,Pipe Types:DYKA PP Binnenriolering_Afvoerbuis 5m:2740708,-
31c$bfYoTDdfWkL9S$LEWA,Pipe Types:DYKA PP Binnenriolering_Afvoerbuis 5m:2741445,-
31c$bfYoTDdfWkL9S$LEW8,Pipe Types:DYKA PP Binnenriolering_Afvoerbuis 5m:2741447,-
31c$bfYoTDdfWkL9S$LEW0,Pipe Types:DYKA PP Binnenriolering_Afvoerbuis 5m:2741455,-
31c$bfYoTDdfWkL9S$LEWQ,Pipe Types:DYKA PP Binnenriolering_Afvoerbuis 5m:2741461,-
31c$bfYoTDdfWkL9S$LEWI,Pipe Types:DYKA PP Binnenriolering_Afvoerbuis 5m:2741469,-
31c$bfYoTDdfWkL9S$LEWG,Pipe Types:DYKA PP Binnenriolering_Afvoerbuis 5m:2741471,-
31c$bfYoTDdfWkL9S$LEWj,Pipe Types:DYKA PP Binnenriolering_Afvoerbuis 5m:2741474,-
31c$bfYoTDdfWkL9S$LEWe,Pipe Types:DYKA PP Binnenriolering_Afvoerbuis 5m:2741479,-
31c$bfYoTDdfWkL9S$LEWc,Pipe Types:DYKA PP Binnenriolering_Afvoerbuis 5m:2741481,-
31c$bfYoTDdfWkL9S$LEdC,Pipe Types:DYKA PP Binnenriolering_Afvoerbuis 5m:2741507,-
31c$bfYoTDdfWkL9S$LEd8,Pipe Types:DYKA PP Binnenriolering_Afvoerbuis 5m:2741511,-
31c$bfYoTDdfWkL9S$LEd4,Pipe Types:DYKA PP Binnenriolering_Afvoerbuis 5m:2741515,-
31c$bfYoTDdfWkL9S$LEdU,Pipe Types:DYKA PP Binnenriolering_Afvoerbuis 5m:2741521,-
31c$bfYoTDdfWkL9S$LEdQ,Pipe Types:DYKA PP Binnenriolering_Afvoerbuis 5m:2741525,-
31c$bfYoTDdfWkL9S$LEdO,Pipe Types:DYKA PP Binnenriolering_Afvoerbuis 5m:2741527,-
31c$bfYoTDdfWkL9S$LEdJ,Pipe Types:DYKA PP Binnenriolering_Afvoerbuis 5m:2741532,-
31c$bfYoTDdfWkL9S$LEdi,Pipe Types:DYKA PP Binnenriolering_Afvoerbuis 5m:2741539,-
31c$bfYoTDdfWkL9S$LEdd,Pipe Types:DYKA PP Binnenriolering_Afvoerbuis 5m:2741544,-
31c$bfYoTDdfWkL9S$LEda,Pipe Types:DYKA PP Binnenriolering_Afvoerbuis 5m:2741547,-
31c$bfYoTDdfWkL9S$LEcz,Pipe Types:DYKA PP Binnenriolering_Afvoerbuis 5m:2741618,-
31c$bfYoTDdfWkL9S$LEcx,Pipe Types:DYKA PP Binnenriolering_Afvoerbuis 5m:2741620,-
31c$bfYoTDdfWkL9S$LEcp,Pipe Types:DYKA PP Binnenriolering_Afvoerbuis 5m:2741628,-
31c$bfYoTDdfWkL9S$LEbD,Pipe Types:DYKA PP Binnenriolering_Afvoerbuis 5m:2741634,-
31c$bfYoTDdfWkL9S$LEb5,Pipe Types:DYKA PP Binnenriolering_Afvoerbuis 5m:2741642,-
31c$bfYoTDdfWkL9S$LEb3,Pipe Types:DYKA PP Binnenriolering_Afvoerbuis 5m:2741644,-
31c$bfYoTDdfWkL9S$LEb0,Pipe Types:DYKA PP Binnenriolering_Afvoerbuis 5m:2741647,-
31c$bfYoTDdfWkL9S$LEbR,Pipe Types:DYKA PP Binnenriolering_Afvoerbuis 5m:2741652,-
31c$bfYoTDdfWkL9S$LEbP,Pipe Types:DYKA PP Binnenriolering_Afvoerbuis 5m:2741654,-
31c$bfYoTDdfWkL9S$LEb$,Pipe Types:DYKA PP Binnenriolering_Afvoerbuis 5m:2741680,-
31c$bfYoTDdfWkL9S$LEbx,Pipe Types:DYKA PP Binnenriolering_Afvoerbuis 5m:2741684,-
31c$bfYoTDdfWkL9S$LEbt,Pipe Types:DYKA PP Binnenriolering_Afvoerbuis 5m:2741688,-
31c$bfYoTDdfWkL9S$LEbn,Pipe Types:DYKA PP Binnenriolering_Afvoerbuis 5m:2741694,-
31c$bfYoTDdfWkL9S$LEaD,Pipe Types:DYKA PP Binnenriolering_Afvoerbuis 5m:2741698,-
31c$bfYoTDdfWkL9S$LEaB,Pipe Types:DYKA PP Binnenriolering_Afvoerbuis 5m:2741700,-
31c$bfYoTDdfWkL9S$LEaV,Pipe Types:DYKA PP Binnenriolering_Afvoerbuis 5m:2741712,-
31c$bfYoTDdfWkL9S$LEaQ,Pipe Types:DYKA PP Binnenriolering_Afvoerbuis 5m:2741717,-
31c$bfYoTDdfWkL9S$LEaN,Pipe Types:DYKA PP Binnenriolering_Afvoerbuis 5m:2741720,-
1J7QgcB$nDWhoIAqZCZBTY,Pipe Types:DYKA PP Binnenriolering_Afvoerbuis 5m:2742262,-
1J7QgcB$nDWhoIAqZCZBTi,Pipe Types:DYKA PP Binnenriolering_Afvoerbuis 5m:2742264,-
1J7QgcB$nDWhoIAqZCZBYK,Pipe Types:DYKA PP Binnenriolering_Afvoerbuis 5m:2742272,-
1J7QgcB$nDWhoIAqZCZBYI,Pipe Types:DYKA PP Binnenriolering_Afvoerbuis 5m:2742278,-
1J7QgcB$nDWhoIAqZCZBYQ,Pipe Types:DYKA PP Binnenriolering_Afvoerbuis 5m:2742286,-
1J7QgcB$nDWhoIAqZCZBY4,Pipe Types:DYKA PP Binnenriolering_Afvoerbuis 5m:2742288,-
1J7QgcB$nDWhoIAqZCZBY7,Pipe Types:DYKA PP Binnenriolering_Afvoerbuis 5m:2742291,-
1J7QgcB$nDWhoIAqZCZBYC,Pipe Types:DYKA PP Binnenriolering_Afvoerbuis 5m:2742296,-
1J7QgcB$nDWhoIAqZCZBYE,Pipe Types:DYKA PP Binnenriolering_Afvoerbuis 5m:2742298,-
1J7QgcB$nDWhoIAqZCZBYW,Pipe Types:DYKA PP Binnenriolering_Afvoerbuis 5m:2742324,-
1J7QgcB$nDWhoIAqZCZBYi,Pipe Types:DYKA PP Binnenriolering_Afvoerbuis 5m:2742328,-
1J7QgcB$nDWhoIAqZCZBYe,Pipe Types:DYKA PP Binnenriolering_Afvoerbuis 5m:2742332,-
1J7QgcB$nDWhoIAqZCZBZM,Pipe Types:DYKA PP Binnenriolering_Afvoerbuis 5m:2742338,-
1J7QgcB$nDWhoIAqZCZBZI,Pipe Types:DYKA PP Binnenriolering_Afvoerbuis 5m:2742342,-
1J7QgcB$nDWhoIAqZCZBZS,Pipe Types:DYKA PP Binnenriolering_Afvoerbuis 5m:2742344,-
1J7QgcB$nDWhoIAqZCZBZP,Pipe Types:DYKA PP Binnenriolering_Afvoerbuis 5m:2742349,-
1J7QgcB$nDWhoIAqZCZBZ0,Pipe Types:DYKA PP Binnenriolering_Afvoerbuis 5m:2742356,-
1J7QgcB$nDWhoIAqZCZBZD,Pipe Types:DYKA PP Binnenriolering_Afvoerbuis 5m:2742361,-
1J7QgcB$nDWhoIAqZCZBZ8,Pipe Types:DYKA PP Binnenriolering_Afvoerbuis 5m:2742364,-
1J7QgcB$nDWhoIAqZCZBWA,Pipe Types:DYKA PP Binnenriolering_Afvoerbuis 5m:2742430,-
1J7QgcB$nDWhoIAqZCZBWq,Pipe Types:DYKA PP Binnenriolering_Afvoerbuis 5m:2742432,-
1J7QgcB$nDWhoIAqZCZBWy,Pipe Types:DYKA PP Binnenriolering_Afvoerbuis 5m:2742440,-
1J7QgcB$nDWhoIAqZCZBWw,Pipe Types:DYKA PP Binnenriolering_Afvoerbuis 5m:2742446,-
1J7QgcB$nDWhoIAqZCZBWY,Pipe Types:DYKA PP Binnenriolering_Afvoerbuis 5m:2742454,-
1J7QgcB$nDWhoIAqZCZBWi,Pipe Types:DYKA PP Binnenriolering_Afvoerbuis 5m:2742456,-
1J7QgcB$nDWhoIAqZCZBWl,Pipe Types:DYKA PP Binnenriolering_Afvoerbuis 5m:2742459,-
1J7QgcB$nDWhoIAqZCZBXK,Pipe Types:DYKA PP Binnenriolering_Afvoerbuis 5m:2742464,-
1J7QgcB$nDWhoIAqZCZBXM,Pipe Types:DYKA PP Binnenriolering_Afvoerbuis 5m:2742466,-
1J7QgcB$nDWhoIAqZCZBX8,Pipe Types:DYKA PP Binnenriolering_Afvoerbuis 5m:2742492,-
1J7QgcB$nDWhoIAqZCZBXq,Pipe Types:DYKA PP Binnenriolering_Afvoerbuis 5m:2742496,-
1J7QgcB$nDWhoIAqZCZBXm,Pipe Types:DYKA PP Binnenriolering_Afvoerbuis 5m:2742500,-
1J7QgcB$nDWhoIAqZCZBX_,Pipe Types:DYKA PP Binnenriolering_Afvoerbuis 5m:2742506,-
1J7QgcB$nDWhoIAqZCZBXw,Pipe Types:DYKA PP Binnenriolering_Afvoerbuis 5m:2742510,-
1J7QgcB$nDWhoIAqZCZBXa,Pipe Types:DYKA PP Binnenriolering_Afvoerbuis 5m:2742512,-
1J7QgcB$nDWhoIAqZCZBXX,Pipe Types:DYKA PP Binnenriolering_Afvoerbuis 5m:2742517,-
1J7QgcB$nDWhoIAqZCZBXe,Pipe Types:DYKA PP Binnenriolering_Afvoerbuis 5m:2742524,-
1J7QgcB$nDWhoIAqZCZBcL,Pipe Types:DYKA PP Binnenriolering_Afvoerbuis 5m:2742529,-
1J7QgcB$nDWhoIAqZCZBcG,Pipe Types:DYKA PP Binnenriolering_Afvoerbuis 5m:2742532,-
1J7QgcB$nDWhoIAqZCZBcg,Pipe Types:DYKA PP Binnenriolering_Afvoerbuis 5m:2742590,-
1J7QgcB$nDWhoIAqZCZBdK,Pipe Types:DYKA PP Binnenriolering_Afvoerbuis 5m:2742592,-
1J7QgcB$nDWhoIAqZCZBdS,Pipe Types:DYKA PP Binnenriolering_Afvoerbuis 5m:2742600,-
1J7QgcB$nDWhoIAqZCZBdQ,Pipe Types:DYKA PP Binnenriolering_Afvoerbuis 5m:2742606,-
1J7QgcB$nDWhoIAqZCZBd2,Pipe Types:DYKA PP Binnenriolering_Afvoerbuis 5m:2742614,-
1J7QgcB$nDWhoIAqZCZBdC,Pipe Types:DYKA PP Binnenriolering_Afvoerbuis 5m:2742616,-
1J7QgcB$nDWhoIAqZCZBdF,Pipe Types:DYKA PP Binnenriolering_Afvoerbuis 5m:2742619,-
1J7QgcB$nDWhoIAqZCZBdq,Pipe Types:DYKA PP Binnenriolering_Afvoerbuis 5m:2742624,-
1J7QgcB$nDWhoIAqZCZBds,Pipe Types:DYKA PP Binnenriolering_Afvoerbuis 5m:2742626,-
1J7QgcB$nDWhoIAqZCZBde,Pipe Types:DYKA PP Binnenriolering_Afvoerbuis 5m:2742652,-
1J7QgcB$nDWhoIAqZCZBaK,Pipe Types:DYKA PP Binnenriolering_Afvoerbuis 5m:2742656,-
1J7QgcB$nDWhoIAqZCZBaG,Pipe Types:DYKA PP Binnenriolering_Afvoerbuis 5m:2742660,-
1J7QgcB$nDWhoIAqZCZBaU,Pipe Types:DYKA PP Binnenriolering_Afvoerbuis 5m:2742666,-
1J7QgcB$nDWhoIAqZCZBaQ,Pipe Types:DYKA PP Binnenriolering_Afvoerbuis 5m:2742670,-
1J7QgcB$nDWhoIAqZCZBa4,Pipe Types:DYKA PP Binnenriolering_Afvoerbuis 5m:2742672,-
1J7QgcB$nDWhoIAqZCZBa8,Pipe Types:DYKA PP Binnenriolering_Afvoerbuis 5m:2742684,-
1J7QgcB$nDWhoIAqZCZBar,Pipe Types:DYKA PP Binnenriolering_Afvoerbuis 5m:2742689,-
1J7QgcB$nDWhoIAqZCZBam,Pipe Types:DYKA PP Binnenriolering_Afvoerbuis 5m:2742692,-
1J7QgcB$nDWhoIAqZCZBbK,Pipe Types:DYKA PP Binnenriolering_Afvoerbuis 5m:2742720,-
1J7QgcB$nDWhoIAqZCZBbM,Pipe Types:DYKA PP Binnenriolering_Afvoerbuis 5m:2742722,-
1J7QgcB$nDWhoIAqZCZBbU,Pipe Types:DYKA PP Binnenriolering_Afvoerbuis 5m:2742730,-
1J7QgcB$nDWhoIAqZCZBb4,Pipe Types:DYKA PP Binnenriolering_Afvoerbuis 5m:2742736,-
1J7QgcB$nDWhoIAqZCZBbC,Pipe Types:DYKA PP Binnenriolering_Afvoerbuis 5m:2742744,-
1J7QgcB$nDWhoIAqZCZBbE,Pipe Types:DYKA PP Binnenriolering_Afvoerbuis 5m:2742746,-
1J7QgcB$nDWhoIAqZCZBb9,Pipe Types:DYKA PP Binnenriolering_Afvoerbuis 5m:2742749,-
1J7QgcB$nDWhoIAqZCZBbs,Pipe Types:DYKA PP Binnenriolering_Afvoerbuis 5m:2742754,-
1J7QgcB$nDWhoIAqZCZBbm,Pipe Types:DYKA PP Binnenriolering_Afvoerbuis 5m:2742756,-
1J7QgcB$nDWhoIAqZCZBbg,Pipe Types:DYKA PP Binnenriolering_Afvoerbuis 5m:2742782,-
1J7QgcB$nDWhoIAqZCZBgM,Pipe Types:DYKA PP Binnenriolering_Afvoerbuis 5m:2742786,-
1J7QgcB$nDWhoIAqZCZBgI,Pipe Types:DYKA PP Binnenriolering_Afvoerbuis 5m:2742790,-
1J7QgcB$nDWhoIAqZCZBgO,Pipe Types:DYKA PP Binnenriolering_Afvoerbuis 5m:2742796,-
1J7QgcB$nDWhoIAqZCZBg4,Pipe Types:DYKA PP Binnenriolering_Afvoerbuis 5m:2742800,-
1J7QgcB$nDWhoIAqZCZBg6,Pipe Types:DYKA PP Binnenriolering_Afvoerbuis 5m:2742802,-
1J7QgcB$nDWhoIAqZCZBgA,Pipe Types:DYKA PP Binnenriolering_Afvoerbuis 5m:2742814,-
1J7QgcB$nDWhoIAqZCZBgt,Pipe Types:DYKA PP Binnenriolering_Afvoerbuis 5m:2742819,-
1J7QgcB$nDWhoIAqZCZBgo,Pipe Types:DYKA PP Binnenriolering_Afvoerbuis 5m:2742822,-
1wfYyGOd9E1Rz2kW072EUu,Pipe Types:DYKA PP Binnenriolering_Afvoerbuis 5m:2743040,-
2vVs17az1BnQkIiE1ZQHU1,Pipe Types:DYKA PP Binnenriolering_Afvoerbuis 5m:2750476,-
2vVs17az1BnQkIiE1ZQHU3,Pipe Types:DYKA PP Binnenriolering_Afvoerbuis 5m:2750478,-
2vVs17az1BnQkIiE1ZQHUL,Pipe Types:DYKA PP Binnenriolering_Afvoerbuis 5m:2750488,-
2vVs17az1BnQkIiE1ZQHUN,Pipe Types:DYKA PP Binnenriolering_Afvoerbuis 5m:2750490,-
2vVs17az1BnQkIiE1ZQHUH,Pipe Types:DYKA PP Binnenriolering_Afvoerbuis 5m:2750492,-
2vVs17az1BnQkIiE1ZQHUI,Pipe Types:DYKA PP Binnenriolering_Afvoerbuis 5m:2750495,-
2vVs17az1BnQkIiE1ZQHUW,Pipe Types:DYKA PP Binnenriolering_Afvoerbuis 5m:2750509,-
2vVs17az1BnQkIiE1ZQHUY,Pipe Types:DYKA PP Binnenriolering_Afvoerbuis 5m:2750511,-
2vVs17az1BnQkIiE1ZQHU$,Pipe Types:DYKA PP Binnenriolering_Afvoerbuis 5m:2750514,-
2vVs17az1BnQkIiE1ZQHVD,Pipe Types:DYKA PP Binnenriolering_Afvoerbuis 5m:2750528,-
2vVs17az1BnQkIiE1ZQHV5,Pipe Types:DYKA PP Binnenriolering_Afvoerbuis 5m:2750536,-
2vVs17az1BnQkIiE1ZQHV7,Pipe Types:DYKA PP Binnenriolering_Afvoerbuis 5m:2750538,-
2vVs17az1BnQkIiE1ZQHVV,Pipe Types:DYKA PP Binnenriolering_Afvoerbuis 5m:2750546,-
2vVs17az1BnQkIiE1ZQHVP,Pipe Types:DYKA PP Binnenriolering_Afvoerbuis 5m:2750548,-
2vVs17az1BnQkIiE1ZQHVQ,Pipe Types:DYKA PP Binnenriolering_Afvoerbuis 5m:2750551,-
2vVs17az1BnQkIiE1ZQHVf,Pipe Types:DYKA PP Binnenriolering_Afvoerbuis 5m:2750564,-
2vVs17az1BnQkIiE1ZQHVz,Pipe Types:DYKA PP Binnenriolering_Afvoerbuis 5m:2750576,-
2vVs17az1BnQkIiE1ZQHVr,Pipe Types:DYKA PP Binnenriolering_Afvoerbuis 5m:2750584,-
2vVs17az1BnQkIiE1ZQHVt,Pipe Types:DYKA PP Binnenriolering_Afvoerbuis 5m:2750586,-
2vVs17az1BnQkIiE1ZQHSV,Pipe Types:DYKA PP Binnenriolering_Afvoerbuis 5m:2750610,-
0iiHY4Rbr85fD6sSu2vXKD,Pipe Types:DYKA PP Binnenriolering_Afvoerbuis 5m:2753591,-
0iiHY4Rbr85fD6sSu2vXK3,Pipe Types:DYKA PP Binnenriolering_Afvoerbuis 5m:2753593,-
0iiHY4Rbr85fD6sSu2vXLx,Pipe Types:DYKA PP Binnenriolering_Afvoerbuis 5m:2753601,-
0iiHY4Rbr85fD6sSu2vXLz,Pipe Types:DYKA PP Binnenriolering_Afvoerbuis 5m:2753607,-
0iiHY4Rbr85fD6sSu2vXLr,Pipe Types:DYKA PP Binnenriolering_Afvoerbuis 5m:2753615,-
0iiHY4Rbr85fD6sSu2vXLh,Pipe Types:DYKA PP Binnenriolering_Afvoerbuis 5m:2753617,-
0iiHY4Rbr85fD6sSu2vXLk,Pipe Types:DYKA PP Binnenriolering_Afvoerbuis 5m:2753620,-
0iiHY4Rbr85fD6sSu2vXLZ,Pipe Types:DYKA PP Binnenriolering_Afvoerbuis 5m:2753625,-
0iiHY4Rbr85fD6sSu2vXLX,Pipe Types:DYKA PP Binnenriolering_Afvoerbuis 5m:2753627,-
0iiHY4Rbr85fD6sSu2vXLF,Pipe Types:DYKA PP Binnenriolering_Afvoerbuis 5m:2753653,-
0iiHY4Rbr85fD6sSu2vXL3,Pipe Types:DYKA PP Binnenriolering_Afvoerbuis 5m:2753657,-
0iiHY4Rbr85fD6sSu2vXL7,Pipe Types:DYKA PP Binnenriolering_Afvoerbuis 5m:2753661,-
0iiHY4Rbr85fD6sSu2vXMv,Pipe Types:DYKA PP Binnenriolering_Afvoerbuis 5m:2753667,-
0iiHY4Rbr85fD6sSu2vXMz,Pipe Types:DYKA PP Binnenriolering_Afvoerbuis 5m:2753671,-
0iiHY4Rbr85fD6sSu2vXMp,Pipe Types:DYKA PP Binnenriolering_Afvoerbuis 5m:2753673,-
0iiHY4Rbr85fD6sSu2vXMq,Pipe Types:DYKA PP Binnenriolering_Afvoerbuis 5m:2753678,-
0iiHY4Rbr85fD6sSu2vXMl,Pipe Types:DYKA PP Binnenriolering_Afvoerbuis 5m:2753685,-
0iiHY4Rbr85fD6sSu2vXMW,Pipe Types:DYKA PP Binnenriolering_Afvoerbuis 5m:2753690,-
0iiHY4Rbr85fD6sSu2vXMd,Pipe Types:DYKA PP Binnenriolering_Afvoerbuis 5m:2753693,-
0iiHY4Rbr85fD6sSu2vXM7,Pipe Types:DYKA PP Binnenriolering_Afvoerbuis 5m:2753725,-
0iiHY4Rbr85fD6sSu2vXM5,Pipe Types:DYKA PP Binnenriolering_Afvoerbuis 5m:2753727,-
0iiHY4Rbr85fD6sSu2vXNz,Pipe Types:DYKA PP Binnenriolering_Afvoerbuis 5m:2753735,-
0iiHY4Rbr85fD6sSu2vXNt,Pipe Types:DYKA PP Binnenriolering_Afvoerbuis 5m:2753741,-
0iiHY4Rbr85fD6sSu2vXNl,Pipe Types:DYKA PP Binnenriolering_Afvoerbuis 5m:2753749,-
0iiHY4Rbr85fD6sSu2vXNj,Pipe Types:DYKA PP Binnenriolering_Afvoerbuis 5m:2753751,-
0iiHY4Rbr85fD6sSu2vXNW,Pipe Types:DYKA PP Binnenriolering_Afvoerbuis 5m:2753754,-
0iiHY4Rbr85fD6sSu2vXNb,Pipe Types:DYKA PP Binnenriolering_Afvoerbuis 5m:2753759,-
0iiHY4Rbr85fD6sSu2vXNR,Pipe Types:DYKA PP Binnenriolering_Afvoerbuis 5m:2753761,-
0iiHY4Rbr85fD6sSu2vXN1,Pipe Types:DYKA PP Binnenriolering_Afvoerbuis 5m:2753787,-
0iiHY4Rbr85fD6sSu2vXN5,Pipe Types:DYKA PP Binnenriolering_Afvoerbuis 5m:2753791,-
0iiHY4Rbr85fD6sSu2vXGv,Pipe Types:DYKA PP Binnenriolering_Afvoerbuis 5m:2753795,-
0iiHY4Rbr85fD6sSu2vXGp,Pipe Types:DYKA PP Binnenriolering_Afvoerbuis 5m:2753801,-
0iiHY4Rbr85fD6sSu2vXGt,Pipe Types:DYKA PP Binnenriolering_Afvoerbuis 5m:2753805,-
0iiHY4Rbr85fD6sSu2vXGr,Pipe Types:DYKA PP Binnenriolering_Afvoerbuis 5m:2753807,-
0iiHY4Rbr85fD6sSu2vXGX,Pipe Types:DYKA PP Binnenriolering_Afvoerbuis 5m:2753819,-
0iiHY4Rbr85fD6sSu2vXGQ,Pipe Types:DYKA PP Binnenriolering_Afvoerbuis 5m:2753824,-
0iiHY4Rbr85fD6sSu2vXGP,Pipe Types:DYKA PP Binnenriolering_Afvoerbuis 5m:2753827,-
0iiHY4Rbr85fD6sSu2vXTi,Pipe Types:DYKA PP Binnenriolering_Afvoerbuis 5m:2754134,-
0iiHY4Rbr85fD6sSu2vXTY,Pipe Types:DYKA PP Binnenriolering_Afvoerbuis 5m:2754136,-
0iiHY4Rbr85fD6sSu2vXTQ,Pipe Types:DYKA PP Binnenriolering_Afvoerbuis 5m:2754144,-
0iiHY4Rbr85fD6sSu2vXTS,Pipe Types:DYKA PP Binnenriolering_Afvoerbuis 5m:2754150,-
0iiHY4Rbr85fD6sSu2vXTK,Pipe Types:DYKA PP Binnenriolering_Afvoerbuis 5m:2754158,-
0iiHY4Rbr85fD6sSu2vXTA,Pipe Types:DYKA PP Binnenriolering_Afvoerbuis 5m:2754160,-
0iiHY4Rbr85fD6sSu2vXT9,Pipe Types:DYKA PP Binnenriolering_Afvoerbuis 5m:2754163,-
0iiHY4Rbr85fD6sSu2vXT2,Pipe Types:DYKA PP Binnenriolering_Afvoerbuis 5m:2754168,-
0iiHY4Rbr85fD6sSu2vXT0,Pipe Types:DYKA PP Binnenriolering_Afvoerbuis 5m:2754170,-
0iiHY4Rbr85fD6sSu2vXUk,Pipe Types:DYKA PP Binnenriolering_Afvoerbuis 5m:2754196,-
0iiHY4Rbr85fD6sSu2vXUY,Pipe Types:DYKA PP Binnenriolering_Afvoerbuis 5m:2754200,-
0iiHY4Rbr85fD6sSu2vXUc,Pipe Types:DYKA PP Binnenriolering_Afvoerbuis 5m:2754204,-
0iiHY4Rbr85fD6sSu2vXUO,Pipe Types:DYKA PP Binnenriolering_Afvoerbuis 5m:2754210,-
0iiHY4Rbr85fD6sSu2vXUS,Pipe Types:DYKA PP Binnenriolering_Afvoerbuis 5m:2754214,-
0iiHY4Rbr85fD6sSu2vXUI,Pipe Types:DYKA PP Binnenriolering_Afvoerbuis 5m:2754216,-
0iiHY4Rbr85fD6sSu2vXUN,Pipe Types:DYKA PP Binnenriolering_Afvoerbuis 5m:2754221,-
0iiHY4Rbr85fD6sSu2vXUE,Pipe Types:DYKA PP Binnenriolering_Afvoerbuis 5m:2754228,-
0iiHY4Rbr85fD6sSu2vXU3,Pipe Types:DYKA PP Binnenriolering_Afvoerbuis 5m:2754233,-
0iiHY4Rbr85fD6sSu2vXU6,Pipe Types:DYKA PP Binnenriolering_Afvoerbuis 5m:2754236,-
0iiHY4Rbr85fD6sSu2vXVn,Pipe Types:DYKA PP Binnenriolering_Afvoerbuis 5m:2754251,-
0iiHY4Rbr85fD6sSu2vXVt,Pipe Types:DYKA PP Binnenriolering_Afvoerbuis 5m:2754253,-
0iiHY4Rbr85fD6sSu2vXVl,Pipe Types:DYKA PP Binnenriolering_Afvoerbuis 5m:2754261,-
0iiHY4Rbr85fD6sSu2vXVX,Pipe Types:DYKA PP Binnenriolering_Afvoerbuis 5m:2754267,-
0iiHY4Rbr85fD6sSu2vXVP,Pipe Types:DYKA PP Binnenriolering_Afvoerbuis 5m:2754275,-
0iiHY4Rbr85fD6sSu2vXVV,Pipe Types:DYKA PP Binnenriolering_Afvoerbuis 5m:2754277,-
0iiHY4Rbr85fD6sSu2vXVI,Pipe Types:DYKA PP Binnenriolering_Afvoerbuis 5m:2754280,-
0iiHY4Rbr85fD6sSu2vXVN,Pipe Types:DYKA PP Binnenriolering_Afvoerbuis 5m:2754285,-
0iiHY4Rbr85fD6sSu2vXVL,Pipe Types:DYKA PP Binnenriolering_Afvoerbuis 5m:2754287,-
0iiHY4Rbr85fD6sSu2vXOp,Pipe Types:DYKA PP Binnenriolering_Afvoerbuis 5m:2754313,-
0iiHY4Rbr85fD6sSu2vXOt,Pipe Types:DYKA PP Binnenriolering_Afvoerbuis 5m:2754317,-
0iiHY4Rbr85fD6sSu2vXOh,Pipe Types:DYKA PP Binnenriolering_Afvoerbuis 5m:2754321,-
0iiHY4Rbr85fD6sSu2vXOj,Pipe Types:DYKA PP Binnenriolering_Afvoerbuis 5m:2754327,-
0iiHY4Rbr85fD6sSu2vXOX,Pipe Types:DYKA PP Binnenriolering_Afvoerbuis 5m:2754331,-
0iiHY4Rbr85fD6sSu2vXOd,Pipe Types:DYKA PP Binnenriolering_Afvoerbuis 5m:2754333,-
0iiHY4Rbr85fD6sSu2vXOJ,Pipe Types:DYKA PP Binnenriolering_Afvoerbuis 5m:2754345,-
0iiHY4Rbr85fD6sSu2vXOK,Pipe Types:DYKA PP Binnenriolering_Afvoerbuis 5m:2754350,-
0iiHY4Rbr85fD6sSu2vXOB,Pipe Types:DYKA PP Binnenriolering_Afvoerbuis 5m:2754353,-
0iiHY4Rbr85fD6sSu2vXPf,Pipe Types:DYKA PP Binnenriolering_Afvoerbuis 5m:2754387,-
0iiHY4Rbr85fD6sSu2vXPl,Pipe Types:DYKA PP Binnenriolering_Afvoerbuis 5m:2754389,-
0iiHY4Rbr85fD6sSu2vXPd,Pipe Types:DYKA PP Binnenriolering_Afvoerbuis 5m:2754397,-
0iiHY4Rbr85fD6sSu2vXPP,Pipe Types:DYKA PP Binnenriolering_Afvoerbuis 5m:2754403,-
0iiHY4Rbr85fD6sSu2vXPH,Pipe Types:DYKA PP Binnenriolering_Afvoerbuis 5m:2754411,-
0iiHY4Rbr85fD6sSu2vXPN,Pipe Types:DYKA PP Binnenriolering_Afvoerbuis 5m:2754413,-
0iiHY4Rbr85fD6sSu2vXPA,Pipe Types:DYKA PP Binnenriolering_Afvoerbuis 5m:2754416,-
0iiHY4Rbr85fD6sSu2vXPF,Pipe Types:DYKA PP Binnenriolering_Afvoerbuis 5m:2754421,-
0iiHY4Rbr85fD6sSu2vXPD,Pipe Types:DYKA PP Binnenriolering_Afvoerbuis 5m:2754423,-
0iiHY4Rbr85fD6sSu2vXQh,Pipe Types:DYKA PP Binnenriolering_Afvoerbuis 5m:2754449,-
0iiHY4Rbr85fD6sSu2vXQl,Pipe Types:DYKA PP Binnenriolering_Afvoerbuis 5m:2754453,-
0iiHY4Rbr85fD6sSu2vXQZ,Pipe Types:DYKA PP Binnenriolering_Afvoerbuis 5m:2754457,-
0iiHY4Rbr85fD6sSu2vXQb,Pipe Types:DYKA PP Binnenriolering_Afvoerbuis 5m:2754463,-
0iiHY4Rbr85fD6sSu2vXQP,Pipe Types:DYKA PP Binnenriolering_Afvoerbuis 5m:2754467,-
0iiHY4Rbr85fD6sSu2vXQV,Pipe Types:DYKA PP Binnenriolering_Afvoerbuis 5m:2754469,-
0iiHY4Rbr85fD6sSu2vXQG,Pipe Types:DYKA PP Binnenriolering_Afvoerbuis 5m:2754474,-
0iiHY4Rbr85fD6sSu2vXQB,Pipe Types:DYKA PP Binnenriolering_Afvoerbuis 5m:2754481,-
0iiHY4Rbr85fD6sSu2vXQC,Pipe Types:DYKA PP Binnenriolering_Afvoerbuis 5m:2754486,-
0iiHY4Rbr85fD6sSu2vXQ3,Pipe Types:DYKA PP Binnenriolering_Afvoerbuis 5m:2754489,-
0iiHY4Rbr85fD6sSu2vXRo,Pipe Types:DYKA PP Binnenriolering_Afvoerbuis 5m:2754504,-
0iiHY4Rbr85fD6sSu2vXRm,Pipe Types:DYKA PP Binnenriolering_Afvoerbuis 5m:2754506,-
0iiHY4Rbr85fD6sSu2vXRe,Pipe Types:DYKA PP Binnenriolering_Afvoerbuis 5m:2754514,-
0iiHY4Rbr85fD6sSu2vXRY,Pipe Types:DYKA PP Binnenriolering_Afvoerbuis 5m:2754520,-
0iiHY4Rbr85fD6sSu2vXRQ,Pipe Types:DYKA PP Binnenriolering_Afvoerbuis 5m:2754528,-
0iiHY4Rbr85fD6sSu2vXRO,Pipe Types:DYKA PP Binnenriolering_Afvoerbuis 5m:2754530,-
0iiHY4Rbr85fD6sSu2vXRV,Pipe Types:DYKA PP Binnenriolering_Afvoerbuis 5m:2754533,-
0iiHY4Rbr85fD6sSu2vXRG,Pipe Types:DYKA PP Binnenriolering_Afvoerbuis 5m:2754538,-
0iiHY4Rbr85fD6sSu2vXRM,Pipe Types:DYKA PP Binnenriolering_Afvoerbuis 5m:2754540,-
0iiHY4Rbr85fD6sSu2vXay,Pipe Types:DYKA PP Binnenriolering_Afvoerbuis 5m:2754566,-
0iiHY4Rbr85fD6sSu2vXam,Pipe Types:DYKA PP Binnenriolering_Afvoerbuis 5m:2754570,-
0iiHY4Rbr85fD6sSu2vXaq,Pipe Types:DYKA PP Binnenriolering_Afvoerbuis 5m:2754574,-
0iiHY4Rbr85fD6sSu2vXak,Pipe Types:DYKA PP Binnenriolering_Afvoerbuis 5m:2754580,-
0iiHY4Rbr85fD6sSu2vXaY,Pipe Types:DYKA PP Binnenriolering_Afvoerbuis 5m:2754584,-
0iiHY4Rbr85fD6sSu2vXaW,Pipe Types:DYKA PP Binnenriolering_Afvoerbuis 5m:2754586,-
0iiHY4Rbr85fD6sSu2vXaS,Pipe Types:DYKA PP Binnenriolering_Afvoerbuis 5m:2754598,-
0iiHY4Rbr85fD6sSu2vXaH,Pipe Types:DYKA PP Binnenriolering_Afvoerbuis 5m:2754603,-
0iiHY4Rbr85fD6sSu2vXaK,Pipe Types:DYKA PP Binnenriolering_Afvoerbuis 5m:2754606,-
0iiHY4Rbr85fD6sSu2vXba,Pipe Types:DYKA PP Binnenriolering_Afvoerbuis 5m:2754654,-
0iiHY4Rbr85fD6sSu2vXbQ,Pipe Types:DYKA PP Binnenriolering_Afvoerbuis 5m:2754656,-
0iiHY4Rbr85fD6sSu2vXbG,Pipe Types:DYKA PP Binnenriolering_Afvoerbuis 5m:2754666,-
0iiHY4Rbr85fD6sSu2vXbM,Pipe Types:DYKA PP Binnenriolering_Afvoerbuis 5m:2754668,-
0iiHY4Rbr85fD6sSu2vXbK,Pipe Types:DYKA PP Binnenriolering_Afvoerbuis 5m:2754670,-
0iiHY4Rbr85fD6sSu2vXbB,Pipe Types:DYKA PP Binnenriolering_Afvoerbuis 5m:2754673,-
0iiHY4Rbr85fD6sSu2vXb5,Pipe Types:DYKA PP Binnenriolering_Afvoerbuis 5m:2754687,-
0iiHY4Rbr85fD6sSu2vXcx,Pipe Types:DYKA PP Binnenriolering_Afvoerbuis 5m:2754689,-
0iiHY4Rbr85fD6sSu2vXc_,Pipe Types:DYKA PP Binnenriolering_Afvoerbuis 5m:2754692,-
0iiHY4Rbr85fD6sSu2vXce,Pipe Types:DYKA PP Binnenriolering_Afvoerbuis 5m:2754706,-
0iiHY4Rbr85fD6sSu2vXcW,Pipe Types:DYKA PP Binnenriolering_Afvoerbuis 5m:2754714,-
0iiHY4Rbr85fD6sSu2vXcc,Pipe Types:DYKA PP Binnenriolering_Afvoerbuis 5m:2754716,-
0iiHY4Rbr85fD6sSu2vXcU,Pipe Types:DYKA PP Binnenriolering_Afvoerbuis 5m:2754724,-
0iiHY4Rbr85fD6sSu2vXcS,Pipe Types:DYKA PP Binnenriolering_Afvoerbuis 5m:2754726,-
0iiHY4Rbr85fD6sSu2vXcJ,Pipe Types:DYKA PP Binnenriolering_Afvoerbuis 5m:2754729,-
0iiHY4Rbr85fD6sSu2vXcC,Pipe Types:DYKA PP Binnenriolering_Afvoerbuis 5m:2754742,-
0iiHY4Rbr85fD6sSu2vXdu,Pipe Types:DYKA PP Binnenriolering_Afvoerbuis 5m:2754754,-
0iiHY4Rbr85fD6sSu2vXdm,Pipe Types:DYKA PP Binnenriolering_Afvoerbuis 5m:2754762,-
0iiHY4Rbr85fD6sSu2vXds,Pipe Types:DYKA PP Binnenriolering_Afvoerbuis 5m:2754764,-
0iiHY4Rbr85fD6sSu2vXdU,Pipe Types:DYKA PP Binnenriolering_Afvoerbuis 5m:2754788,-
3Lb6Ybrq1F3O2ShwRj2bww,Pipe Types:DYKA PP Binnenriolering_Afvoerbuis 5m:2756417,-
3Lb6Ybrq1F3O2ShwRj2bwu,Pipe Types:DYKA PP Binnenriolering_Afvoerbuis 5m:2756419,-
3Lb6Ybrq1F3O2ShwRj2bwc,Pipe Types:DYKA PP Binnenriolering_Afvoerbuis 5m:2756445,-
3Lb6Ybrq1F3O2ShwRj2bwO,Pipe Types:DYKA PP Binnenriolering_Afvoerbuis 5m:2756451,-
3Lb6Ybrq1F3O2ShwRj2bwC,Pipe Types:DYKA PP Binnenriolering_Afvoerbuis 5m:2756471,-
3Lb6Ybrq1F3O2ShwRj2bw1,Pipe Types:DYKA PP Binnenriolering_Afvoerbuis 5m:2756474,-
3Lb6Ybrq1F3O2ShwRj2bw5,Pipe Types:DYKA PP Binnenriolering_Afvoerbuis 5m:2756478,-
3Lb6Ybrq1F3O2ShwRj2bv_,Pipe Types:DYKA PP Binnenriolering_Afvoerbuis 5m:2756485,-
3Lb6Ybrq1F3O2ShwRj2bvk,Pipe Types:DYKA PP Binnenriolering_Afvoerbuis 5m:2756501,-
0Kr0oy8TnEgAjLEUsvfaF$,Pipe Types:DYKA PP Binnenriolering_Afvoerbuis 5m:2757237,-
0Kr0oy8TnEgAjLEUsvfaFz,Pipe Types:DYKA PP Binnenriolering_Afvoerbuis 5m:2757239,-
0Kr0oy8TnEgAjLEUsvfaCR,Pipe Types:DYKA PP Binnenriolering_Afvoerbuis 5m:2757265,-
0Kr0oy8TnEgAjLEUsvfaCT,Pipe Types:DYKA PP Binnenriolering_Afvoerbuis 5m:2757271,-
0Kr0oy8TnEgAjLEUsvfaCX,Pipe Types:DYKA PP Binnenriolering_Afvoerbuis 5m:2757291,-
0Kr0oy8TnEgAjLEUsvfaCa,Pipe Types:DYKA PP Binnenriolering_Afvoerbuis 5m:2757294,-
0Kr0oy8TnEgAjLEUsvfaCu,Pipe Types:DYKA PP Binnenriolering_Afvoerbuis 5m:2757298,-
0Kr0oy8TnEgAjLEUsvfaCp,Pipe Types:DYKA PP Binnenriolering_Afvoerbuis 5m:2757305,-
0Kr0oy8TnEgAjLEUsvfaD3,Pipe Types:DYKA PP Binnenriolering_Afvoerbuis 5m:2757321,-
0Kr0oy8TnEgAjLEUsvfaKX,Pipe Types:DYKA PP Binnenriolering_Afvoerbuis 5m:2757803,-
0Kr0oy8TnEgAjLEUsvfaKd,Pipe Types:DYKA PP Binnenriolering_Afvoerbuis 5m:2757805,-
0Kr0oy8TnEgAjLEUsvfaK$,Pipe Types:DYKA PP Binnenriolering_Afvoerbuis 5m:2757813,-
0Kr0oy8TnEgAjLEUsvfaKn,Pipe Types:DYKA PP Binnenriolering_Afvoerbuis 5m:2757819,-
0Kr0oy8TnEgAjLEUsvfaL9,Pipe Types:DYKA PP Binnenriolering_Afvoerbuis 5m:2757827,-
0Kr0oy8TnEgAjLEUsvfaLF,Pipe Types:DYKA PP Binnenriolering_Afvoerbuis 5m:2757829,-
0Kr0oy8TnEgAjLEUsvfaL2,Pipe Types:DYKA PP Binnenriolering_Afvoerbuis 5m:2757832,-
0Kr0oy8TnEgAjLEUsvfaL7,Pipe Types:DYKA PP Binnenriolering_Afvoerbuis 5m:2757837,-
0Kr0oy8TnEgAjLEUsvfaL5,Pipe Types:DYKA PP Binnenriolering_Afvoerbuis 5m:2757839,-
0Kr0oy8TnEgAjLEUsvfaLZ,Pipe Types:DYKA PP Binnenriolering_Afvoerbuis 5m:2757865,-
0Kr0oy8TnEgAjLEUsvfaLd,Pipe Types:DYKA PP Binnenriolering_Afvoerbuis 5m:2757869,-
0Kr0oy8TnEgAjLEUsvfaLx,Pipe Types:DYKA PP Binnenriolering_Afvoerbuis 5m:2757873,-
0Kr0oy8TnEgAjLEUsvfaLz,Pipe Types:DYKA PP Binnenriolering_Afvoerbuis 5m:2757879,-
0Kr0oy8TnEgAjLEUsvfaLn,Pipe Types:DYKA PP Binnenriolering_Afvoerbuis 5m:2757883,-
0Kr0oy8TnEgAjLEUsvfaLt,Pipe Types:DYKA PP Binnenriolering_Afvoerbuis 5m:2757885,-
0Kr0oy8TnEgAjLEUsvfaI8,Pipe Types:DYKA PP Binnenriolering_Afvoerbuis 5m:2757890,-
0Kr0oy8TnEgAjLEUsvfaI3,Pipe Types:DYKA PP Binnenriolering_Afvoerbuis 5m:2757897,-
0Kr0oy8TnEgAjLEUsvfaI4,Pipe Types:DYKA PP Binnenriolering_Afvoerbuis 5m:2757902,-
0Kr0oy8TnEgAjLEUsvfaIR,Pipe Types:DYKA PP Binnenriolering_Afvoerbuis 5m:2757905,-
0Kr0oy8TnEgAjLEUsvfaIg,Pipe Types:DYKA PP Binnenriolering_Afvoerbuis 5m:2757920,-
0Kr0oy8TnEgAjLEUsvfaIe,Pipe Types:DYKA PP Binnenriolering_Afvoerbuis 5m:2757922,-
0Kr0oy8TnEgAjLEUsvfaIW,Pipe Types:DYKA PP Binnenriolering_Afvoerbuis 5m:2757930,-
0Kr0oy8TnEgAjLEUsvfaIw,Pipe Types:DYKA PP Binnenriolering_Afvoerbuis 5m:2757936,-
0Kr0oy8TnEgAjLEUsvfaIo,Pipe Types:DYKA PP Binnenriolering_Afvoerbuis 5m:2757944,-
0Kr0oy8TnEgAjLEUsvfaIm,Pipe Types:DYKA PP Binnenriolering_Afvoerbuis 5m:2757946,-
0Kr0oy8TnEgAjLEUsvfaIt,Pipe Types:DYKA PP Binnenriolering_Afvoerbuis 5m:2757949,-
0Kr0oy8TnEgAjLEUsvfaJ8,Pipe Types:DYKA PP Binnenriolering_Afvoerbuis 5m:2757954,-
0Kr0oy8TnEgAjLEUsvfaJE,Pipe Types:DYKA PP Binnenriolering_Afvoerbuis 5m:2757956,-
0Kr0oy8TnEgAjLEUsvfaJK,Pipe Types:DYKA PP Binnenriolering_Afvoerbuis 5m:2757982,-
0Kr0oy8TnEgAjLEUsvfaJe,Pipe Types:DYKA PP Binnenriolering_Afvoerbuis 5m:2757986,-
0Kr0oy8TnEgAjLEUsvfaJi,Pipe Types:DYKA PP Binnenriolering_Afvoerbuis 5m:2757990,-
0Kr0oy8TnEgAjLEUsvfaJc,Pipe Types:DYKA PP Binnenriolering_Afvoerbuis 5m:2757996,-
0Kr0oy8TnEgAjLEUsvfaJw,Pipe Types:DYKA PP Binnenriolering_Afvoerbuis 5m:2758000,-
0Kr0oy8TnEgAjLEUsvfaJu,Pipe Types:DYKA PP Binnenriolering_Afvoerbuis 5m:2758002,-
0Kr0oy8TnEgAjLEUsvfaJq,Pipe Types:DYKA PP Binnenriolering_Afvoerbuis 5m:2758014,-
0Kr0oy8TnEgAjLEUsvfaG9,Pipe Types:DYKA PP Binnenriolering_Afvoerbuis 5m:2758019,-
0Kr0oy8TnEgAjLEUsvfaGC,Pipe Types:DYKA PP Binnenriolering_Afvoerbuis 5m:2758022,-
0Kr0oy8TnEgAjLEUsvfaGV,Pipe Types:DYKA PP Binnenriolering_Afvoerbuis 5m:2758037,-
0Kr0oy8TnEgAjLEUsvfaGT,Pipe Types:DYKA PP Binnenriolering_Afvoerbuis 5m:2758039,-
0Kr0oy8TnEgAjLEUsvfaGL,Pipe Types:DYKA PP Binnenriolering_Afvoerbuis 5m:2758047,-
0Kr0oy8TnEgAjLEUsvfaGl,Pipe Types:DYKA PP Binnenriolering_Afvoerbuis 5m:2758053,-
0Kr0oy8TnEgAjLEUsvfaGd,Pipe Types:DYKA PP Binnenriolering_Afvoerbuis 5m:2758061,-
0Kr0oy8TnEgAjLEUsvfaGb,Pipe Types:DYKA PP Binnenriolering_Afvoerbuis 5m:2758063,-
0Kr0oy8TnEgAjLEUsvfaGu,Pipe Types:DYKA PP Binnenriolering_Afvoerbuis 5m:2758066,-
0Kr0oy8TnEgAjLEUsvfaGz,Pipe Types:DYKA PP Binnenriolering_Afvoerbuis 5m:2758071,-
0Kr0oy8TnEgAjLEUsvfaGp,Pipe Types:DYKA PP Binnenriolering_Afvoerbuis 5m:2758073,-
0Kr0oy8TnEgAjLEUsvfaHP,Pipe Types:DYKA PP Binnenriolering_Afvoerbuis 5m:2758099,-
0Kr0oy8TnEgAjLEUsvfaHT,Pipe Types:DYKA PP Binnenriolering_Afvoerbuis 5m:2758103,-
0Kr0oy8TnEgAjLEUsvfaHH,Pipe Types:DYKA PP Binnenriolering_Afvoerbuis 5m:2758107,-
0Kr0oy8TnEgAjLEUsvfaHh,Pipe Types:DYKA PP Binnenriolering_Afvoerbuis 5m:2758113,-
0Kr0oy8TnEgAjLEUsvfaHl,Pipe Types:DYKA PP Binnenriolering_Afvoerbuis 5m:2758117,-
0Kr0oy8TnEgAjLEUsvfaHj,Pipe Types:DYKA PP Binnenriolering_Afvoerbuis 5m:2758119,-
0Kr0oy8TnEgAjLEUsvfaHc,Pipe Types:DYKA PP Binnenriolering_Afvoerbuis 5m:2758124,-
0Kr0oy8TnEgAjLEUsvfaHv,Pipe Types:DYKA PP Binnenriolering_Afvoerbuis 5m:2758131,-
0Kr0oy8TnEgAjLEUsvfaHo,Pipe Types:DYKA PP Binnenriolering_Afvoerbuis 5m:2758136,-
0Kr0oy8TnEgAjLEUsvfaHn,Pipe Types:DYKA PP Binnenriolering_Afvoerbuis 5m:2758139,-
0Kr0oy8TnEgAjLEUsvfaU0,Pipe Types:DYKA PP Binnenriolering_Afvoerbuis 5m:2758154,-
0Kr0oy8TnEgAjLEUsvfaU6,Pipe Types:DYKA PP Binnenriolering_Afvoerbuis 5m:2758156,-
0Kr0oy8TnEgAjLEUsvfaUU,Pipe Types:DYKA PP Binnenriolering_Afvoerbuis 5m:2758164,-
0Kr0oy8TnEgAjLEUsvfaUG,Pipe Types:DYKA PP Binnenriolering_Afvoerbuis 5m:2758170,-
0Kr0oy8TnEgAjLEUsvfaUe,Pipe Types:DYKA PP Binnenriolering_Afvoerbuis 5m:2758178,-
0Kr0oy8TnEgAjLEUsvfaUk,Pipe Types:DYKA PP Binnenriolering_Afvoerbuis 5m:2758180,-
0Kr0oy8TnEgAjLEUsvfaUj,Pipe Types:DYKA PP Binnenriolering_Afvoerbuis 5m:2758183,-
0Kr0oy8TnEgAjLEUsvfaUc,Pipe Types:DYKA PP Binnenriolering_Afvoerbuis 5m:2758188,-
0Kr0oy8TnEgAjLEUsvfaUa,Pipe Types:DYKA PP Binnenriolering_Afvoerbuis 5m:2758190,-
0Kr0oy8TnEgAjLEUsvfaV2,Pipe Types:DYKA PP Binnenriolering_Afvoerbuis 5m:2758216,-
0Kr0oy8TnEgAjLEUsvfaV6,Pipe Types:DYKA PP Binnenriolering_Afvoerbuis 5m:2758220,-
0Kr0oy8TnEgAjLEUsvfaVQ,Pipe Types:DYKA PP Binnenriolering_Afvoerbuis 5m:2758224,-
0Kr0oy8TnEgAjLEUsvfaVS,Pipe Types:DYKA PP Binnenriolering_Afvoerbuis 5m:2758230,-
0Kr0oy8TnEgAjLEUsvfaVG,Pipe Types:DYKA PP Binnenriolering_Afvoerbuis 5m:2758234,-
0Kr0oy8TnEgAjLEUsvfaVM,Pipe Types:DYKA PP Binnenriolering_Afvoerbuis 5m:2758236,-
0Kr0oy8TnEgAjLEUsvfaVY,Pipe Types:DYKA PP Binnenriolering_Afvoerbuis 5m:2758248,-
0Kr0oy8TnEgAjLEUsvfaVd,Pipe Types:DYKA PP Binnenriolering_Afvoerbuis 5m:2758253,-
0Kr0oy8TnEgAjLEUsvfaVw,Pipe Types:DYKA PP Binnenriolering_Afvoerbuis 5m:2758256,-
0Kr0oy8TnEgAjLEUsvfaVr,Pipe Types:DYKA PP Binnenriolering_Afvoerbuis 5m:2758271,-
0Kr0oy8TnEgAjLEUsvfaSB,Pipe Types:DYKA PP Binnenriolering_Afvoerbuis 5m:2758273,-
0Kr0oy8TnEgAjLEUsvfaS3,Pipe Types:DYKA PP Binnenriolering_Afvoerbuis 5m:2758281,-
0Kr0oy8TnEgAjLEUsvfaS5,Pipe Types:DYKA PP Binnenriolering_Afvoerbuis 5m:2758287,-
0Kr0oy8TnEgAjLEUsvfaST,Pipe Types:DYKA PP Binnenriolering_Afvoerbuis 5m:2758295,-
0Kr0oy8TnEgAjLEUsvfaSJ,Pipe Types:DYKA PP Binnenriolering_Afvoerbuis 5m:2758297,-
0Kr0oy8TnEgAjLEUsvfaSM,Pipe Types:DYKA PP Binnenriolering_Afvoerbuis 5m:2758300,-
0Kr0oy8TnEgAjLEUsvfaSh,Pipe Types:DYKA PP Binnenriolering_Afvoerbuis 5m:2758305,-
0Kr0oy8TnEgAjLEUsvfaSf,Pipe Types:DYKA PP Binnenriolering_Afvoerbuis 5m:2758307,-
0Kr0oy8TnEgAjLEUsvfaSt,Pipe Types:DYKA PP Binnenriolering_Afvoerbuis 5m:2758333,-
0Kr0oy8TnEgAjLEUsvfaTB,Pipe Types:DYKA PP Binnenriolering_Afvoerbuis 5m:2758337,-
0Kr0oy8TnEgAjLEUsvfaTF,Pipe Types:DYKA PP Binnenriolering_Afvoerbuis 5m:2758341,-
0Kr0oy8TnEgAjLEUsvfaT1,Pipe Types:DYKA PP Binnenriolering_Afvoerbuis 5m:2758347,-
0Kr0oy8TnEgAjLEUsvfaT5,Pipe Types:DYKA PP Binnenriolering_Afvoerbuis 5m:2758351,-
0Kr0oy8TnEgAjLEUsvfaTR,Pipe Types:DYKA PP Binnenriolering_Afvoerbuis 5m:2758353,-
0Kr0oy8TnEgAjLEUsvfaTS,Pipe Types:DYKA PP Binnenriolering_Afvoerbuis 5m:2758358,-
0Kr0oy8TnEgAjLEUsvfaTN,Pipe Types:DYKA PP Binnenriolering_Afvoerbuis 5m:2758365,-
0Kr0oy8TnEgAjLEUsvfaTe,Pipe Types:DYKA PP Binnenriolering_Afvoerbuis 5m:2758370,-
0Kr0oy8TnEgAjLEUsvfaTl,Pipe Types:DYKA PP Binnenriolering_Afvoerbuis 5m:2758373,-
0Kr0oy8TnEgAjLEUsvfaT_,Pipe Types:DYKA PP Binnenriolering_Afvoerbuis 5m:2758388,-
0Kr0oy8TnEgAjLEUsvfaTy,Pipe Types:DYKA PP Binnenriolering_Afvoerbuis 5m:2758390,-
0Kr0oy8TnEgAjLEUsvfaTq,Pipe Types:DYKA PP Binnenriolering_Afvoerbuis 5m:2758398,-
0Kr0oy8TnEgAjLEUsvfaQE,Pipe Types:DYKA PP Binnenriolering_Afvoerbuis 5m:2758404,-
0Kr0oy8TnEgAjLEUsvfaQ6,Pipe Types:DYKA PP Binnenriolering_Afvoerbuis 5m:2758412,-
0Kr0oy8TnEgAjLEUsvfaQ4,Pipe Types:DYKA PP Binnenriolering_Afvoerbuis 5m:2758414,-
0Kr0oy8TnEgAjLEUsvfaQR,Pipe Types:DYKA PP Binnenriolering_Afvoerbuis 5m:2758417,-
0Kr0oy8TnEgAjLEUsvfaQS,Pipe Types:DYKA PP Binnenriolering_Afvoerbuis 5m:2758422,-
0Kr0oy8TnEgAjLEUsvfaQI,Pipe Types:DYKA PP Binnenriolering_Afvoerbuis 5m:2758424,-
0Kr0oy8TnEgAjLEUsvfaQu,Pipe Types:DYKA PP Binnenriolering_Afvoerbuis 5m:2758450,-
0Kr0oy8TnEgAjLEUsvfaQy,Pipe Types:DYKA PP Binnenriolering_Afvoerbuis 5m:2758454,-
0Kr0oy8TnEgAjLEUsvfaQm,Pipe Types:DYKA PP Binnenriolering_Afvoerbuis 5m:2758458,-
0Kr0oy8TnEgAjLEUsvfaRA,Pipe Types:DYKA PP Binnenriolering_Afvoerbuis 5m:2758464,-
0Kr0oy8TnEgAjLEUsvfaRE,Pipe Types:DYKA PP Binnenriolering_Afvoerbuis 5m:2758468,-
0Kr0oy8TnEgAjLEUsvfaRC,Pipe Types:DYKA PP Binnenriolering_Afvoerbuis 5m:2758470,-
0Kr0oy8TnEgAjLEUsvfaRO,Pipe Types:DYKA PP Binnenriolering_Afvoerbuis 5m:2758482,-
0Kr0oy8TnEgAjLEUsvfaRT,Pipe Types:DYKA PP Binnenriolering_Afvoerbuis 5m:2758487,-
0Kr0oy8TnEgAjLEUsvfaRG,Pipe Types:DYKA PP Binnenriolering_Afvoerbuis 5m:2758490,-
0Kr0oy8TnEgAjLEUsvfaRW,Pipe Types:DYKA PP Binnenriolering_Afvoerbuis 5m:2758506,-
0Kr0oy8TnEgAjLEUsvfaRc,Pipe Types:DYKA PP Binnenriolering_Afvoerbuis 5m:2758508,-
0Kr0oy8TnEgAjLEUsvfaRy,Pipe Types:DYKA PP Binnenriolering_Afvoerbuis 5m:2758518,-
0Kr0oy8TnEgAjLEUsvfaRo,Pipe Types:DYKA PP Binnenriolering_Afvoerbuis 5m:2758520,-
0Kr0oy8TnEgAjLEUsvfaRm,Pipe Types:DYKA PP Binnenriolering_Afvoerbuis 5m:2758522,-
0Kr0oy8TnEgAjLEUsvfaRt,Pipe Types:DYKA PP Binnenriolering_Afvoerbuis 5m:2758525,-
0Kr0oy8TnEgAjLEUsvfaO1,Pipe Types:DYKA PP Binnenriolering_Afvoerbuis 5m:2758539,-
0Kr0oy8TnEgAjLEUsvfaO7,Pipe Types:DYKA PP Binnenriolering_Afvoerbuis 5m:2758541,-
0Kr0oy8TnEgAjLEUsvfaOQ,Pipe Types:DYKA PP Binnenriolering_Afvoerbuis 5m:2758544,-
0Kr0oy8TnEgAjLEUsvfaOK,Pipe Types:DYKA PP Binnenriolering_Afvoerbuis 5m:2758558,-
0Kr0oy8TnEgAjLEUsvfaOi,Pipe Types:DYKA PP Binnenriolering_Afvoerbuis 5m:2758566,-
0Kr0oy8TnEgAjLEUsvfaOY,Pipe Types:DYKA PP Binnenriolering_Afvoerbuis 5m:2758568,-
0Kr0oy8TnEgAjLEUsvfaOw,Pipe Types:DYKA PP Binnenriolering_Afvoerbuis 5m:2758576,-
0Kr0oy8TnEgAjLEUsvfaOu,Pipe Types:DYKA PP Binnenriolering_Afvoerbuis 5m:2758578,-
0Kr0oy8TnEgAjLEUsvfaO$,Pipe Types:DYKA PP Binnenriolering_Afvoerbuis 5m:2758581,-
0Kr0oy8TnEgAjLEUsvfaP8,Pipe Types:DYKA PP Binnenriolering_Afvoerbuis 5m:2758594,-
0Kr0oy8TnEgAjLEUsvfaP4,Pipe Types:DYKA PP Binnenriolering_Afvoerbuis 5m:2758606,-
0Kr0oy8TnEgAjLEUsvfaPS,Pipe Types:DYKA PP Binnenriolering_Afvoerbuis 5m:2758614,-
0Kr0oy8TnEgAjLEUsvfaPI,Pipe Types:DYKA PP Binnenriolering_Afvoerbuis 5m:2758616,-
0Kr0oy8TnEgAjLEUsvfaPw,Pipe Types:DYKA PP Binnenriolering_Afvoerbuis 5m:2758640,-
0zskksl1fFWA9OsV5cWP$N,Pipe Types:DYKA PP Binnenriolering_Afvoerbuis 5m:2769121,-
0zskksl1fFWA9OsV5cWP$V,Pipe Types:DYKA PP Binnenriolering_Afvoerbuis 5m:2769129,-
0zskksl1fFWA9OsV5cWP$5,Pipe Types:DYKA PP Binnenriolering_Afvoerbuis 5m:2769139,-
0zskksl1fFWA9OsV5cWP$3,Pipe Types:DYKA PP Binnenriolering_Afvoerbuis 5m:2769141,-
0zskksl1fFWA9OsV5cWP$B,Pipe Types:DYKA PP Binnenriolering_Afvoerbuis 5m:2769149,-
0zskksl1fFWA9OsV5cWP$9,Pipe Types:DYKA PP Binnenriolering_Afvoerbuis 5m:2769151,-
0zskksl1fFWA9OsV5cWPuq,Pipe Types:DYKA PP Binnenriolering_Afvoerbuis 5m:2769154,-
0zskksl1fFWA9OsV5cWPuv,Pipe Types:DYKA PP Binnenriolering_Afvoerbuis 5m:2769167,-
0zskksl1fFWA9OsV5cWPuj,Pipe Types:DYKA PP Binnenriolering_Afvoerbuis 5m:2769179,-
0zskksl1fFWA9OsV5cWPuh,Pipe Types:DYKA PP Binnenriolering_Afvoerbuis 5m:2769181,-
0zskksl1fFWA9OsV5cWPuN,Pipe Types:DYKA PP Binnenriolering_Afvoerbuis 5m:2769185,-
0zskksl1fFWA9OsV5cWPu7,Pipe Types:DYKA PP Binnenriolering_Afvoerbuis 5m:2769201,-
0zskksl1fFWA9OsV5cWPu1,Pipe Types:DYKA PP Binnenriolering_Afvoerbuis 5m:2769207,-
0zskksl1fFWA9OsV5cWPuF,Pipe Types:DYKA PP Binnenriolering_Afvoerbuis 5m:2769209,-
0zskksl1fFWA9OsV5cWPuB,Pipe Types:DYKA PP Binnenriolering_Afvoerbuis 5m:2769213,-
0zskksl1fFWA9OsV5cWPvt,Pipe Types:DYKA PP Binnenriolering_Afvoerbuis 5m:2769217,-
0zskksl1fFWA9OsV5cWPvr,Pipe Types:DYKA PP Binnenriolering_Afvoerbuis 5m:2769219,-
0zskksl1fFWA9OsV5cWPvm,Pipe Types:DYKA PP Binnenriolering_Afvoerbuis 5m:2769222,-
0zskksl1fFWA9OsV5cWPva,Pipe Types:DYKA PP Binnenriolering_Afvoerbuis 5m:2769234,-
0zskksl1fFWA9OsV5cWPvY,Pipe Types:DYKA PP Binnenriolering_Afvoerbuis 5m:2769236,-
0zskksl1fFWA9OsV5cWPvX,Pipe Types:DYKA PP Binnenriolering_Afvoerbuis 5m:2769239,-
0zskksl1fFWA9OsV5cWPvM,Pipe Types:DYKA PP Binnenriolering_Afvoerbuis 5m:2769248,-
0zskksl1fFWA9OsV5cWPvT,Pipe Types:DYKA PP Binnenriolering_Afvoerbuis 5m:2769259,-
0zskksl1fFWA9OsV5cWPvR,Pipe Types:DYKA PP Binnenriolering_Afvoerbuis 5m:2769261,-
0zskksl1fFWA9OsV5cWPxs,Pipe Types:DYKA PP Binnenriolering_Afvoerbuis 5m:2769344,-
0zskksl1fFWA9OsV5cWPnt,Pipe Types:DYKA PP Binnenriolering_Afvoerbuis 5m:2769729,-
0zskksl1fFWA9OsV5cWPnr,Pipe Types:DYKA PP Binnenriolering_Afvoerbuis 5m:2769731,-
0zskksl1fFWA9OsV5cWPnp,Pipe Types:DYKA PP Binnenriolering_Afvoerbuis 5m:2769733,-
0zskksl1fFWA9OsV5cWPn_,Pipe Types:DYKA PP Binnenriolering_Afvoerbuis 5m:2769736,-
0zskksl1fFWA9OsV5cWPnc,Pipe Types:DYKA PP Binnenriolering_Afvoerbuis 5m:2769744,-
0zskksl1fFWA9OsV5cWPna,Pipe Types:DYKA PP Binnenriolering_Afvoerbuis 5m:2769746,-
0zskksl1fFWA9OsV5cWPnG,Pipe Types:DYKA PP Binnenriolering_Afvoerbuis 5m:2769766,-
0zskksl1fFWA9OsV5cWPnU,Pipe Types:DYKA PP Binnenriolering_Afvoerbuis 5m:2769768,-
0zskksl1fFWA9OsV5cWPnT,Pipe Types:DYKA PP Binnenriolering_Afvoerbuis 5m:2769771,-
0zskksl1fFWA9OsV5cWPp2,Pipe Types:DYKA PP Binnenriolering_Afvoerbuis 5m:2769908,-
0zskksl1fFWA9OsV5cWPp0,Pipe Types:DYKA PP Binnenriolering_Afvoerbuis 5m:2769910,-
0zskksl1fFWA9OsV5cWPpE,Pipe Types:DYKA PP Binnenriolering_Afvoerbuis 5m:2769912,-
0zskksl1fFWA9OsV5cWPpD,Pipe Types:DYKA PP Binnenriolering_Afvoerbuis 5m:2769915,-
0zskksl1fFWA9OsV5cWPir,Pipe Types:DYKA PP Binnenriolering_Afvoerbuis 5m:2769923,-
0zskksl1fFWA9OsV5cWPip,Pipe Types:DYKA PP Binnenriolering_Afvoerbuis 5m:2769925,-
0zskksl1fFWA9OsV5cWPil,Pipe Types:DYKA PP Binnenriolering_Afvoerbuis 5m:2769945,-
0zskksl1fFWA9OsV5cWPij,Pipe Types:DYKA PP Binnenriolering_Afvoerbuis 5m:2769947,-
0zskksl1fFWA9OsV5cWPie,Pipe Types:DYKA PP Binnenriolering_Afvoerbuis 5m:2769950,-
0zskksl1fFWA9OsV5cWPkg,Pipe Types:DYKA PP Binnenriolering_Afvoerbuis 5m:2770076,-
0zskksl1fFWA9OsV5cWPke,Pipe Types:DYKA PP Binnenriolering_Afvoerbuis 5m:2770078,-
0zskksl1fFWA9OsV5cWPkU,Pipe Types:DYKA PP Binnenriolering_Afvoerbuis 5m:2770088,-
0zskksl1fFWA9OsV5cWPkS,Pipe Types:DYKA PP Binnenriolering_Afvoerbuis 5m:2770090,-
0zskksl1fFWA9OsV5cWPkQ,Pipe Types:DYKA PP Binnenriolering_Afvoerbuis 5m:2770092,-
0zskksl1fFWA9OsV5cWPkP,Pipe Types:DYKA PP Binnenriolering_Afvoerbuis 5m:2770095,-
0zskksl1fFWA9OsV5cWPkB,Pipe Types:DYKA PP Binnenriolering_Afvoerbuis 5m:2770109,-
0zskksl1fFWA9OsV5cWPk9,Pipe Types:DYKA PP Binnenriolering_Afvoerbuis 5m:2770111,-
0zskksl1fFWA9OsV5cWPlq,Pipe Types:DYKA PP Binnenriolering_Afvoerbuis 5m:2770114,-
0zskksl1fFWA9OsV5cWPlc,Pipe Types:DYKA PP Binnenriolering_Afvoerbuis 5m:2770128,-
0zskksl1fFWA9OsV5cWPlk,Pipe Types:DYKA PP Binnenriolering_Afvoerbuis 5m:2770136,-
0zskksl1fFWA9OsV5cWPli,Pipe Types:DYKA PP Binnenriolering_Afvoerbuis 5m:2770138,-
0zskksl1fFWA9OsV5cWPlK,Pipe Types:DYKA PP Binnenriolering_Afvoerbuis 5m:2770146,-
0zskksl1fFWA9OsV5cWPlI,Pipe Types:DYKA PP Binnenriolering_Afvoerbuis 5m:2770148,-
0zskksl1fFWA9OsV5cWPlH,Pipe Types:DYKA PP Binnenriolering_Afvoerbuis 5m:2770151,-
0zskksl1fFWA9OsV5cWPl2,Pipe Types:DYKA PP Binnenriolering_Afvoerbuis 5m:2770164,-
0zskksl1fFWA9OsV5cWPes,Pipe Types:DYKA PP Binnenriolering_Afvoerbuis 5m:2770176,-
0zskksl1fFWA9OsV5cWPe_,Pipe Types:DYKA PP Binnenriolering_Afvoerbuis 5m:2770184,-
0zskksl1fFWA9OsV5cWPey,Pipe Types:DYKA PP Binnenriolering_Afvoerbuis 5m:2770186,-
0zskksl1fFWA9OsV5cWPeK,Pipe Types:DYKA PP Binnenriolering_Afvoerbuis 5m:2770210,-
0zskksl1fFWA9OsV5cWPe7,Pipe Types:DYKA PP Binnenriolering_Afvoerbuis 5m:2770225,-
0zskksl1fFWA9OsV5cWPe5,Pipe Types:DYKA PP Binnenriolering_Afvoerbuis 5m:2770227,-
0zskksl1fFWA9OsV5cWPe3,Pipe Types:DYKA PP Binnenriolering_Afvoerbuis 5m:2770229,-
0zskksl1fFWA9OsV5cWPeE,Pipe Types:DYKA PP Binnenriolering_Afvoerbuis 5m:2770232,-
0zskksl1fFWA9OsV5cWPfs,Pipe Types:DYKA PP Binnenriolering_Afvoerbuis 5m:2770240,-
0zskksl1fFWA9OsV5cWPfq,Pipe Types:DYKA PP Binnenriolering_Afvoerbuis 5m:2770242,-
0zskksl1fFWA9OsV5cWPfW,Pipe Types:DYKA PP Binnenriolering_Afvoerbuis 5m:2770262,-
0zskksl1fFWA9OsV5cWPfk,Pipe Types:DYKA PP Binnenriolering_Afvoerbuis 5m:2770264,-
0zskksl1fFWA9OsV5cWPfj,Pipe Types:DYKA PP Binnenriolering_Afvoerbuis 5m:2770267,-
0gvCHsQufCeQQF94E6pq0S,Pipe Types:DYKA PP Binnenriolering_Afvoerbuis 5m:2770431,-
0gvCHsQufCeQQF94E6pqFY,Pipe Types:DYKA PP Binnenriolering_Afvoerbuis 5m:2770433,-
0gvCHsQufCeQQF94E6pqFu,Pipe Types:DYKA PP Binnenriolering_Afvoerbuis 5m:2770459,-
0gvCHsQufCeQQF94E6pqF2,Pipe Types:DYKA PP Binnenriolering_Afvoerbuis 5m:2770465,-
0gvCHsQufCeQQF94E6pqFM,Pipe Types:DYKA PP Binnenriolering_Afvoerbuis 5m:2770485,-
0gvCHsQufCeQQF94E6pqFR,Pipe Types:DYKA PP Binnenriolering_Afvoerbuis 5m:2770488,-
0gvCHsQufCeQQF94E6pqFV,Pipe Types:DYKA PP Binnenriolering_Afvoerbuis 5m:2770492,-
0gvCHsQufCeQQF94E6pqEW,Pipe Types:DYKA PP Binnenriolering_Afvoerbuis 5m:2770499,-
0gvCHsQufCeQQF94E6pqEm,Pipe Types:DYKA PP Binnenriolering_Afvoerbuis 5m:2770515,-
0D2IIGQtP5GhTrvGU3$Toc,Pipe Types:DYKA PP Binnenriolering_Afvoerbuis 5m:2815833,-
0D2IIGQtP5GhTrvGU3$Tnc,Pipe Types:DYKA PP Binnenriolering_Afvoerbuis 5m:2815897,-
0D2IIGQtP5GhTrvGU3$Tna,Pipe Types:DYKA PP Binnenriolering_Afvoerbuis 5m:2815899,-
0D2IIGQtP5GhTrvGU3$TnK,Pipe Types:DYKA PP Binnenriolering_Afvoerbuis 5m:2815915,-
0D2IIGQtP5GhTrvGU3$Tm4,Pipe Types:DYKA PP Binnenriolering_Afvoerbuis 5m:2815995,-
0JC1q9ku1CuASxNkYmRJaG,Pipe Types:DYKA PP Binnenriolering_Afvoerbuis 5m:2823595,-
0JC1q9ku1CuASxNkYmRJa8,Pipe Types:DYKA PP Binnenriolering_Afvoerbuis 5m:2823603,-
0JC1q9ku1CuASxNkYmRJRb,Pipe Types:DYKA PP Binnenriolering_Afvoerbuis 5m:2824798,-
0JC1q9ku1CuASxNkYmRJVx,Pipe Types:DYKA PP Binnenriolering_Afvoerbuis 5m:2825024,-
0JC1q9ku1CuASxNkYmRJ9o,Pipe Types:DYKA PP Binnenriolering_Afvoerbuis 5m:2825929,-
0JC1q9ku1CuASxNkYmRGoA,Pipe Types:DYKA PP Binnenriolering_Afvoerbuis 5m:2826289,-
0JC1q9ku1CuASxNkYmRGoE,Pipe Types:DYKA PP Binnenriolering_Afvoerbuis 5m:2826293,-
0JC1q9ku1CuASxNkYmRGrz,Pipe Types:DYKA PP Binnenriolering_Afvoerbuis 5m:2826694,-
0JC1q9ku1CuASxNkYmRGrl,Pipe Types:DYKA PP Binnenriolering_Afvoerbuis 5m:2826708,-
0JC1q9ku1CuASxNkYmRGrQ,Pipe Types:DYKA PP Binnenriolering_Afvoerbuis 5m:2826721,-
0JC1q9ku1CuASxNkYmRGfO,Pipe Types:DYKA PP Binnenriolering_Afvoerbuis 5m:2828003,-
0JC1q9ku1CuASxNkYmRGI9,Pipe Types:DYKA PP Binnenriolering_Afvoerbuis 5m:2828338,-
0JC1q9ku1CuASxNkYmRGI0,Pipe Types:DYKA PP Binnenriolering_Afvoerbuis 5m:2828347,-
0JC1q9ku1CuASxNkYmRGQ_,Pipe Types:DYKA PP Binnenriolering_Afvoerbuis 5m:2828805,-
0JC1q9ku1CuASxNkYmRGQD,Pipe Types:DYKA PP Binnenriolering_Afvoerbuis 5m:2828854,-
0JC1q9ku1CuASxNkYmRHtI,Pipe Types:DYKA PP Binnenriolering_Afvoerbuis 5m:2830697,-
0JC1q9ku1CuASxNkYmRHtM,Pipe Types:DYKA PP Binnenriolering_Afvoerbuis 5m:2830701,-
0JC1q9ku1CuASxNkYmRH2A,Pipe Types:DYKA PP Binnenriolering_Afvoerbuis 5m:2833457,-
0JC1q9ku1CuASxNkYmRH3w,Pipe Types:DYKA PP Binnenriolering_Afvoerbuis 5m:2833473,-
0JC1q9ku1CuASxNkYmRH18,Pipe Types:DYKA PP Binnenriolering_Afvoerbuis 5m:2833651,-
0JC1q9ku1CuASxNkYmRH16,Pipe Types:DYKA PP Binnenriolering_Afvoerbuis 5m:2833661,-
0JC1q9ku1CuASxNkYmRH6m,Pipe Types:DYKA PP Binnenriolering_Afvoerbuis 5m:2833675,-
0JC1q9ku1CuASxNkYmRH9$,Pipe Types:DYKA PP Binnenriolering_Afvoerbuis 5m:2834116,-
0JC1q9ku1CuASxNkYmRHDx,Pipe Types:DYKA PP Binnenriolering_Afvoerbuis 5m:2834368,-
0JC1q9ku1CuASxNkYmRHDz,Pipe Types:DYKA PP Binnenriolering_Afvoerbuis 5m:2834374,-
0JC1q9ku1CuASxNkYmRMnK,Pipe Types:DYKA PP Binnenriolering_Afvoerbuis 5m:2834671,-
0JC1q9ku1CuASxNkYmRMn8,Pipe Types:DYKA PP Binnenriolering_Afvoerbuis 5m:2834675,-
0JC1q9ku1CuASxNkYmRMn0,Pipe Types:DYKA PP Binnenriolering_Afvoerbuis 5m:2834683,-
0JC1q9ku1CuASxNkYmRMn4,Pipe Types:DYKA PP Binnenriolering_Afvoerbuis 5m:2834687,-
0JC1q9ku1CuASxNkYmRMsw,Pipe Types:DYKA PP Binnenriolering_Afvoerbuis 5m:2834689,-
0JC1q9ku1CuASxNkYmRMsu,Pipe Types:DYKA PP Binnenriolering_Afvoerbuis 5m:2834691,-
0JC1q9ku1CuASxNkYmRMss,Pipe Types:DYKA PP Binnenriolering_Afvoerbuis 5m:2834701,-
0JC1q9ku1CuASxNkYmRMsq,Pipe Types:DYKA PP Binnenriolering_Afvoerbuis 5m:2834703,-
0JC1q9ku1CuASxNkYmRMsk,Pipe Types:DYKA PP Binnenriolering_Afvoerbuis 5m:2834709,-
0JC1q9ku1CuASxNkYmRMsd,Pipe Types:DYKA PP Binnenriolering_Afvoerbuis 5m:2834716,-
0JC1q9ku1CuASxNkYmRMtm,Pipe Types:DYKA PP Binnenriolering_Afvoerbuis 5m:2834763,-
0JC1q9ku1CuASxNkYmRMtq,Pipe Types:DYKA PP Binnenriolering_Afvoerbuis 5m:2834767,-
0JC1q9ku1CuASxNkYmRMti,Pipe Types:DYKA PP Binnenriolering_Afvoerbuis 5m:2834775,-
0JC1q9ku1CuASxNkYmRMtW,Pipe Types:DYKA PP Binnenriolering_Afvoerbuis 5m:2834779,-
0JC1q9ku1CuASxNkYmRMtc,Pipe Types:DYKA PP Binnenriolering_Afvoerbuis 5m:2834781,-
0JC1q9ku1CuASxNkYmRMta,Pipe Types:DYKA PP Binnenriolering_Afvoerbuis 5m:2834783,-
0JC1q9ku1CuASxNkYmRMtI,Pipe Types:DYKA PP Binnenriolering_Afvoerbuis 5m:2834793,-
0JC1q9ku1CuASxNkYmRMtG,Pipe Types:DYKA PP Binnenriolering_Afvoerbuis 5m:2834795,-
0JC1q9ku1CuASxNkYmRMtA,Pipe Types:DYKA PP Binnenriolering_Afvoerbuis 5m:2834801,-
0JC1q9ku1CuASxNkYmRMt3,Pipe Types:DYKA PP Binnenriolering_Afvoerbuis 5m:2834808,-
0JC1q9ku1CuASxNkYmRMb$,Pipe Types:DYKA PP Binnenriolering_Afvoerbuis 5m:2835908,-
0JC1q9ku1CuASxNkYmRMbz,Pipe Types:DYKA PP Binnenriolering_Afvoerbuis 5m:2835910,-
0JC1q9ku1CuASxNkYmRMbt,Pipe Types:DYKA PP Binnenriolering_Afvoerbuis 5m:2835916,-
0JC1q9ku1CuASxNkYmRMbf,Pipe Types:DYKA PP Binnenriolering_Afvoerbuis 5m:2835922,-
0JC1q9ku1CuASxNkYmRMbl,Pipe Types:DYKA PP Binnenriolering_Afvoerbuis 5m:2835924,-
0JC1q9ku1CuASxNkYmRMbj,Pipe Types:DYKA PP Binnenriolering_Afvoerbuis 5m:2835926,-
0JC1q9ku1CuASxNkYmRMbZ,Pipe Types:DYKA PP Binnenriolering_Afvoerbuis 5m:2835928,-
0JC1q9ku1CuASxNkYmRMbP,Pipe Types:DYKA PP Binnenriolering_Afvoerbuis 5m:2835938,-
0JC1q9ku1CuASxNkYmRMgp,Pipe Types:DYKA PP Binnenriolering_Afvoerbuis 5m:2835976,-
0JC1q9ku1CuASxNkYmRMgt,Pipe Types:DYKA PP Binnenriolering_Afvoerbuis 5m:2835980,-
0JC1q9ku1CuASxNkYmRMgr,Pipe Types:DYKA PP Binnenriolering_Afvoerbuis 5m:2835982,-
0JC1q9ku1CuASxNkYmRMgg,Pipe Types:DYKA PP Binnenriolering_Afvoerbuis 5m:2835985,-
0JC1q9ku1CuASxNkYmRMgZ,Pipe Types:DYKA PP Binnenriolering_Afvoerbuis 5m:2835992,-
0JC1q9ku1CuASxNkYmRMgV,Pipe Types:DYKA PP Binnenriolering_Afvoerbuis 5m:2836004,-
0JC1q9ku1CuASxNkYmRMgN,Pipe Types:DYKA PP Binnenriolering_Afvoerbuis 5m:2836012,-
0JC1q9ku1CuASxNkYmRMgK,Pipe Types:DYKA PP Binnenriolering_Afvoerbuis 5m:2836015,-
0JC1q9ku1CuASxNkYmRMg5,Pipe Types:DYKA PP Binnenriolering_Afvoerbuis 5m:2836030,-
0JC1q9ku1CuASxNkYmRMh$,Pipe Types:DYKA PP Binnenriolering_Afvoerbuis 5m:2836036,-
0JC1q9ku1CuASxNkYmRMhY,Pipe Types:DYKA PP Binnenriolering_Afvoerbuis 5m:2836057,-
0JC1q9ku1CuASxNkYmRMhW,Pipe Types:DYKA PP Binnenriolering_Afvoerbuis 5m:2836059,-
0JC1q9ku1CuASxNkYmRMhQ,Pipe Types:DYKA PP Binnenriolering_Afvoerbuis 5m:2836065,-
0JC1q9ku1CuASxNkYmRMhS,Pipe Types:DYKA PP Binnenriolering_Afvoerbuis 5m:2836071,-
0JC1q9ku1CuASxNkYmRMhI,Pipe Types:DYKA PP Binnenriolering_Afvoerbuis 5m:2836073,-
0JC1q9ku1CuASxNkYmRMhG,Pipe Types:DYKA PP Binnenriolering_Afvoerbuis 5m:2836075,-
0JC1q9ku1CuASxNkYmRMhM,Pipe Types:DYKA PP Binnenriolering_Afvoerbuis 5m:2836077,-
0JC1q9ku1CuASxNkYmRMhC,Pipe Types:DYKA PP Binnenriolering_Afvoerbuis 5m:2836087,-
0JC1q9ku1CuASxNkYmRMec,Pipe Types:DYKA PP Binnenriolering_Afvoerbuis 5m:2836125,-
0JC1q9ku1CuASxNkYmRMeQ,Pipe Types:DYKA PP Binnenriolering_Afvoerbuis 5m:2836129,-
0JC1q9ku1CuASxNkYmRMeO,Pipe Types:DYKA PP Binnenriolering_Afvoerbuis 5m:2836131,-
0JC1q9ku1CuASxNkYmRMeT,Pipe Types:DYKA PP Binnenriolering_Afvoerbuis 5m:2836134,-
0JC1q9ku1CuASxNkYmRMeM,Pipe Types:DYKA PP Binnenriolering_Afvoerbuis 5m:2836141,-
0JC1q9ku1CuASxNkYmRMe2,Pipe Types:DYKA PP Binnenriolering_Afvoerbuis 5m:2836153,-
0JC1q9ku1CuASxNkYmRMfw,Pipe Types:DYKA PP Binnenriolering_Afvoerbuis 5m:2836161,-
0JC1q9ku1CuASxNkYmRMf$,Pipe Types:DYKA PP Binnenriolering_Afvoerbuis 5m:2836164,-
0JC1q9ku1CuASxNkYmRMfe,Pipe Types:DYKA PP Binnenriolering_Afvoerbuis 5m:2836179,-
0JC1q9ku1CuASxNkYmRMfY,Pipe Types:DYKA PP Binnenriolering_Afvoerbuis 5m:2836185,-
0JC1q9ku1CuASxNkYmRMGD,Pipe Types:DYKA PP Binnenriolering_Afvoerbuis 5m:2836662,-
0JC1q9ku1CuASxNkYmRMHW,Pipe Types:DYKA PP Binnenriolering_Afvoerbuis 5m:2836699,-
0JC1q9ku1CuASxNkYmRMHC,Pipe Types:DYKA PP Binnenriolering_Afvoerbuis 5m:2836727,-
0JC1q9ku1CuASxNkYmRMMD,Pipe Types:DYKA PP Binnenriolering_Afvoerbuis 5m:2836790,-
0JC1q9ku1CuASxNkYmRMN7,Pipe Types:DYKA PP Binnenriolering_Afvoerbuis 5m:2836860,-
0JC1q9ku1CuASxNkYmRMKJ,Pipe Types:DYKA PP Binnenriolering_Afvoerbuis 5m:2836904,-
0JC1q9ku1CuASxNkYmRMLD,Pipe Types:DYKA PP Binnenriolering_Afvoerbuis 5m:2836982,-
0JC1q9ku1CuASxNkYmRML4,Pipe Types:DYKA PP Binnenriolering_Afvoerbuis 5m:2836991,-
0JC1q9ku1CuASxNkYmRMQf,Pipe Types:DYKA PP Binnenriolering_Afvoerbuis 5m:2837010,-
1pvIrbKBr9k8cAU5N0btCW,Pipe Types:DYKA PP Binnenriolering_Afvoerbuis 5m:2859409,-
1pvIrbKBr9k8cAU5N0btOm,Pipe Types:DYKA PP Binnenriolering_Afvoerbuis 5m:2860161,-
1pvIrbKBr9k8cAU5N0btOw,Pipe Types:DYKA PP Binnenriolering_Afvoerbuis 5m:2860171,-
1pvIrbKBr9k8cAU5N0btPn,Pipe Types:DYKA PP Binnenriolering_Afvoerbuis 5m:2860224,-
1pvIrbKBr9k8cAU5N0btPv,Pipe Types:DYKA PP Binnenriolering_Afvoerbuis 5m:2860232,-
1pvIrbKBr9k8cAU5N0btLX,Pipe Types:DYKA PP Binnenriolering_Afvoerbuis 5m:2861008,-
1pvIrbKBr9k8cAU5N0btLZ,Pipe Types:DYKA PP Binnenriolering_Afvoerbuis 5m:2861010,-
1pvIrbKBr9k8cAU5N0btLb,Pipe Types:DYKA PP Binnenriolering_Afvoerbuis 5m:2861012,-
1pvIrbKBr9k8cAU5N0btLl,Pipe Types:DYKA PP Binnenriolering_Afvoerbuis 5m:2861022,-
1pvIrbKBr9k8cAU5N0btLH,Pipe Types:DYKA PP Binnenriolering_Afvoerbuis 5m:2861024,-
1pvIrbKBr9k8cAU5N0btiP,Pipe Types:DYKA PP Binnenriolering_Afvoerbuis 5m:2861480,-
1pvIrbKBr9k8cAU5N0btiR,Pipe Types:DYKA PP Binnenriolering_Afvoerbuis 5m:2861482,-
1pvIrbKBr9k8cAU5N0btiT,Pipe Types:DYKA PP Binnenriolering_Afvoerbuis 5m:2861484,-
1pvIrbKBr9k8cAU5N0bti3,Pipe Types:DYKA PP Binnenriolering_Afvoerbuis 5m:2861490,-
1pvIrbKBr9k8cAU5N0bti5,Pipe Types:DYKA PP Binnenriolering_Afvoerbuis 5m:2861492,-
1pvIrbKBr9k8cAU5N0btwt,Pipe Types:DYKA PP Binnenriolering_Afvoerbuis 5m:2862086,-
1pvIrbKBr9k8cAU5N0bs3r,Pipe Types:DYKA PP Binnenriolering_Afvoerbuis 5m:2863684,-
1pvIrbKBr9k8cAU5N0bs3z,Pipe Types:DYKA PP Binnenriolering_Afvoerbuis 5m:2863692,-
1pvIrbKBr9k8cAU5N0bsG4,Pipe Types:DYKA PP Binnenriolering_Afvoerbuis 5m:2864821,-
1pvIrbKBr9k8cAU5N0bsGE,Pipe Types:DYKA PP Binnenriolering_Afvoerbuis 5m:2864831,-
1pvIrbKBr9k8cAU5N0bsNb,Pipe Types:DYKA PP Binnenriolering_Afvoerbuis 5m:2864980,-
1pvIrbKBr9k8cAU5N0bsNj,Pipe Types:DYKA PP Binnenriolering_Afvoerbuis 5m:2864988,-
1pvIrbKBr9k8cAU5N0bsLV,Pipe Types:DYKA PP Binnenriolering_Afvoerbuis 5m:2865134,-
1pvIrbKBr9k8cAU5N0bsL7,Pipe Types:DYKA PP Binnenriolering_Afvoerbuis 5m:2865142,-
0J1tJrNobCRuI3xXO_Z4NL,Pipe Types:DYKA PP Binnenriolering_Afvoerbuis 5m:2922586,-
0J1tJrNobCRuI3xXO_Z4Nv,Pipe Types:DYKA PP Binnenriolering_Afvoerbuis 5m:2922614,-
0J1tJrNobCRuI3xXO_Z4Lp,Pipe Types:DYKA PP Binnenriolering_Afvoerbuis 5m:2922748,-
0J1tJrNobCRuI3xXO_Z4G1,Pipe Types:DYKA PP Binnenriolering_Afvoerbuis 5m:2922894,-
0J1tJrNobCRuI3xXO_Z4FA,Pipe Types:DYKA PP Binnenriolering_Afvoerbuis 5m:2924101,-
0J1tJrNobCRuI3xXO_Z4F6,Pipe Types:DYKA PP Binnenriolering_Afvoerbuis 5m:2924105,-
0J1tJrNobCRuI3xXO_Z4F2,Pipe Types:DYKA PP Binnenriolering_Afvoerbuis 5m:2924109,-
0J1tJrNobCRuI3xXO_Z7bg,Pipe Types:DYKA PP Binnenriolering_Afvoerbuis 5m:2925797,-
0J1tJrNobCRuI3xXO_Z7bY,Pipe Types:DYKA PP Binnenriolering_Afvoerbuis 5m:2925805,-
0J1tJrNobCRuI3xXO_Z7XD,Pipe Types:DYKA PP Binnenriolering_Afvoerbuis 5m:2926018,-
0J1tJrNobCRuI3xXO_Z7J5,Pipe Types:DYKA PP Binnenriolering_Afvoerbuis 5m:2926922,-
0J1tJrNobCRuI3xXO_Z7J2,Pipe Types:DYKA PP Binnenriolering_Afvoerbuis 5m:2926925,-
0J1tJrNobCRuI3xXO_Z7SL,Pipe Types:DYKA PP Binnenriolering_Afvoerbuis 5m:2927258,-
0J1tJrNobCRuI3xXO_Z7SJ,Pipe Types:DYKA PP Binnenriolering_Afvoerbuis 5m:2927260,-
0J1tJrNobCRuI3xXO_Z7Sl,Pipe Types:DYKA PP Binnenriolering_Afvoerbuis 5m:2927264,-
0J1tJrNobCRuI3xXO_Z7Sr,Pipe Types:DYKA PP Binnenriolering_Afvoerbuis 5m:2927290,-
0J1tJrNobCRuI3xXO_Z7TV,Pipe Types:DYKA PP Binnenriolering_Afvoerbuis 5m:2927312,-
0J1tJrNobCRuI3xXO_Z7Al,Pipe Types:DYKA PP Binnenriolering_Afvoerbuis 5m:2928416,-
0J1tJrNobCRuI3xXO_Z7Bk,Pipe Types:DYKA PP Binnenriolering_Afvoerbuis 5m:2928481,-
0J1tJrNobCRuI3xXO_Z7Be,Pipe Types:DYKA PP Binnenriolering_Afvoerbuis 5m:2928487,-
0J1tJrNobCRuI3xXO_Z6sA,Pipe Types:DYKA PP Binnenriolering_Afvoerbuis 5m:2928645,-
0J1tJrNobCRuI3xXO_Z6YD,Pipe Types:DYKA PP Binnenriolering_Afvoerbuis 5m:2929922,-
0J1tJrNobCRuI3xXO_Z6YV,Pipe Types:DYKA PP Binnenriolering_Afvoerbuis 5m:2929936,-
0J1tJrNobCRuI3xXO_Z6YT,Pipe Types:DYKA PP Binnenriolering_Afvoerbuis 5m:2929938,-
0J1tJrNobCRuI3xXO_Z6Yi,Pipe Types:DYKA PP Binnenriolering_Afvoerbuis 5m:2929955,-
0J1tJrNobCRuI3xXO_Z6Yo,Pipe Types:DYKA PP Binnenriolering_Afvoerbuis 5m:2929981,-
0J1tJrNobCRuI3xXO_Z6Z4,Pipe Types:DYKA PP Binnenriolering_Afvoerbuis 5m:2929995,-
0J1tJrNobCRuI3xXO_Z6Z2,Pipe Types:DYKA PP Binnenriolering_Afvoerbuis 5m:2929997,-
0J1tJrNobCRuI3xXO_Z6ZH,Pipe Types:DYKA PP Binnenriolering_Afvoerbuis 5m:2930014,-
0J1tJrNobCRuI3xXO_Z6Zt,Pipe Types:DYKA PP Binnenriolering_Afvoerbuis 5m:2930040,-
0J1tJrNobCRuI3xXO_Z6W9,Pipe Types:DYKA PP Binnenriolering_Afvoerbuis 5m:2930054,-
0J1tJrNobCRuI3xXO_Z6W7,Pipe Types:DYKA PP Binnenriolering_Afvoerbuis 5m:2930056,-
0J1tJrNobCRuI3xXO_Z6WM,Pipe Types:DYKA PP Binnenriolering_Afvoerbuis 5m:2930073,-
0J1tJrNobCRuI3xXO_Z6Wy,Pipe Types:DYKA PP Binnenriolering_Afvoerbuis 5m:2930099,-
0J1tJrNobCRuI3xXO_Z6XE,Pipe Types:DYKA PP Binnenriolering_Afvoerbuis 5m:2930113,-
0J1tJrNobCRuI3xXO_Z6XC,Pipe Types:DYKA PP Binnenriolering_Afvoerbuis 5m:2930115,-
0J1tJrNobCRuI3xXO_Z6XR,Pipe Types:DYKA PP Binnenriolering_Afvoerbuis 5m:2930132,-
0J1tJrNobCRuI3xXO_Z6XX,Pipe Types:DYKA PP Binnenriolering_Afvoerbuis 5m:2930158,-
0J1tJrNobCRuI3xXO_Z6Xp,Pipe Types:DYKA PP Binnenriolering_Afvoerbuis 5m:2930172,-
0J1tJrNobCRuI3xXO_Z6Xn,Pipe Types:DYKA PP Binnenriolering_Afvoerbuis 5m:2930174,-
0J1tJrNobCRuI3xXO_Z6k0,Pipe Types:DYKA PP Binnenriolering_Afvoerbuis 5m:2930191,-
0J1tJrNobCRuI3xXO_Z6kc,Pipe Types:DYKA PP Binnenriolering_Afvoerbuis 5m:2930217,-
0J1tJrNobCRuI3xXO_Z6ku,Pipe Types:DYKA PP Binnenriolering_Afvoerbuis 5m:2930231,-
0J1tJrNobCRuI3xXO_Z6ks,Pipe Types:DYKA PP Binnenriolering_Afvoerbuis 5m:2930233,-
0J1tJrNobCRuI3xXO_Z6l5,Pipe Types:DYKA PP Binnenriolering_Afvoerbuis 5m:2930250,-
0J1tJrNobCRuI3xXO_Z6lh,Pipe Types:DYKA PP Binnenriolering_Afvoerbuis 5m:2930276,-
0J1tJrNobCRuI3xXO_Z6lz,Pipe Types:DYKA PP Binnenriolering_Afvoerbuis 5m:2930290,-
0J1tJrNobCRuI3xXO_Z6lx,Pipe Types:DYKA PP Binnenriolering_Afvoerbuis 5m:2930292,-
0J1tJrNobCRuI3xXO_Z6iA,Pipe Types:DYKA PP Binnenriolering_Afvoerbuis 5m:2930309,-
0J1tJrNobCRuI3xXO_Z6iG,Pipe Types:DYKA PP Binnenriolering_Afvoerbuis 5m:2930335,-
0J1tJrNobCRuI3xXO_Z6iY,Pipe Types:DYKA PP Binnenriolering_Afvoerbuis 5m:2930349,-
0J1tJrNobCRuI3xXO_Z6iW,Pipe Types:DYKA PP Binnenriolering_Afvoerbuis 5m:2930351,-
0J1tJrNobCRuI3xXO_Z6jF,Pipe Types:DYKA PP Binnenriolering_Afvoerbuis 5m:2930368,-
0J1tJrNobCRuI3xXO_Z6VR,Pipe Types:DYKA PP Binnenriolering_Afvoerbuis 5m:2931284,-
0J1tJrNobCRuI3xXO_Z6VL,Pipe Types:DYKA PP Binnenriolering_Afvoerbuis 5m:2931290,-
0J1tJrNobCRuI3xXO_Z6Dm,Pipe Types:DYKA PP Binnenriolering_Afvoerbuis 5m:2932479,-
0J1tJrNobCRuI3xXO_Z6AE,Pipe Types:DYKA PP Binnenriolering_Afvoerbuis 5m:2932481,-
0J1tJrNobCRuI3xXO_Z6AH,Pipe Types:DYKA PP Binnenriolering_Afvoerbuis 5m:2932510,-
0J1tJrNobCRuI3xXO_Z6Al,Pipe Types:DYKA PP Binnenriolering_Afvoerbuis 5m:2932512,-
0J1tJrNobCRuI3xXO_Z6Ao,Pipe Types:DYKA PP Binnenriolering_Afvoerbuis 5m:2932541,-
0J1tJrNobCRuI3xXO_Z6Am,Pipe Types:DYKA PP Binnenriolering_Afvoerbuis 5m:2932543,-
0J1tJrNobCRuI3xXO_Z6BJ,Pipe Types:DYKA PP Binnenriolering_Afvoerbuis 5m:2932572,-
0J1tJrNobCRuI3xXO_Z6BH,Pipe Types:DYKA PP Binnenriolering_Afvoerbuis 5m:2932574,-
0J1tJrNobCRuI3xXO_Z6Bq,Pipe Types:DYKA PP Binnenriolering_Afvoerbuis 5m:2932603,-
0J1tJrNobCRuI3xXO_Z6Bo,Pipe Types:DYKA PP Binnenriolering_Afvoerbuis 5m:2932605,-
0J1tJrNobCRuI3xXO_Z68L,Pipe Types:DYKA PP Binnenriolering_Afvoerbuis 5m:2932634,-
0J1tJrNobCRuI3xXO_Z68J,Pipe Types:DYKA PP Binnenriolering_Afvoerbuis 5m:2932636,-
0J1tJrNobCRuI3xXO_Z68s,Pipe Types:DYKA PP Binnenriolering_Afvoerbuis 5m:2932665,-
0J1tJrNobCRuI3xXO_Z68q,Pipe Types:DYKA PP Binnenriolering_Afvoerbuis 5m:2932667,-
0J1tJrNobCRuI3xXO_Z69N,Pipe Types:DYKA PP Binnenriolering_Afvoerbuis 5m:2932696,-
0J1tJrNobCRuI3xXO_Z69L,Pipe Types:DYKA PP Binnenriolering_Afvoerbuis 5m:2932698,-
0J1tJrNobCRuI3xXO_Z1_9,Pipe Types:DYKA PP Binnenriolering_Afvoerbuis 5m:2933254,-
0J1tJrNobCRuI3xXO_Z1Wx,Pipe Types:DYKA PP Binnenriolering_Afvoerbuis 5m:2934196,-
0J1tJrNobCRuI3xXO_Z1X0,Pipe Types:DYKA PP Binnenriolering_Afvoerbuis 5m:2934223,-
0J1tJrNobCRuI3xXO_Z1Xb,Pipe Types:DYKA PP Binnenriolering_Afvoerbuis 5m:2934250,-
0J1tJrNobCRuI3xXO_Z1kA,Pipe Types:DYKA PP Binnenriolering_Afvoerbuis 5m:2934277,-
0J1tJrNobCRuI3xXO_Z1kl,Pipe Types:DYKA PP Binnenriolering_Afvoerbuis 5m:2934304,-
0J1tJrNobCRuI3xXO_Z1kq,Pipe Types:DYKA PP Binnenriolering_Afvoerbuis 5m:2934331,-
0J1tJrNobCRuI3xXO_Z1lP,Pipe Types:DYKA PP Binnenriolering_Afvoerbuis 5m:2934358,-
0J1tJrNobCRuI3xXO_Z1l_,Pipe Types:DYKA PP Binnenriolering_Afvoerbuis 5m:2934385,-
0J1tJrNobCRuI3xXO_Z0oV,Pipe Types:DYKA PP Binnenriolering_Afvoerbuis 5m:2937104,-
0J1tJrNobCRuI3xXO_Z0oN,Pipe Types:DYKA PP Binnenriolering_Afvoerbuis 5m:2937112,-
0J1tJrNobCRuI3xXO_Z0pf,Pipe Types:DYKA PP Binnenriolering_Afvoerbuis 5m:2937190,-
0J1tJrNobCRuI3xXO_Z0NT,Pipe Types:DYKA PP Binnenriolering_Afvoerbuis 5m:2938962,-
0J1tJrNobCRuI3xXO_Z0NJ,Pipe Types:DYKA PP Binnenriolering_Afvoerbuis 5m:2938972,-
0J1tJrNobCRuI3xXO_Z0LG,Pipe Types:DYKA PP Binnenriolering_Afvoerbuis 5m:2939103,-
0J1tJrNobCRuI3xXO_Z0Lk,Pipe Types:DYKA PP Binnenriolering_Afvoerbuis 5m:2939105,-
0J1tJrNobCRuI3xXO_Z0LZ,Pipe Types:DYKA PP Binnenriolering_Afvoerbuis 5m:2939116,-
0J1tJrNobCRuI3xXO_Z0LX,Pipe Types:DYKA PP Binnenriolering_Afvoerbuis 5m:2939118,-
0J1tJrNobCRuI3xXO_Z0Ls,Pipe Types:DYKA PP Binnenriolering_Afvoerbuis 5m:2939129,-
0J1tJrNobCRuI3xXO_Z0Lq,Pipe Types:DYKA PP Binnenriolering_Afvoerbuis 5m:2939131,-
0J1tJrNobCRuI3xXO_Z0OE,Pipe Types:DYKA PP Binnenriolering_Afvoerbuis 5m:2939777,-
0J1tJrNobCRuI3xXO_Z0A8,Pipe Types:DYKA PP Binnenriolering_Afvoerbuis 5m:2940679,-
0J1tJrNobCRuI3xXO_Z0As,Pipe Types:DYKA PP Binnenriolering_Afvoerbuis 5m:2940729,-
0J1tJrNobCRuI3xXO_Z0Ba,Pipe Types:DYKA PP Binnenriolering_Afvoerbuis 5m:2940779,-
0p9j_RV_H2ceDqacWZ8RIj,Pipe Types:DYKA PP Binnenriolering_Afvoerbuis 5m:2942899,-
0p9j_RV_H2ceDqacWZ8RzF,Pipe Types:DYKA PP Binnenriolering_Afvoerbuis 5m:2944081,-
0p9j_RV_H2ceDqacWZ8R_I,Pipe Types:DYKA PP Binnenriolering_Afvoerbuis 5m:2944140,-
36aNmZU3L8LeIOFZvOx50H,Pipe Types:DYKA PP Binnenriolering_Afvoerbuis 5m:2944470,-
36aNmZU3L8LeIOFZvOx50V,Pipe Types:DYKA PP Binnenriolering_Afvoerbuis 5m:2944472,-
36aNmZU3L8LeIOFZvOx5BH,Pipe Types:DYKA PP Binnenriolering_Afvoerbuis 5m:2944790,-
36aNmZU3L8LeIOFZvOx4tV,Pipe Types:DYKA PP Binnenriolering_Afvoerbuis 5m:2945048,-
36aNmZU3L8LeIOFZvOx4tT,Pipe Types:DYKA PP Binnenriolering_Afvoerbuis 5m:2945050,-
36aNmZU3L8LeIOFZvOx4tk,Pipe Types:DYKA PP Binnenriolering_Afvoerbuis 5m:2945065,-
36aNmZU3L8LeIOFZvOx4s7,Pipe Types:DYKA PP Binnenriolering_Afvoerbuis 5m:2945088,-
36aNmZU3L8LeIOFZvOx4s5,Pipe Types:DYKA PP Binnenriolering_Afvoerbuis 5m:2945090,-
36aNmZU3L8LeIOFZvOx4sM,Pipe Types:DYKA PP Binnenriolering_Afvoerbuis 5m:2945105,-
36aNmZU3L8LeIOFZvOx4f_,Pipe Types:DYKA PP Binnenriolering_Afvoerbuis 5m:2947001,-
36aNmZU3L8LeIOFZvOx4e0,Pipe Types:DYKA PP Binnenriolering_Afvoerbuis 5m:2947015,-
36aNmZU3L8LeIOFZvOx4L1,Pipe Types:DYKA PP Binnenriolering_Afvoerbuis 5m:2947206,-
36aNmZU3L8LeIOFZvOx4H1,Pipe Types:DYKA PP Binnenriolering_Afvoerbuis 5m:2947462,-
36aNmZU3L8LeIOFZvOx4HF,Pipe Types:DYKA PP Binnenriolering_Afvoerbuis 5m:2947464,-
36aNmZU3L8LeIOFZvOx4HD,Pipe Types:DYKA PP Binnenriolering_Afvoerbuis 5m:2947466,-
36aNmZU3L8LeIOFZvOx4Gj,Pipe Types:DYKA PP Binnenriolering_Afvoerbuis 5m:2947562,-
36aNmZU3L8LeIOFZvOx4V9,Pipe Types:DYKA PP Binnenriolering_Afvoerbuis 5m:2947598,-
36aNmZU3L8LeIOFZvOx43K,Pipe Types:DYKA PP Binnenriolering_Afvoerbuis 5m:2948371,-
36aNmZU3L8LeIOFZvOx43S,Pipe Types:DYKA PP Binnenriolering_Afvoerbuis 5m:2948379,-
36aNmZU3L8LeIOFZvOx43P,Pipe Types:DYKA PP Binnenriolering_Afvoerbuis 5m:2948382,-
36aNmZU3L8LeIOFZvOx43y,Pipe Types:DYKA PP Binnenriolering_Afvoerbuis 5m:2948411,-
36aNmZU3L8LeIOFZvOx43w,Pipe Types:DYKA PP Binnenriolering_Afvoerbuis 5m:2948413,-
36aNmZU3L8LeIOFZvOx43u,Pipe Types:DYKA PP Binnenriolering_Afvoerbuis 5m:2948415,-
36aNmZU3L8LeIOFZvOx423,Pipe Types:DYKA PP Binnenriolering_Afvoerbuis 5m:2948420,-
36aNmZU3L8LeIOFZvOx42L,Pipe Types:DYKA PP Binnenriolering_Afvoerbuis 5m:2948434,-
36aNmZU3L8LeIOFZvOx42k,Pipe Types:DYKA PP Binnenriolering_Afvoerbuis 5m:2948457,-
36aNmZU3L8LeIOFZvOx42s,Pipe Types:DYKA PP Binnenriolering_Afvoerbuis 5m:2948465,-
36aNmZU3L8LeIOFZvOx42p,Pipe Types:DYKA PP Binnenriolering_Afvoerbuis 5m:2948468,-
36aNmZU3L8LeIOFZvOx41M,Pipe Types:DYKA PP Binnenriolering_Afvoerbuis 5m:2948497,-
36aNmZU3L8LeIOFZvOx41K,Pipe Types:DYKA PP Binnenriolering_Afvoerbuis 5m:2948499,-
36aNmZU3L8LeIOFZvOx41I,Pipe Types:DYKA PP Binnenriolering_Afvoerbuis 5m:2948501,-
36aNmZU3L8LeIOFZvOx41T,Pipe Types:DYKA PP Binnenriolering_Afvoerbuis 5m:2948506,-
36aNmZU3L8LeIOFZvOx41l,Pipe Types:DYKA PP Binnenriolering_Afvoerbuis 5m:2948520,-
36aNmZU3L8LeIOFZvOxRpg,Pipe Types:DYKA PP Binnenriolering_Afvoerbuis 5m:2949421,-
36aNmZU3L8LeIOFZvOxRpe,Pipe Types:DYKA PP Binnenriolering_Afvoerbuis 5m:2949423,-
36aNmZU3L8LeIOFZvOxRpo,Pipe Types:DYKA PP Binnenriolering_Afvoerbuis 5m:2949429,-
36aNmZU3L8LeIOFZvOxRo0,Pipe Types:DYKA PP Binnenriolering_Afvoerbuis 5m:2949447,-
36aNmZU3L8LeIOFZvOxRo8,Pipe Types:DYKA PP Binnenriolering_Afvoerbuis 5m:2949455,-
36aNmZU3L8LeIOFZvOxRn2,Pipe Types:DYKA PP Binnenriolering_Afvoerbuis 5m:2949509,-
36aNmZU3L8LeIOFZvOxRn0,Pipe Types:DYKA PP Binnenriolering_Afvoerbuis 5m:2949511,-
36aNmZU3L8LeIOFZvOxRnC,Pipe Types:DYKA PP Binnenriolering_Afvoerbuis 5m:2949515,-
36aNmZU3L8LeIOFZvOxRnA,Pipe Types:DYKA PP Binnenriolering_Afvoerbuis 5m:2949517,-
36aNmZU3L8LeIOFZvOxRnI,Pipe Types:DYKA PP Binnenriolering_Afvoerbuis 5m:2949525,-
36aNmZU3L8LeIOFZvOxRnV,Pipe Types:DYKA PP Binnenriolering_Afvoerbuis 5m:2949528,-
36aNmZU3L8LeIOFZvOxRno,Pipe Types:DYKA PP Binnenriolering_Afvoerbuis 5m:2949557,-
36aNmZU3L8LeIOFZvOxRnm,Pipe Types:DYKA PP Binnenriolering_Afvoerbuis 5m:2949559,-
36aNmZU3L8LeIOFZvOxRn_,Pipe Types:DYKA PP Binnenriolering_Afvoerbuis 5m:2949561,-
36aNmZU3L8LeIOFZvOxRnv,Pipe Types:DYKA PP Binnenriolering_Afvoerbuis 5m:2949566,-
36aNmZU3L8LeIOFZvOxRmB,Pipe Types:DYKA PP Binnenriolering_Afvoerbuis 5m:2949580,-
0MGnacmm9FdPhRc0q39Iok,Pipe Types:DYKA PP Binnenriolering_Afvoerbuis 5m:2956352,-
0MGnacmm9FdPhRc0q39Ioc,Pipe Types:DYKA PP Binnenriolering_Afvoerbuis 5m:2956360,-
0MGnacmm9FdPhRc0q39Ioa,Pipe Types:DYKA PP Binnenriolering_Afvoerbuis 5m:2956362,-
0MGnacmm9FdPhRc0q39IoY,Pipe Types:DYKA PP Binnenriolering_Afvoerbuis 5m:2956364,-
0MGnacmm9FdPhRc0q39IoW,Pipe Types:DYKA PP Binnenriolering_Afvoerbuis 5m:2956366,-
0MGnacmm9FdPhRc0q39Io_,Pipe Types:DYKA PP Binnenriolering_Afvoerbuis 5m:2956368,-
0MGnacmm9FdPhRc0q39Ioz,Pipe Types:DYKA PP Binnenriolering_Afvoerbuis 5m:2956371,-
0MGnacmm9FdPhRc0q39IoE,Pipe Types:DYKA PP Binnenriolering_Afvoerbuis 5m:2956384,-
0MGnacmm9FdPhRc0q39IoA,Pipe Types:DYKA PP Binnenriolering_Afvoerbuis 5m:2956388,-
0MGnacmm9FdPhRc0q39Io2,Pipe Types:DYKA PP Binnenriolering_Afvoerbuis 5m:2956396,-
0MGnacmm9FdPhRc0q39Io0,Pipe Types:DYKA PP Binnenriolering_Afvoerbuis 5m:2956398,-
0MGnacmm9FdPhRc0q39IoG,Pipe Types:DYKA PP Binnenriolering_Afvoerbuis 5m:2956414,-
0MGnacmm9FdPhRc0q39Ink,Pipe Types:DYKA PP Binnenriolering_Afvoerbuis 5m:2956416,-
0MGnacmm9FdPhRc0q39InZ,Pipe Types:DYKA PP Binnenriolering_Afvoerbuis 5m:2956429,-
0MGnacmm9FdPhRc0q39Iw6,Pipe Types:DYKA PP Binnenriolering_Afvoerbuis 5m:2956904,-
0MGnacmm9FdPhRc0q39IwU,Pipe Types:DYKA PP Binnenriolering_Afvoerbuis 5m:2956912,-
0MGnacmm9FdPhRc0q39IwS,Pipe Types:DYKA PP Binnenriolering_Afvoerbuis 5m:2956914,-
0MGnacmm9FdPhRc0q39IwQ,Pipe Types:DYKA PP Binnenriolering_Afvoerbuis 5m:2956916,-
0MGnacmm9FdPhRc0q39IwO,Pipe Types:DYKA PP Binnenriolering_Afvoerbuis 5m:2956918,-
0MGnacmm9FdPhRc0q39IwM,Pipe Types:DYKA PP Binnenriolering_Afvoerbuis 5m:2956920,-
0MGnacmm9FdPhRc0q39IwL,Pipe Types:DYKA PP Binnenriolering_Afvoerbuis 5m:2956923,-
0MGnacmm9FdPhRc0q39Ivc,Pipe Types:DYKA PP Binnenriolering_Afvoerbuis 5m:2956936,-
0MGnacmm9FdPhRc0q39IvY,Pipe Types:DYKA PP Binnenriolering_Afvoerbuis 5m:2956940,-
0MGnacmm9FdPhRc0q39Ivw,Pipe Types:DYKA PP Binnenriolering_Afvoerbuis 5m:2956948,-
0MGnacmm9FdPhRc0q39Ivu,Pipe Types:DYKA PP Binnenriolering_Afvoerbuis 5m:2956950,-
0MGnacmm9FdPhRc0q39Iv8,Pipe Types:DYKA PP Binnenriolering_Afvoerbuis 5m:2956966,-
0MGnacmm9FdPhRc0q39Iv6,Pipe Types:DYKA PP Binnenriolering_Afvoerbuis 5m:2956968,-
0MGnacmm9FdPhRc0q39IvR,Pipe Types:DYKA PP Binnenriolering_Afvoerbuis 5m:2956981,-
0MGnacmm9FdPhRc0q39Iue,Pipe Types:DYKA PP Binnenriolering_Afvoerbuis 5m:2956998,-
0MGnacmm9FdPhRc0q39IuW,Pipe Types:DYKA PP Binnenriolering_Afvoerbuis 5m:2957006,-
0MGnacmm9FdPhRc0q39Iu_,Pipe Types:DYKA PP Binnenriolering_Afvoerbuis 5m:2957008,-
0MGnacmm9FdPhRc0q39Iuy,Pipe Types:DYKA PP Binnenriolering_Afvoerbuis 5m:2957010,-
0MGnacmm9FdPhRc0q39Iuw,Pipe Types:DYKA PP Binnenriolering_Afvoerbuis 5m:2957012,-
0MGnacmm9FdPhRc0q39Iuu,Pipe Types:DYKA PP Binnenriolering_Afvoerbuis 5m:2957014,-
0MGnacmm9FdPhRc0q39Iut,Pipe Types:DYKA PP Binnenriolering_Afvoerbuis 5m:2957017,-
0MGnacmm9FdPhRc0q39Iu8,Pipe Types:DYKA PP Binnenriolering_Afvoerbuis 5m:2957030,-
0MGnacmm9FdPhRc0q39Iu4,Pipe Types:DYKA PP Binnenriolering_Afvoerbuis 5m:2957034,-
0MGnacmm9FdPhRc0q39IuS,Pipe Types:DYKA PP Binnenriolering_Afvoerbuis 5m:2957042,-
0MGnacmm9FdPhRc0q39IuQ,Pipe Types:DYKA PP Binnenriolering_Afvoerbuis 5m:2957044,-
0MGnacmm9FdPhRc0q39I$g,Pipe Types:DYKA PP Binnenriolering_Afvoerbuis 5m:2957060,-
0MGnacmm9FdPhRc0q39I$e,Pipe Types:DYKA PP Binnenriolering_Afvoerbuis 5m:2957062,-
0MGnacmm9FdPhRc0q39I$z,Pipe Types:DYKA PP Binnenriolering_Afvoerbuis 5m:2957075,-
06uZ_K6wj81A$C0r$NK9gW,Pipe Types:DYKA PP Binnenriolering_Afvoerbuis 5m:2979133,-
06uZ_K6wj81A$C0r$NK9gY,Pipe Types:DYKA PP Binnenriolering_Afvoerbuis 5m:2979135,-
06uZ_K6wj81A$C0r$NK9hO,Pipe Types:DYKA PP Binnenriolering_Afvoerbuis 5m:2979141,-
06uZ_K6wj81A$C0r$NK9hK,Pipe Types:DYKA PP Binnenriolering_Afvoerbuis 5m:2979145,-
06uZ_K6wj81A$C0r$NK9hG,Pipe Types:DYKA PP Binnenriolering_Afvoerbuis 5m:2979149,-
06uZ_K6wj81A$C0r$NK9hD,Pipe Types:DYKA PP Binnenriolering_Afvoerbuis 5m:2979152,-
06uZ_K6wj81A$C0r$NK9h9,Pipe Types:DYKA PP Binnenriolering_Afvoerbuis 5m:2979156,-
06uZ_K6wj81A$C0r$NK9hA,Pipe Types:DYKA PP Binnenriolering_Afvoerbuis 5m:2979159,-
06uZ_K6wj81A$C0r$NK9h2,Pipe Types:DYKA PP Binnenriolering_Afvoerbuis 5m:2979167,-
06uZ_K6wj81A$C0r$NK9hl,Pipe Types:DYKA PP Binnenriolering_Afvoerbuis 5m:2979186,-
06uZ_K6wj81A$C0r$NK9eB,Pipe Types:DYKA PP Binnenriolering_Afvoerbuis 5m:2979222,-
06uZ_K6wj81A$C0r$NK9e5,Pipe Types:DYKA PP Binnenriolering_Afvoerbuis 5m:2979224,-
06uZ_K6wj81A$C0r$NK9e1,Pipe Types:DYKA PP Binnenriolering_Afvoerbuis 5m:2979228,-
06uZ_K6wj81A$C0r$NK9e3,Pipe Types:DYKA PP Binnenriolering_Afvoerbuis 5m:2979230,-
06uZ_K6wj81A$C0r$NK9ex,Pipe Types:DYKA PP Binnenriolering_Afvoerbuis 5m:2979238,-
06uZ_K6wj81A$C0r$NK9eq,Pipe Types:DYKA PP Binnenriolering_Afvoerbuis 5m:2979241,-
06uZ_K6wj81A$C0r$NK9fR,Pipe Types:DYKA PP Binnenriolering_Afvoerbuis 5m:2979270,-
06uZ_K6wj81A$C0r$NK9fL,Pipe Types:DYKA PP Binnenriolering_Afvoerbuis 5m:2979272,-
06uZ_K6wj81A$C0r$NK9fN,Pipe Types:DYKA PP Binnenriolering_Afvoerbuis 5m:2979274,-
06uZ_K6wj81A$C0r$NK9fI,Pipe Types:DYKA PP Binnenriolering_Afvoerbuis 5m:2979279,-
06uZ_K6wj81A$C0r$NK9f0,Pipe Types:DYKA PP Binnenriolering_Afvoerbuis 5m:2979293,-
06uZ_K6wj81A$C0r$NK9fd,Pipe Types:DYKA PP Binnenriolering_Afvoerbuis 5m:2979322,-
06uZ_K6wj81A$C0r$NK9fX,Pipe Types:DYKA PP Binnenriolering_Afvoerbuis 5m:2979324,-
06uZ_K6wj81A$C0r$NK9cV,Pipe Types:DYKA PP Binnenriolering_Afvoerbuis 5m:2979330,-
06uZ_K6wj81A$C0r$NK9cR,Pipe Types:DYKA PP Binnenriolering_Afvoerbuis 5m:2979334,-
06uZ_K6wj81A$C0r$NK9cN,Pipe Types:DYKA PP Binnenriolering_Afvoerbuis 5m:2979338,-
06uZ_K6wj81A$C0r$NK9cG,Pipe Types:DYKA PP Binnenriolering_Afvoerbuis 5m:2979341,-
06uZ_K6wj81A$C0r$NK9cC,Pipe Types:DYKA PP Binnenriolering_Afvoerbuis 5m:2979345,-
06uZ_K6wj81A$C0r$NK9c9,Pipe Types:DYKA PP Binnenriolering_Afvoerbuis 5m:2979348,-
06uZ_K6wj81A$C0r$NK9c1,Pipe Types:DYKA PP Binnenriolering_Afvoerbuis 5m:2979356,-
06uZ_K6wj81A$C0r$NK9co,Pipe Types:DYKA PP Binnenriolering_Afvoerbuis 5m:2979375,-
06uZ_K6wj81A$C0r$NK9dE,Pipe Types:DYKA PP Binnenriolering_Afvoerbuis 5m:2979411,-
06uZ_K6wj81A$C0r$NK9d8,Pipe Types:DYKA PP Binnenriolering_Afvoerbuis 5m:2979413,-
06uZ_K6wj81A$C0r$NK9d4,Pipe Types:DYKA PP Binnenriolering_Afvoerbuis 5m:2979417,-
06uZ_K6wj81A$C0r$NK9d6,Pipe Types:DYKA PP Binnenriolering_Afvoerbuis 5m:2979419,-
06uZ_K6wj81A$C0r$NK9d_,Pipe Types:DYKA PP Binnenriolering_Afvoerbuis 5m:2979427,-
06uZ_K6wj81A$C0r$NK9dx,Pipe Types:DYKA PP Binnenriolering_Afvoerbuis 5m:2979430,-
06uZ_K6wj81A$C0r$NK9aU,Pipe Types:DYKA PP Binnenriolering_Afvoerbuis 5m:2979459,-
06uZ_K6wj81A$C0r$NK9aO,Pipe Types:DYKA PP Binnenriolering_Afvoerbuis 5m:2979461,-
06uZ_K6wj81A$C0r$NK9aQ,Pipe Types:DYKA PP Binnenriolering_Afvoerbuis 5m:2979463,-
06uZ_K6wj81A$C0r$NK9aH,Pipe Types:DYKA PP Binnenriolering_Afvoerbuis 5m:2979468,-
06uZ_K6wj81A$C0r$NK9a7,Pipe Types:DYKA PP Binnenriolering_Afvoerbuis 5m:2979482,-
06uZ_K6wj81A$C0r$NK9FH,Pipe Types:DYKA PP Binnenriolering_Afvoerbuis 5m:2980940,-
06uZ_K6wj81A$C0r$NK9FJ,Pipe Types:DYKA PP Binnenriolering_Afvoerbuis 5m:2980942,-
06uZ_K6wj81A$C0r$NK9F9,Pipe Types:DYKA PP Binnenriolering_Afvoerbuis 5m:2980948,-
06uZ_K6wj81A$C0r$NK9Fx,Pipe Types:DYKA PP Binnenriolering_Afvoerbuis 5m:2980966,-
06uZ_K6wj81A$C0r$NK9Fp,Pipe Types:DYKA PP Binnenriolering_Afvoerbuis 5m:2980974,-
06uZ_K6wj81A$C0r$NK9Cv,Pipe Types:DYKA PP Binnenriolering_Afvoerbuis 5m:2981028,-
06uZ_K6wj81A$C0r$NK9Cx,Pipe Types:DYKA PP Binnenriolering_Afvoerbuis 5m:2981030,-
06uZ_K6wj81A$C0r$NK9Ct,Pipe Types:DYKA PP Binnenriolering_Afvoerbuis 5m:2981034,-
06uZ_K6wj81A$C0r$NK9Cn,Pipe Types:DYKA PP Binnenriolering_Afvoerbuis 5m:2981036,-
06uZ_K6wj81A$C0r$NK9Cf,Pipe Types:DYKA PP Binnenriolering_Afvoerbuis 5m:2981044,-
06uZ_K6wj81A$C0r$NK9Cg,Pipe Types:DYKA PP Binnenriolering_Afvoerbuis 5m:2981047,-
06uZ_K6wj81A$C0r$NK9D9,Pipe Types:DYKA PP Binnenriolering_Afvoerbuis 5m:2981076,-
06uZ_K6wj81A$C0r$NK9DB,Pipe Types:DYKA PP Binnenriolering_Afvoerbuis 5m:2981078,-
06uZ_K6wj81A$C0r$NK9D5,Pipe Types:DYKA PP Binnenriolering_Afvoerbuis 5m:2981080,-
06uZ_K6wj81A$C0r$NK9D0,Pipe Types:DYKA PP Binnenriolering_Afvoerbuis 5m:2981085,-
06uZ_K6wj81A$C0r$NK9Ds,Pipe Types:DYKA PP Binnenriolering_Afvoerbuis 5m:2981099,-
06uZ_K6wj81A$C0r$NK95n,Pipe Types:DYKA PP Binnenriolering_Afvoerbuis 5m:2981612,-
06uZ_K6wj81A$C0r$NK95p,Pipe Types:DYKA PP Binnenriolering_Afvoerbuis 5m:2981614,-
06uZ_K6wj81A$C0r$NK95f,Pipe Types:DYKA PP Binnenriolering_Afvoerbuis 5m:2981620,-
06uZ_K6wj81A$C0r$NK92R,Pipe Types:DYKA PP Binnenriolering_Afvoerbuis 5m:2981638,-
06uZ_K6wj81A$C0r$NK92J,Pipe Types:DYKA PP Binnenriolering_Afvoerbuis 5m:2981646,-
06uZ_K6wj81A$C0r$NK93P,Pipe Types:DYKA PP Binnenriolering_Afvoerbuis 5m:2981700,-
06uZ_K6wj81A$C0r$NK93R,Pipe Types:DYKA PP Binnenriolering_Afvoerbuis 5m:2981702,-
06uZ_K6wj81A$C0r$NK93N,Pipe Types:DYKA PP Binnenriolering_Afvoerbuis 5m:2981706,-
06uZ_K6wj81A$C0r$NK93H,Pipe Types:DYKA PP Binnenriolering_Afvoerbuis 5m:2981708,-
06uZ_K6wj81A$C0r$NK93J,Pipe Types:DYKA PP Binnenriolering_Afvoerbuis 5m:2981710,-
06uZ_K6wj81A$C0r$NK93C,Pipe Types:DYKA PP Binnenriolering_Afvoerbuis 5m:2981713,-
06uZ_K6wj81A$C0r$NK93p,Pipe Types:DYKA PP Binnenriolering_Afvoerbuis 5m:2981742,-
06uZ_K6wj81A$C0r$NK93j,Pipe Types:DYKA PP Binnenriolering_Afvoerbuis 5m:2981744,-
06uZ_K6wj81A$C0r$NK93l,Pipe Types:DYKA PP Binnenriolering_Afvoerbuis 5m:2981746,-
06uZ_K6wj81A$C0r$NK93g,Pipe Types:DYKA PP Binnenriolering_Afvoerbuis 5m:2981751,-
06uZ_K6wj81A$C0r$NK90O,Pipe Types:DYKA PP Binnenriolering_Afvoerbuis 5m:2981765,-
06uZ_K6wj81A$C0r$NK90u,Pipe Types:DYKA PP Binnenriolering_Afvoerbuis 5m:2981797,-
06uZ_K6wj81A$C0r$NK90w,Pipe Types:DYKA PP Binnenriolering_Afvoerbuis 5m:2981799,-
06uZ_K6wj81A$C0r$NK90m,Pipe Types:DYKA PP Binnenriolering_Afvoerbuis 5m:2981805,-
06uZ_K6wj81A$C0r$NK90Y,Pipe Types:DYKA PP Binnenriolering_Afvoerbuis 5m:2981823,-
06uZ_K6wj81A$C0r$NK91Q,Pipe Types:DYKA PP Binnenriolering_Afvoerbuis 5m:2981831,-
06uZ_K6wj81A$C0r$NK91W,Pipe Types:DYKA PP Binnenriolering_Afvoerbuis 5m:2981885,-
06uZ_K6wj81A$C0r$NK91Y,Pipe Types:DYKA PP Binnenriolering_Afvoerbuis 5m:2981887,-
06uZ_K6wj81A$C0r$NK6_U,Pipe Types:DYKA PP Binnenriolering_Afvoerbuis 5m:2981891,-
06uZ_K6wj81A$C0r$NK6_O,Pipe Types:DYKA PP Binnenriolering_Afvoerbuis 5m:2981893,-
06uZ_K6wj81A$C0r$NK6_Q,Pipe Types:DYKA PP Binnenriolering_Afvoerbuis 5m:2981895,-
06uZ_K6wj81A$C0r$NK6_N,Pipe Types:DYKA PP Binnenriolering_Afvoerbuis 5m:2981898,-
06uZ_K6wj81A$C0r$NK6_w,Pipe Types:DYKA PP Binnenriolering_Afvoerbuis 5m:2981927,-
06uZ_K6wj81A$C0r$NK6_q,Pipe Types:DYKA PP Binnenriolering_Afvoerbuis 5m:2981929,-
06uZ_K6wj81A$C0r$NK6_s,Pipe Types:DYKA PP Binnenriolering_Afvoerbuis 5m:2981931,-
06uZ_K6wj81A$C0r$NK6_j,Pipe Types:DYKA PP Binnenriolering_Afvoerbuis 5m:2981936,-
06uZ_K6wj81A$C0r$NK6_Z,Pipe Types:DYKA PP Binnenriolering_Afvoerbuis 5m:2981950,-
06uZ_K6wj81A$C0r$NK6$3,Pipe Types:DYKA PP Binnenriolering_Afvoerbuis 5m:2981982,-
06uZ_K6wj81A$C0r$NK6$z,Pipe Types:DYKA PP Binnenriolering_Afvoerbuis 5m:2981984,-
06uZ_K6wj81A$C0r$NK6$x,Pipe Types:DYKA PP Binnenriolering_Afvoerbuis 5m:2981990,-
06uZ_K6wj81A$C0r$NK6$b,Pipe Types:DYKA PP Binnenriolering_Afvoerbuis 5m:2982008,-
06uZ_K6wj81A$C0r$NK6yT,Pipe Types:DYKA PP Binnenriolering_Afvoerbuis 5m:2982016,-
06uZ_K6wj81A$C0r$NK6yh,Pipe Types:DYKA PP Binnenriolering_Afvoerbuis 5m:2982070,-
06uZ_K6wj81A$C0r$NK6yb,Pipe Types:DYKA PP Binnenriolering_Afvoerbuis 5m:2982072,-
06uZ_K6wj81A$C0r$NK6yX,Pipe Types:DYKA PP Binnenriolering_Afvoerbuis 5m:2982076,-
06uZ_K6wj81A$C0r$NK6yZ,Pipe Types:DYKA PP Binnenriolering_Afvoerbuis 5m:2982078,-
06uZ_K6wj81A$C0r$NK6zT,Pipe Types:DYKA PP Binnenriolering_Afvoerbuis 5m:2982080,-
06uZ_K6wj81A$C0r$NK6zU,Pipe Types:DYKA PP Binnenriolering_Afvoerbuis 5m:2982083,-
06uZ_K6wj81A$C0r$NK6zz,Pipe Types:DYKA PP Binnenriolering_Afvoerbuis 5m:2982112,-
06uZ_K6wj81A$C0r$NK6z$,Pipe Types:DYKA PP Binnenriolering_Afvoerbuis 5m:2982114,-
06uZ_K6wj81A$C0r$NK6zv,Pipe Types:DYKA PP Binnenriolering_Afvoerbuis 5m:2982116,-
06uZ_K6wj81A$C0r$NK6zq,Pipe Types:DYKA PP Binnenriolering_Afvoerbuis 5m:2982121,-
06uZ_K6wj81A$C0r$NK6zg,Pipe Types:DYKA PP Binnenriolering_Afvoerbuis 5m:2982135,-
06uZ_K6wj81A$C0r$NK6xi,Pipe Types:DYKA PP Binnenriolering_Afvoerbuis 5m:2982257,-
06uZ_K6wj81A$C0r$NK6xk,Pipe Types:DYKA PP Binnenriolering_Afvoerbuis 5m:2982259,-
06uZ_K6wj81A$C0r$NK6xW,Pipe Types:DYKA PP Binnenriolering_Afvoerbuis 5m:2982269,-
06uZ_K6wj81A$C0r$NK6xY,Pipe Types:DYKA PP Binnenriolering_Afvoerbuis 5m:2982271,-
06uZ_K6wj81A$C0r$NK6uS,Pipe Types:DYKA PP Binnenriolering_Afvoerbuis 5m:2982273,-
06uZ_K6wj81A$C0r$NK6uP,Pipe Types:DYKA PP Binnenriolering_Afvoerbuis 5m:2982276,-
06uZ_K6wj81A$C0r$NK6uF,Pipe Types:DYKA PP Binnenriolering_Afvoerbuis 5m:2982290,-
06uZ_K6wj81A$C0r$NK6u9,Pipe Types:DYKA PP Binnenriolering_Afvoerbuis 5m:2982292,-
06uZ_K6wj81A$C0r$NK6uA,Pipe Types:DYKA PP Binnenriolering_Afvoerbuis 5m:2982295,-
06uZ_K6wj81A$C0r$NK6u6,Pipe Types:DYKA PP Binnenriolering_Afvoerbuis 5m:2982299,-
06uZ_K6wj81A$C0r$NK6u_,Pipe Types:DYKA PP Binnenriolering_Afvoerbuis 5m:2982307,-
06uZ_K6wj81A$C0r$NK6uu,Pipe Types:DYKA PP Binnenriolering_Afvoerbuis 5m:2982309,-
06uZ_K6wj81A$C0r$NK6uw,Pipe Types:DYKA PP Binnenriolering_Afvoerbuis 5m:2982311,-
06uZ_K6wj81A$C0r$NK6uq,Pipe Types:DYKA PP Binnenriolering_Afvoerbuis 5m:2982313,-
06uZ_K6wj81A$C0r$NK6un,Pipe Types:DYKA PP Binnenriolering_Afvoerbuis 5m:2982316,-
06uZ_K6wj81A$C0r$NK6ua,Pipe Types:DYKA PP Binnenriolering_Afvoerbuis 5m:2982329,-
06uZ_K6wj81A$C0r$NK6uW,Pipe Types:DYKA PP Binnenriolering_Afvoerbuis 5m:2982333,-
06uZ_K6wj81A$C0r$NK6vO,Pipe Types:DYKA PP Binnenriolering_Afvoerbuis 5m:2982341,-
06uZ_K6wj81A$C0r$NK6vQ,Pipe Types:DYKA PP Binnenriolering_Afvoerbuis 5m:2982343,-
06uZ_K6wj81A$C0r$NK6v4,Pipe Types:DYKA PP Binnenriolering_Afvoerbuis 5m:2982361,-
06uZ_K6wj81A$C0r$NK6vz,Pipe Types:DYKA PP Binnenriolering_Afvoerbuis 5m:2982368,-
06uZ_K6wj81A$C0r$NK6v$,Pipe Types:DYKA PP Binnenriolering_Afvoerbuis 5m:2982370,-
06uZ_K6wj81A$C0r$NK6vv,Pipe Types:DYKA PP Binnenriolering_Afvoerbuis 5m:2982372,-
06uZ_K6wj81A$C0r$NK6vw,Pipe Types:DYKA PP Binnenriolering_Afvoerbuis 5m:2982375,-
06uZ_K6wj81A$C0r$NK6vo,Pipe Types:DYKA PP Binnenriolering_Afvoerbuis 5m:2982383,-
06uZ_K6wj81A$C0r$NK6vi,Pipe Types:DYKA PP Binnenriolering_Afvoerbuis 5m:2982385,-
06uZ_K6wj81A$C0r$NK6sO,Pipe Types:DYKA PP Binnenriolering_Afvoerbuis 5m:2982405,-
06uZ_K6wj81A$C0r$NK6sQ,Pipe Types:DYKA PP Binnenriolering_Afvoerbuis 5m:2982407,-
06uZ_K6wj81A$C0r$NK6sN,Pipe Types:DYKA PP Binnenriolering_Afvoerbuis 5m:2982410,-
06uZ_K6wj81A$C0r$NK6s9,Pipe Types:DYKA PP Binnenriolering_Afvoerbuis 5m:2982420,-
06uZ_K6wj81A$C0r$NK6sB,Pipe Types:DYKA PP Binnenriolering_Afvoerbuis 5m:2982422,-
06uZ_K6wj81A$C0r$NK6s_,Pipe Types:DYKA PP Binnenriolering_Afvoerbuis 5m:2982435,-
06uZ_K6wj81A$C0r$NK6tV,Pipe Types:DYKA PP Binnenriolering_Afvoerbuis 5m:2982466,-
06uZ_K6wj81A$C0r$NK6tN,Pipe Types:DYKA PP Binnenriolering_Afvoerbuis 5m:2982474,-
06uZ_K6wj81A$C0r$NK6tH,Pipe Types:DYKA PP Binnenriolering_Afvoerbuis 5m:2982476,-
06uZ_K6wj81A$C0r$NK6tJ,Pipe Types:DYKA PP Binnenriolering_Afvoerbuis 5m:2982478,-
06uZ_K6wj81A$C0r$NK6tD,Pipe Types:DYKA PP Binnenriolering_Afvoerbuis 5m:2982480,-
06uZ_K6wj81A$C0r$NK6tF,Pipe Types:DYKA PP Binnenriolering_Afvoerbuis 5m:2982482,-
06uZ_K6wj81A$C0r$NK6t8,Pipe Types:DYKA PP Binnenriolering_Afvoerbuis 5m:2982485,-
06uZ_K6wj81A$C0r$NK6t$,Pipe Types:DYKA PP Binnenriolering_Afvoerbuis 5m:2982498,-
06uZ_K6wj81A$C0r$NK6tx,Pipe Types:DYKA PP Binnenriolering_Afvoerbuis 5m:2982502,-
06uZ_K6wj81A$C0r$NK6tp,Pipe Types:DYKA PP Binnenriolering_Afvoerbuis 5m:2982510,-
06uZ_K6wj81A$C0r$NK6tj,Pipe Types:DYKA PP Binnenriolering_Afvoerbuis 5m:2982512,-
06uZ_K6wj81A$C0r$NK6qT,Pipe Types:DYKA PP Binnenriolering_Afvoerbuis 5m:2982528,-
06uZ_K6wj81A$C0r$NK6qV,Pipe Types:DYKA PP Binnenriolering_Afvoerbuis 5m:2982530,-
06uZ_K6wj81A$C0r$NK6qM,Pipe Types:DYKA PP Binnenriolering_Afvoerbuis 5m:2982539,-
06uZ_K6wj81A$C0r$NK6e7,Pipe Types:DYKA PP Binnenriolering_Afvoerbuis 5m:2983322,-
06uZ_K6wj81A$C0r$NK6e1,Pipe Types:DYKA PP Binnenriolering_Afvoerbuis 5m:2983324,-
06uZ_K6wj81A$C0r$NK6ex,Pipe Types:DYKA PP Binnenriolering_Afvoerbuis 5m:2983334,-
06uZ_K6wj81A$C0r$NK6er,Pipe Types:DYKA PP Binnenriolering_Afvoerbuis 5m:2983336,-
06uZ_K6wj81A$C0r$NK6et,Pipe Types:DYKA PP Binnenriolering_Afvoerbuis 5m:2983338,-
06uZ_K6wj81A$C0r$NK6em,Pipe Types:DYKA PP Binnenriolering_Afvoerbuis 5m:2983341,-
06uZ_K6wj81A$C0r$NK6ec,Pipe Types:DYKA PP Binnenriolering_Afvoerbuis 5m:2983355,-
06uZ_K6wj81A$C0r$NK6eW,Pipe Types:DYKA PP Binnenriolering_Afvoerbuis 5m:2983357,-
06uZ_K6wj81A$C0r$NK6fT,Pipe Types:DYKA PP Binnenriolering_Afvoerbuis 5m:2983360,-
06uZ_K6wj81A$C0r$NK6fP,Pipe Types:DYKA PP Binnenriolering_Afvoerbuis 5m:2983364,-
06uZ_K6wj81A$C0r$NK6fH,Pipe Types:DYKA PP Binnenriolering_Afvoerbuis 5m:2983372,-
06uZ_K6wj81A$C0r$NK6fJ,Pipe Types:DYKA PP Binnenriolering_Afvoerbuis 5m:2983374,-
06uZ_K6wj81A$C0r$NK6fD,Pipe Types:DYKA PP Binnenriolering_Afvoerbuis 5m:2983376,-
06uZ_K6wj81A$C0r$NK6fF,Pipe Types:DYKA PP Binnenriolering_Afvoerbuis 5m:2983378,-
06uZ_K6wj81A$C0r$NK6f8,Pipe Types:DYKA PP Binnenriolering_Afvoerbuis 5m:2983381,-
06uZ_K6wj81A$C0r$NK6f$,Pipe Types:DYKA PP Binnenriolering_Afvoerbuis 5m:2983394,-
06uZ_K6wj81A$C0r$NK6fx,Pipe Types:DYKA PP Binnenriolering_Afvoerbuis 5m:2983398,-
06uZ_K6wj81A$C0r$NK6fp,Pipe Types:DYKA PP Binnenriolering_Afvoerbuis 5m:2983406,-
06uZ_K6wj81A$C0r$NK6fj,Pipe Types:DYKA PP Binnenriolering_Afvoerbuis 5m:2983408,-
06uZ_K6wj81A$C0r$NK6cV,Pipe Types:DYKA PP Binnenriolering_Afvoerbuis 5m:2983426,-
06uZ_K6wj81A$C0r$NK6cK,Pipe Types:DYKA PP Binnenriolering_Afvoerbuis 5m:2983433,-
06uZ_K6wj81A$C0r$NK6cM,Pipe Types:DYKA PP Binnenriolering_Afvoerbuis 5m:2983435,-
06uZ_K6wj81A$C0r$NK6cG,Pipe Types:DYKA PP Binnenriolering_Afvoerbuis 5m:2983437,-
06uZ_K6wj81A$C0r$NK6cD,Pipe Types:DYKA PP Binnenriolering_Afvoerbuis 5m:2983440,-
06uZ_K6wj81A$C0r$NK6c5,Pipe Types:DYKA PP Binnenriolering_Afvoerbuis 5m:2983448,-
06uZ_K6wj81A$C0r$NK6c7,Pipe Types:DYKA PP Binnenriolering_Afvoerbuis 5m:2983450,-
06uZ_K6wj81A$C0r$NK6cp,Pipe Types:DYKA PP Binnenriolering_Afvoerbuis 5m:2983470,-
06uZ_K6wj81A$C0r$NK6cj,Pipe Types:DYKA PP Binnenriolering_Afvoerbuis 5m:2983472,-
06uZ_K6wj81A$C0r$NK6ck,Pipe Types:DYKA PP Binnenriolering_Afvoerbuis 5m:2983475,-
06uZ_K6wj81A$C0r$NK6cW,Pipe Types:DYKA PP Binnenriolering_Afvoerbuis 5m:2983485,-
06uZ_K6wj81A$C0r$NK6cY,Pipe Types:DYKA PP Binnenriolering_Afvoerbuis 5m:2983487,-
06uZ_K6wj81A$C0r$NK6dH,Pipe Types:DYKA PP Binnenriolering_Afvoerbuis 5m:2983500,-
06uZ_K6wj81A$C0r$NK6ds,Pipe Types:DYKA PP Binnenriolering_Afvoerbuis 5m:2983531,-
06uZ_K6wj81A$C0r$NK6dk,Pipe Types:DYKA PP Binnenriolering_Afvoerbuis 5m:2983539,-
06uZ_K6wj81A$C0r$NK6de,Pipe Types:DYKA PP Binnenriolering_Afvoerbuis 5m:2983541,-
06uZ_K6wj81A$C0r$NK6dg,Pipe Types:DYKA PP Binnenriolering_Afvoerbuis 5m:2983543,-
06uZ_K6wj81A$C0r$NK6da,Pipe Types:DYKA PP Binnenriolering_Afvoerbuis 5m:2983545,-
06uZ_K6wj81A$C0r$NK6dc,Pipe Types:DYKA PP Binnenriolering_Afvoerbuis 5m:2983547,-
06uZ_K6wj81A$C0r$NK6dZ,Pipe Types:DYKA PP Binnenriolering_Afvoerbuis 5m:2983550,-
06uZ_K6wj81A$C0r$NK6aM,Pipe Types:DYKA PP Binnenriolering_Afvoerbuis 5m:2983563,-
06uZ_K6wj81A$C0r$NK6aI,Pipe Types:DYKA PP Binnenriolering_Afvoerbuis 5m:2983567,-
06uZ_K6wj81A$C0r$NK6aA,Pipe Types:DYKA PP Binnenriolering_Afvoerbuis 5m:2983575,-
06uZ_K6wj81A$C0r$NK6a4,Pipe Types:DYKA PP Binnenriolering_Afvoerbuis 5m:2983577,-
06uZ_K6wj81A$C0r$NK6aq,Pipe Types:DYKA PP Binnenriolering_Afvoerbuis 5m:2983593,-
06uZ_K6wj81A$C0r$NK6as,Pipe Types:DYKA PP Binnenriolering_Afvoerbuis 5m:2983595,-
06uZ_K6wj81A$C0r$NK6af,Pipe Types:DYKA PP Binnenriolering_Afvoerbuis 5m:2983604,-
06uZ_K6wj81A$C0r$NK6br,Pipe Types:DYKA PP Binnenriolering_Afvoerbuis 5m:2983656,-
06uZ_K6wj81A$C0r$NK6bt,Pipe Types:DYKA PP Binnenriolering_Afvoerbuis 5m:2983658,-
06uZ_K6wj81A$C0r$NK6bf,Pipe Types:DYKA PP Binnenriolering_Afvoerbuis 5m:2983668,-
06uZ_K6wj81A$C0r$NK6bh,Pipe Types:DYKA PP Binnenriolering_Afvoerbuis 5m:2983670,-
06uZ_K6wj81A$C0r$NK6bb,Pipe Types:DYKA PP Binnenriolering_Afvoerbuis 5m:2983672,-
06uZ_K6wj81A$C0r$NK6bc,Pipe Types:DYKA PP Binnenriolering_Afvoerbuis 5m:2983675,-
06uZ_K6wj81A$C0r$NK6YK,Pipe Types:DYKA PP Binnenriolering_Afvoerbuis 5m:2983689,-
06uZ_K6wj81A$C0r$NK6YM,Pipe Types:DYKA PP Binnenriolering_Afvoerbuis 5m:2983691,-
06uZ_K6wj81A$C0r$NK6YJ,Pipe Types:DYKA PP Binnenriolering_Afvoerbuis 5m:2983694,-
06uZ_K6wj81A$C0r$NK6YF,Pipe Types:DYKA PP Binnenriolering_Afvoerbuis 5m:2983698,-
06uZ_K6wj81A$C0r$NK6Y7,Pipe Types:DYKA PP Binnenriolering_Afvoerbuis 5m:2983706,-
06uZ_K6wj81A$C0r$NK6Y1,Pipe Types:DYKA PP Binnenriolering_Afvoerbuis 5m:2983708,-
06uZ_K6wj81A$C0r$NK6Y3,Pipe Types:DYKA PP Binnenriolering_Afvoerbuis 5m:2983710,-
06uZ_K6wj81A$C0r$NK6Yz,Pipe Types:DYKA PP Binnenriolering_Afvoerbuis 5m:2983712,-
06uZ_K6wj81A$C0r$NK6Y_,Pipe Types:DYKA PP Binnenriolering_Afvoerbuis 5m:2983715,-
06uZ_K6wj81A$C0r$NK6Yj,Pipe Types:DYKA PP Binnenriolering_Afvoerbuis 5m:2983728,-
06uZ_K6wj81A$C0r$NK6Yf,Pipe Types:DYKA PP Binnenriolering_Afvoerbuis 5m:2983732,-
06uZ_K6wj81A$C0r$NK6YX,Pipe Types:DYKA PP Binnenriolering_Afvoerbuis 5m:2983740,-
06uZ_K6wj81A$C0r$NK6YZ,Pipe Types:DYKA PP Binnenriolering_Afvoerbuis 5m:2983742,-
06uZ_K6wj81A$C0r$NK6ZD,Pipe Types:DYKA PP Binnenriolering_Afvoerbuis 5m:2983760,-
06uZ_K6wj81A$C0r$NK6ZA,Pipe Types:DYKA PP Binnenriolering_Afvoerbuis 5m:2983767,-
06uZ_K6wj81A$C0r$NK6Z4,Pipe Types:DYKA PP Binnenriolering_Afvoerbuis 5m:2983769,-
06uZ_K6wj81A$C0r$NK6Z6,Pipe Types:DYKA PP Binnenriolering_Afvoerbuis 5m:2983771,-
06uZ_K6wj81A$C0r$NK6Z3,Pipe Types:DYKA PP Binnenriolering_Afvoerbuis 5m:2983774,-
06uZ_K6wj81A$C0r$NK6Zx,Pipe Types:DYKA PP Binnenriolering_Afvoerbuis 5m:2983782,-
06uZ_K6wj81A$C0r$NK6Zr,Pipe Types:DYKA PP Binnenriolering_Afvoerbuis 5m:2983784,-
06uZ_K6wj81A$C0r$NK6ZX,Pipe Types:DYKA PP Binnenriolering_Afvoerbuis 5m:2983804,-
06uZ_K6wj81A$C0r$NK6ZZ,Pipe Types:DYKA PP Binnenriolering_Afvoerbuis 5m:2983806,-
06uZ_K6wj81A$C0r$NK6WS,Pipe Types:DYKA PP Binnenriolering_Afvoerbuis 5m:2983809,-
06uZ_K6wj81A$C0r$NK6WM,Pipe Types:DYKA PP Binnenriolering_Afvoerbuis 5m:2983819,-
06uZ_K6wj81A$C0r$NK6WG,Pipe Types:DYKA PP Binnenriolering_Afvoerbuis 5m:2983821,-
06uZ_K6wj81A$C0r$NK6W7,Pipe Types:DYKA PP Binnenriolering_Afvoerbuis 5m:2983834,-
06uZ_K6wj81A$C0r$NK6Wa,Pipe Types:DYKA PP Binnenriolering_Afvoerbuis 5m:2983865,-
06uZ_K6wj81A$C0r$NK6XS,Pipe Types:DYKA PP Binnenriolering_Afvoerbuis 5m:2983873,-
06uZ_K6wj81A$C0r$NK6XU,Pipe Types:DYKA PP Binnenriolering_Afvoerbuis 5m:2983875,-
06uZ_K6wj81A$C0r$NK6XO,Pipe Types:DYKA PP Binnenriolering_Afvoerbuis 5m:2983877,-
06uZ_K6wj81A$C0r$NK6XQ,Pipe Types:DYKA PP Binnenriolering_Afvoerbuis 5m:2983879,-
06uZ_K6wj81A$C0r$NK6XK,Pipe Types:DYKA PP Binnenriolering_Afvoerbuis 5m:2983881,-
06uZ_K6wj81A$C0r$NK6XH,Pipe Types:DYKA PP Binnenriolering_Afvoerbuis 5m:2983884,-
06uZ_K6wj81A$C0r$NK6X4,Pipe Types:DYKA PP Binnenriolering_Afvoerbuis 5m:2983897,-
06uZ_K6wj81A$C0r$NK6X0,Pipe Types:DYKA PP Binnenriolering_Afvoerbuis 5m:2983901,-
06uZ_K6wj81A$C0r$NK6Xu,Pipe Types:DYKA PP Binnenriolering_Afvoerbuis 5m:2983909,-
06uZ_K6wj81A$C0r$NK6Xw,Pipe Types:DYKA PP Binnenriolering_Afvoerbuis 5m:2983911,-
06uZ_K6wj81A$C0r$NK6Xg,Pipe Types:DYKA PP Binnenriolering_Afvoerbuis 5m:2983927,-
06uZ_K6wj81A$C0r$NK6Xa,Pipe Types:DYKA PP Binnenriolering_Afvoerbuis 5m:2983929,-
06uZ_K6wj81A$C0r$NK6UV,Pipe Types:DYKA PP Binnenriolering_Afvoerbuis 5m:2983938,-
06uZ_K6wj81A$C0r$NK6Uh,Pipe Types:DYKA PP Binnenriolering_Afvoerbuis 5m:2983990,-
06uZ_K6wj81A$C0r$NK6Ub,Pipe Types:DYKA PP Binnenriolering_Afvoerbuis 5m:2983992,-
06uZ_K6wj81A$C0r$NK6VV,Pipe Types:DYKA PP Binnenriolering_Afvoerbuis 5m:2984002,-
06uZ_K6wj81A$C0r$NK6VP,Pipe Types:DYKA PP Binnenriolering_Afvoerbuis 5m:2984004,-
06uZ_K6wj81A$C0r$NK6VR,Pipe Types:DYKA PP Binnenriolering_Afvoerbuis 5m:2984006,-
06uZ_K6wj81A$C0r$NK6VK,Pipe Types:DYKA PP Binnenriolering_Afvoerbuis 5m:2984009,-
06uZ_K6wj81A$C0r$NK6VA,Pipe Types:DYKA PP Binnenriolering_Afvoerbuis 5m:2984023,-
06uZ_K6wj81A$C0r$NK6V4,Pipe Types:DYKA PP Binnenriolering_Afvoerbuis 5m:2984025,-
06uZ_K6wj81A$C0r$NK6V1,Pipe Types:DYKA PP Binnenriolering_Afvoerbuis 5m:2984028,-
06uZ_K6wj81A$C0r$NK6Vz,Pipe Types:DYKA PP Binnenriolering_Afvoerbuis 5m:2984032,-
06uZ_K6wj81A$C0r$NK6Vr,Pipe Types:DYKA PP Binnenriolering_Afvoerbuis 5m:2984040,-
06uZ_K6wj81A$C0r$NK6Vt,Pipe Types:DYKA PP Binnenriolering_Afvoerbuis 5m:2984042,-
06uZ_K6wj81A$C0r$NK6Vn,Pipe Types:DYKA PP Binnenriolering_Afvoerbuis 5m:2984044,-
06uZ_K6wj81A$C0r$NK6Vp,Pipe Types:DYKA PP Binnenriolering_Afvoerbuis 5m:2984046,-
06uZ_K6wj81A$C0r$NK6Vi,Pipe Types:DYKA PP Binnenriolering_Afvoerbuis 5m:2984049,-
06uZ_K6wj81A$C0r$NK6VZ,Pipe Types:DYKA PP Binnenriolering_Afvoerbuis 5m:2984062,-
06uZ_K6wj81A$C0r$NK6SV,Pipe Types:DYKA PP Binnenriolering_Afvoerbuis 5m:2984066,-
06uZ_K6wj81A$C0r$NK6SN,Pipe Types:DYKA PP Binnenriolering_Afvoerbuis 5m:2984074,-
06uZ_K6wj81A$C0r$NK6SH,Pipe Types:DYKA PP Binnenriolering_Afvoerbuis 5m:2984076,-
06uZ_K6wj81A$C0r$NK6S3,Pipe Types:DYKA PP Binnenriolering_Afvoerbuis 5m:2984094,-
06uZ_K6wj81A$C0r$NK6Su,Pipe Types:DYKA PP Binnenriolering_Afvoerbuis 5m:2984101,-
06uZ_K6wj81A$C0r$NK6Sw,Pipe Types:DYKA PP Binnenriolering_Afvoerbuis 5m:2984103,-
06uZ_K6wj81A$C0r$NK6Sq,Pipe Types:DYKA PP Binnenriolering_Afvoerbuis 5m:2984105,-
06uZ_K6wj81A$C0r$NK6Sn,Pipe Types:DYKA PP Binnenriolering_Afvoerbuis 5m:2984108,-
06uZ_K6wj81A$C0r$NK6Sf,Pipe Types:DYKA PP Binnenriolering_Afvoerbuis 5m:2984116,-
06uZ_K6wj81A$C0r$NK6Sh,Pipe Types:DYKA PP Binnenriolering_Afvoerbuis 5m:2984118,-
06uZ_K6wj81A$C0r$NK6TN,Pipe Types:DYKA PP Binnenriolering_Afvoerbuis 5m:2984138,-
06uZ_K6wj81A$C0r$NK6TH,Pipe Types:DYKA PP Binnenriolering_Afvoerbuis 5m:2984140,-
06uZ_K6wj81A$C0r$NK6TI,Pipe Types:DYKA PP Binnenriolering_Afvoerbuis 5m:2984143,-
06uZ_K6wj81A$C0r$NK6T4,Pipe Types:DYKA PP Binnenriolering_Afvoerbuis 5m:2984153,-
06uZ_K6wj81A$C0r$NK6T6,Pipe Types:DYKA PP Binnenriolering_Afvoerbuis 5m:2984155,-
06uZ_K6wj81A$C0r$NK6Tr,Pipe Types:DYKA PP Binnenriolering_Afvoerbuis 5m:2984168,-
06uZ_K6wj81A$C0r$NK6QQ,Pipe Types:DYKA PP Binnenriolering_Afvoerbuis 5m:2984199,-
06uZ_K6wj81A$C0r$NK6QI,Pipe Types:DYKA PP Binnenriolering_Afvoerbuis 5m:2984207,-
06uZ_K6wj81A$C0r$NK6QC,Pipe Types:DYKA PP Binnenriolering_Afvoerbuis 5m:2984209,-
06uZ_K6wj81A$C0r$NK6QE,Pipe Types:DYKA PP Binnenriolering_Afvoerbuis 5m:2984211,-
06uZ_K6wj81A$C0r$NK6Q8,Pipe Types:DYKA PP Binnenriolering_Afvoerbuis 5m:2984213,-
06uZ_K6wj81A$C0r$NK6QA,Pipe Types:DYKA PP Binnenriolering_Afvoerbuis 5m:2984215,-
06uZ_K6wj81A$C0r$NK6Q7,Pipe Types:DYKA PP Binnenriolering_Afvoerbuis 5m:2984218,-
06uZ_K6wj81A$C0r$NK6Qw,Pipe Types:DYKA PP Binnenriolering_Afvoerbuis 5m:2984231,-
06uZ_K6wj81A$C0r$NK6Qs,Pipe Types:DYKA PP Binnenriolering_Afvoerbuis 5m:2984235,-
06uZ_K6wj81A$C0r$NK6Qk,Pipe Types:DYKA PP Binnenriolering_Afvoerbuis 5m:2984243,-
06uZ_K6wj81A$C0r$NK6Qe,Pipe Types:DYKA PP Binnenriolering_Afvoerbuis 5m:2984245,-
06uZ_K6wj81A$C0r$NK6RO,Pipe Types:DYKA PP Binnenriolering_Afvoerbuis 5m:2984261,-
06uZ_K6wj81A$C0r$NK6RQ,Pipe Types:DYKA PP Binnenriolering_Afvoerbuis 5m:2984263,-
06uZ_K6wj81A$C0r$NK6RD,Pipe Types:DYKA PP Binnenriolering_Afvoerbuis 5m:2984272,-
06uZ_K6wj81A$C0r$NK6OP,Pipe Types:DYKA PP Binnenriolering_Afvoerbuis 5m:2984324,-
06uZ_K6wj81A$C0r$NK6OR,Pipe Types:DYKA PP Binnenriolering_Afvoerbuis 5m:2984326,-
06uZ_K6wj81A$C0r$NK6OD,Pipe Types:DYKA PP Binnenriolering_Afvoerbuis 5m:2984336,-
06uZ_K6wj81A$C0r$NK6OF,Pipe Types:DYKA PP Binnenriolering_Afvoerbuis 5m:2984338,-
06uZ_K6wj81A$C0r$NK6O9,Pipe Types:DYKA PP Binnenriolering_Afvoerbuis 5m:2984340,-
06uZ_K6wj81A$C0r$NK6OA,Pipe Types:DYKA PP Binnenriolering_Afvoerbuis 5m:2984343,-
06uZ_K6wj81A$C0r$NK6Ou,Pipe Types:DYKA PP Binnenriolering_Afvoerbuis 5m:2984357,-
06uZ_K6wj81A$C0r$NK6Ow,Pipe Types:DYKA PP Binnenriolering_Afvoerbuis 5m:2984359,-
06uZ_K6wj81A$C0r$NK6Ot,Pipe Types:DYKA PP Binnenriolering_Afvoerbuis 5m:2984362,-
06uZ_K6wj81A$C0r$NK6Op,Pipe Types:DYKA PP Binnenriolering_Afvoerbuis 5m:2984366,-
06uZ_K6wj81A$C0r$NK6Oh,Pipe Types:DYKA PP Binnenriolering_Afvoerbuis 5m:2984374,-
06uZ_K6wj81A$C0r$NK6Ob,Pipe Types:DYKA PP Binnenriolering_Afvoerbuis 5m:2984376,-
06uZ_K6wj81A$C0r$NK6Od,Pipe Types:DYKA PP Binnenriolering_Afvoerbuis 5m:2984378,-
06uZ_K6wj81A$C0r$NK6OX,Pipe Types:DYKA PP Binnenriolering_Afvoerbuis 5m:2984380,-
06uZ_K6wj81A$C0r$NK6OY,Pipe Types:DYKA PP Binnenriolering_Afvoerbuis 5m:2984383,-
06uZ_K6wj81A$C0r$NK6PH,Pipe Types:DYKA PP Binnenriolering_Afvoerbuis 5m:2984396,-
06uZ_K6wj81A$C0r$NK6PD,Pipe Types:DYKA PP Binnenriolering_Afvoerbuis 5m:2984400,-
06uZ_K6wj81A$C0r$NK6P5,Pipe Types:DYKA PP Binnenriolering_Afvoerbuis 5m:2984408,-
06uZ_K6wj81A$C0r$NK6P7,Pipe Types:DYKA PP Binnenriolering_Afvoerbuis 5m:2984410,-
06uZ_K6wj81A$C0r$NK6Pn,Pipe Types:DYKA PP Binnenriolering_Afvoerbuis 5m:2984428,-
06uZ_K6wj81A$C0r$NK6Pk,Pipe Types:DYKA PP Binnenriolering_Afvoerbuis 5m:2984435,-
06uZ_K6wj81A$C0r$NK6Pe,Pipe Types:DYKA PP Binnenriolering_Afvoerbuis 5m:2984437,-
06uZ_K6wj81A$C0r$NK6Pg,Pipe Types:DYKA PP Binnenriolering_Afvoerbuis 5m:2984439,-
06uZ_K6wj81A$C0r$NK6Pd,Pipe Types:DYKA PP Binnenriolering_Afvoerbuis 5m:2984442,-
06uZ_K6wj81A$C0r$NK6MV,Pipe Types:DYKA PP Binnenriolering_Afvoerbuis 5m:2984450,-
06uZ_K6wj81A$C0r$NK6MP,Pipe Types:DYKA PP Binnenriolering_Afvoerbuis 5m:2984452,-
06uZ_K6wj81A$C0r$NK6M5,Pipe Types:DYKA PP Binnenriolering_Afvoerbuis 5m:2984472,-
06uZ_K6wj81A$C0r$NK6M7,Pipe Types:DYKA PP Binnenriolering_Afvoerbuis 5m:2984474,-
06uZ_K6wj81A$C0r$NK6M0,Pipe Types:DYKA PP Binnenriolering_Afvoerbuis 5m:2984477,-
06uZ_K6wj81A$C0r$NK6Mw,Pipe Types:DYKA PP Binnenriolering_Afvoerbuis 5m:2984487,-
06uZ_K6wj81A$C0r$NK6Mq,Pipe Types:DYKA PP Binnenriolering_Afvoerbuis 5m:2984489,-
06uZ_K6wj81A$C0r$NK6Mh,Pipe Types:DYKA PP Binnenriolering_Afvoerbuis 5m:2984502,-
06uZ_K6wj81A$C0r$NK6N8,Pipe Types:DYKA PP Binnenriolering_Afvoerbuis 5m:2984533,-
06uZ_K6wj81A$C0r$NK6N0,Pipe Types:DYKA PP Binnenriolering_Afvoerbuis 5m:2984541,-
06uZ_K6wj81A$C0r$NK6N2,Pipe Types:DYKA PP Binnenriolering_Afvoerbuis 5m:2984543,-
06uZ_K6wj81A$C0r$NK6Ny,Pipe Types:DYKA PP Binnenriolering_Afvoerbuis 5m:2984545,-
06uZ_K6wj81A$C0r$NK6N_,Pipe Types:DYKA PP Binnenriolering_Afvoerbuis 5m:2984547,-
06uZ_K6wj81A$C0r$NK6Nu,Pipe Types:DYKA PP Binnenriolering_Afvoerbuis 5m:2984549,-
06uZ_K6wj81A$C0r$NK6Nr,Pipe Types:DYKA PP Binnenriolering_Afvoerbuis 5m:2984552,-
06uZ_K6wj81A$C0r$NK6Ne,Pipe Types:DYKA PP Binnenriolering_Afvoerbuis 5m:2984565,-
06uZ_K6wj81A$C0r$NK6Na,Pipe Types:DYKA PP Binnenriolering_Afvoerbuis 5m:2984569,-
06uZ_K6wj81A$C0r$NK6KS,Pipe Types:DYKA PP Binnenriolering_Afvoerbuis 5m:2984577,-
06uZ_K6wj81A$C0r$NK6KU,Pipe Types:DYKA PP Binnenriolering_Afvoerbuis 5m:2984579,-
06uZ_K6wj81A$C0r$NK6KE,Pipe Types:DYKA PP Binnenriolering_Afvoerbuis 5m:2984595,-
06uZ_K6wj81A$C0r$NK6K8,Pipe Types:DYKA PP Binnenriolering_Afvoerbuis 5m:2984597,-
06uZ_K6wj81A$C0r$NK6K3,Pipe Types:DYKA PP Binnenriolering_Afvoerbuis 5m:2984606,-
06uZ_K6wj81A$C0r$NK6LF,Pipe Types:DYKA PP Binnenriolering_Afvoerbuis 5m:2984658,-
06uZ_K6wj81A$C0r$NK6L9,Pipe Types:DYKA PP Binnenriolering_Afvoerbuis 5m:2984660,-
06uZ_K6wj81A$C0r$NK6L3,Pipe Types:DYKA PP Binnenriolering_Afvoerbuis 5m:2984670,-
06uZ_K6wj81A$C0r$NK6Lz,Pipe Types:DYKA PP Binnenriolering_Afvoerbuis 5m:2984672,-
06uZ_K6wj81A$C0r$NK6L$,Pipe Types:DYKA PP Binnenriolering_Afvoerbuis 5m:2984674,-
06uZ_K6wj81A$C0r$NK6Lu,Pipe Types:DYKA PP Binnenriolering_Afvoerbuis 5m:2984677,-
06uZ_K6wj81A$C0r$NK6Lk,Pipe Types:DYKA PP Binnenriolering_Afvoerbuis 5m:2984691,-
06uZ_K6wj81A$C0r$NK6Le,Pipe Types:DYKA PP Binnenriolering_Afvoerbuis 5m:2984693,-
06uZ_K6wj81A$C0r$NK6Lb,Pipe Types:DYKA PP Binnenriolering_Afvoerbuis 5m:2984696,-
06uZ_K6wj81A$C0r$NK6LX,Pipe Types:DYKA PP Binnenriolering_Afvoerbuis 5m:2984700,-
06uZ_K6wj81A$C0r$NK6IP,Pipe Types:DYKA PP Binnenriolering_Afvoerbuis 5m:2984708,-
06uZ_K6wj81A$C0r$NK6IR,Pipe Types:DYKA PP Binnenriolering_Afvoerbuis 5m:2984710,-
06uZ_K6wj81A$C0r$NK6IL,Pipe Types:DYKA PP Binnenriolering_Afvoerbuis 5m:2984712,-
06uZ_K6wj81A$C0r$NK6IN,Pipe Types:DYKA PP Binnenriolering_Afvoerbuis 5m:2984714,-
06uZ_K6wj81A$C0r$NK6IG,Pipe Types:DYKA PP Binnenriolering_Afvoerbuis 5m:2984717,-
06uZ_K6wj81A$C0r$NK6I7,Pipe Types:DYKA PP Binnenriolering_Afvoerbuis 5m:2984730,-
06uZ_K6wj81A$C0r$NK6I3,Pipe Types:DYKA PP Binnenriolering_Afvoerbuis 5m:2984734,-
06uZ_K6wj81A$C0r$NK6Ix,Pipe Types:DYKA PP Binnenriolering_Afvoerbuis 5m:2984742,-
06uZ_K6wj81A$C0r$NK6Ir,Pipe Types:DYKA PP Binnenriolering_Afvoerbuis 5m:2984744,-
06uZ_K6wj81A$C0r$NK6Id,Pipe Types:DYKA PP Binnenriolering_Afvoerbuis 5m:2984762,-
06uZ_K6wj81A$C0r$NK6JS,Pipe Types:DYKA PP Binnenriolering_Afvoerbuis 5m:2984769,-
06uZ_K6wj81A$C0r$NK6JU,Pipe Types:DYKA PP Binnenriolering_Afvoerbuis 5m:2984771,-
06uZ_K6wj81A$C0r$NK6JO,Pipe Types:DYKA PP Binnenriolering_Afvoerbuis 5m:2984773,-
06uZ_K6wj81A$C0r$NK6JL,Pipe Types:DYKA PP Binnenriolering_Afvoerbuis 5m:2984776,-
06uZ_K6wj81A$C0r$NK6JD,Pipe Types:DYKA PP Binnenriolering_Afvoerbuis 5m:2984784,-
06uZ_K6wj81A$C0r$NK6JF,Pipe Types:DYKA PP Binnenriolering_Afvoerbuis 5m:2984786,-
06uZ_K6wj81A$C0r$NK6Jx,Pipe Types:DYKA PP Binnenriolering_Afvoerbuis 5m:2984806,-
06uZ_K6wj81A$C0r$NK6Jr,Pipe Types:DYKA PP Binnenriolering_Afvoerbuis 5m:2984808,-
06uZ_K6wj81A$C0r$NK6Js,Pipe Types:DYKA PP Binnenriolering_Afvoerbuis 5m:2984811,-
06uZ_K6wj81A$C0r$NK6Je,Pipe Types:DYKA PP Binnenriolering_Afvoerbuis 5m:2984821,-
06uZ_K6wj81A$C0r$NK6Jg,Pipe Types:DYKA PP Binnenriolering_Afvoerbuis 5m:2984823,-
06uZ_K6wj81A$C0r$NK6GP,Pipe Types:DYKA PP Binnenriolering_Afvoerbuis 5m:2984836,-
06uZ_K6wj81A$C0r$NK6G_,Pipe Types:DYKA PP Binnenriolering_Afvoerbuis 5m:2984867,-
06uZ_K6wj81A$C0r$NK6Gs,Pipe Types:DYKA PP Binnenriolering_Afvoerbuis 5m:2984875,-
06uZ_K6wj81A$C0r$NK6Gm,Pipe Types:DYKA PP Binnenriolering_Afvoerbuis 5m:2984877,-
06uZ_K6wj81A$C0r$NK6Go,Pipe Types:DYKA PP Binnenriolering_Afvoerbuis 5m:2984879,-
06uZ_K6wj81A$C0r$NK6Gi,Pipe Types:DYKA PP Binnenriolering_Afvoerbuis 5m:2984881,-
06uZ_K6wj81A$C0r$NK6Gk,Pipe Types:DYKA PP Binnenriolering_Afvoerbuis 5m:2984883,-
06uZ_K6wj81A$C0r$NK6Gh,Pipe Types:DYKA PP Binnenriolering_Afvoerbuis 5m:2984886,-
06uZ_K6wj81A$C0r$NK6HU,Pipe Types:DYKA PP Binnenriolering_Afvoerbuis 5m:2984899,-
06uZ_K6wj81A$C0r$NK6HQ,Pipe Types:DYKA PP Binnenriolering_Afvoerbuis 5m:2984903,-
06uZ_K6wj81A$C0r$NK6HI,Pipe Types:DYKA PP Binnenriolering_Afvoerbuis 5m:2984911,-
06uZ_K6wj81A$C0r$NK6HC,Pipe Types:DYKA PP Binnenriolering_Afvoerbuis 5m:2984913,-
06uZ_K6wj81A$C0r$NK6Hy,Pipe Types:DYKA PP Binnenriolering_Afvoerbuis 5m:2984929,-
06uZ_K6wj81A$C0r$NK6H_,Pipe Types:DYKA PP Binnenriolering_Afvoerbuis 5m:2984931,-
06uZ_K6wj81A$C0r$NK6Hn,Pipe Types:DYKA PP Binnenriolering_Afvoerbuis 5m:2984940,-
06uZ_K6wj81A$C0r$NK6Ez,Pipe Types:DYKA PP Binnenriolering_Afvoerbuis 5m:2984992,-
06uZ_K6wj81A$C0r$NK6E$,Pipe Types:DYKA PP Binnenriolering_Afvoerbuis 5m:2984994,-
06uZ_K6wj81A$C0r$NK6En,Pipe Types:DYKA PP Binnenriolering_Afvoerbuis 5m:2985004,-
06uZ_K6wj81A$C0r$NK6Ep,Pipe Types:DYKA PP Binnenriolering_Afvoerbuis 5m:2985006,-
06uZ_K6wj81A$C0r$NK6Ej,Pipe Types:DYKA PP Binnenriolering_Afvoerbuis 5m:2985008,-
06uZ_K6wj81A$C0r$NK6Ek,Pipe Types:DYKA PP Binnenriolering_Afvoerbuis 5m:2985011,-
06uZ_K6wj81A$C0r$NK6FS,Pipe Types:DYKA PP Binnenriolering_Afvoerbuis 5m:2985025,-
06uZ_K6wj81A$C0r$NK6FU,Pipe Types:DYKA PP Binnenriolering_Afvoerbuis 5m:2985027,-
06uZ_K6wj81A$C0r$NK6FR,Pipe Types:DYKA PP Binnenriolering_Afvoerbuis 5m:2985030,-
06uZ_K6wj81A$C0r$NK6FN,Pipe Types:DYKA PP Binnenriolering_Afvoerbuis 5m:2985034,-
06uZ_K6wj81A$C0r$NK6FF,Pipe Types:DYKA PP Binnenriolering_Afvoerbuis 5m:2985042,-
06uZ_K6wj81A$C0r$NK6F9,Pipe Types:DYKA PP Binnenriolering_Afvoerbuis 5m:2985044,-
06uZ_K6wj81A$C0r$NK6FB,Pipe Types:DYKA PP Binnenriolering_Afvoerbuis 5m:2985046,-
06uZ_K6wj81A$C0r$NK6F5,Pipe Types:DYKA PP Binnenriolering_Afvoerbuis 5m:2985048,-
06uZ_K6wj81A$C0r$NK6F6,Pipe Types:DYKA PP Binnenriolering_Afvoerbuis 5m:2985051,-
06uZ_K6wj81A$C0r$NK6Fr,Pipe Types:DYKA PP Binnenriolering_Afvoerbuis 5m:2985064,-
06uZ_K6wj81A$C0r$NK6Fn,Pipe Types:DYKA PP Binnenriolering_Afvoerbuis 5m:2985068,-
06uZ_K6wj81A$C0r$NK6Ff,Pipe Types:DYKA PP Binnenriolering_Afvoerbuis 5m:2985076,-
06uZ_K6wj81A$C0r$NK6Fh,Pipe Types:DYKA PP Binnenriolering_Afvoerbuis 5m:2985078,-
06uZ_K6wj81A$C0r$NK6CL,Pipe Types:DYKA PP Binnenriolering_Afvoerbuis 5m:2985096,-
06uZ_K6wj81A$C0r$NK6CI,Pipe Types:DYKA PP Binnenriolering_Afvoerbuis 5m:2985103,-
06uZ_K6wj81A$C0r$NK6CC,Pipe Types:DYKA PP Binnenriolering_Afvoerbuis 5m:2985105,-
06uZ_K6wj81A$C0r$NK6CE,Pipe Types:DYKA PP Binnenriolering_Afvoerbuis 5m:2985107,-
06uZ_K6wj81A$C0r$NK6CB,Pipe Types:DYKA PP Binnenriolering_Afvoerbuis 5m:2985110,-
06uZ_K6wj81A$C0r$NK6C3,Pipe Types:DYKA PP Binnenriolering_Afvoerbuis 5m:2985118,-
06uZ_K6wj81A$C0r$NK6Cz,Pipe Types:DYKA PP Binnenriolering_Afvoerbuis 5m:2985120,-
06uZ_K6wj81A$C0r$NK6Cf,Pipe Types:DYKA PP Binnenriolering_Afvoerbuis 5m:2985140,-
06uZ_K6wj81A$C0r$NK6Ch,Pipe Types:DYKA PP Binnenriolering_Afvoerbuis 5m:2985142,-
06uZ_K6wj81A$C0r$NK6Ca,Pipe Types:DYKA PP Binnenriolering_Afvoerbuis 5m:2985145,-
06uZ_K6wj81A$C0r$NK6DU,Pipe Types:DYKA PP Binnenriolering_Afvoerbuis 5m:2985155,-
06uZ_K6wj81A$C0r$NK6DO,Pipe Types:DYKA PP Binnenriolering_Afvoerbuis 5m:2985157,-
06uZ_K6wj81A$C0r$NK6DF,Pipe Types:DYKA PP Binnenriolering_Afvoerbuis 5m:2985170,-
06uZ_K6wj81A$C0r$NK6Di,Pipe Types:DYKA PP Binnenriolering_Afvoerbuis 5m:2985201,-
06uZ_K6wj81A$C0r$NK6Da,Pipe Types:DYKA PP Binnenriolering_Afvoerbuis 5m:2985209,-
06uZ_K6wj81A$C0r$NK6Dc,Pipe Types:DYKA PP Binnenriolering_Afvoerbuis 5m:2985211,-
06uZ_K6wj81A$C0r$NK6DW,Pipe Types:DYKA PP Binnenriolering_Afvoerbuis 5m:2985213,-
06uZ_K6wj81A$C0r$NK6DY,Pipe Types:DYKA PP Binnenriolering_Afvoerbuis 5m:2985215,-
06uZ_K6wj81A$C0r$NK6AS,Pipe Types:DYKA PP Binnenriolering_Afvoerbuis 5m:2985217,-
06uZ_K6wj81A$C0r$NK6AP,Pipe Types:DYKA PP Binnenriolering_Afvoerbuis 5m:2985220,-
06uZ_K6wj81A$C0r$NK6AC,Pipe Types:DYKA PP Binnenriolering_Afvoerbuis 5m:2985233,-
06uZ_K6wj81A$C0r$NK6A8,Pipe Types:DYKA PP Binnenriolering_Afvoerbuis 5m:2985237,-
06uZ_K6wj81A$C0r$NK6A0,Pipe Types:DYKA PP Binnenriolering_Afvoerbuis 5m:2985245,-
06uZ_K6wj81A$C0r$NK6A2,Pipe Types:DYKA PP Binnenriolering_Afvoerbuis 5m:2985247,-
06uZ_K6wj81A$C0r$NK6Ao,Pipe Types:DYKA PP Binnenriolering_Afvoerbuis 5m:2985263,-
06uZ_K6wj81A$C0r$NK6Ai,Pipe Types:DYKA PP Binnenriolering_Afvoerbuis 5m:2985265,-
06uZ_K6wj81A$C0r$NK6Ad,Pipe Types:DYKA PP Binnenriolering_Afvoerbuis 5m:2985274,-
06uZ_K6wj81A$C0r$NK6Bp,Pipe Types:DYKA PP Binnenriolering_Afvoerbuis 5m:2985326,-
06uZ_K6wj81A$C0r$NK6Bj,Pipe Types:DYKA PP Binnenriolering_Afvoerbuis 5m:2985328,-
06uZ_K6wj81A$C0r$NK6Bd,Pipe Types:DYKA PP Binnenriolering_Afvoerbuis 5m:2985338,-
06uZ_K6wj81A$C0r$NK6BX,Pipe Types:DYKA PP Binnenriolering_Afvoerbuis 5m:2985340,-
06uZ_K6wj81A$C0r$NK6BZ,Pipe Types:DYKA PP Binnenriolering_Afvoerbuis 5m:2985342,-
06uZ_K6wj81A$C0r$NK68S,Pipe Types:DYKA PP Binnenriolering_Afvoerbuis 5m:2985345,-
06uZ_K6wj81A$C0r$NK68I,Pipe Types:DYKA PP Binnenriolering_Afvoerbuis 5m:2985359,-
06uZ_K6wj81A$C0r$NK68C,Pipe Types:DYKA PP Binnenriolering_Afvoerbuis 5m:2985361,-
06uZ_K6wj81A$C0r$NK689,Pipe Types:DYKA PP Binnenriolering_Afvoerbuis 5m:2985364,-
06uZ_K6wj81A$C0r$NK685,Pipe Types:DYKA PP Binnenriolering_Afvoerbuis 5m:2985368,-
06uZ_K6wj81A$C0r$NK68z,Pipe Types:DYKA PP Binnenriolering_Afvoerbuis 5m:2985376,-
06uZ_K6wj81A$C0r$NK68$,Pipe Types:DYKA PP Binnenriolering_Afvoerbuis 5m:2985378,-
06uZ_K6wj81A$C0r$NK68v,Pipe Types:DYKA PP Binnenriolering_Afvoerbuis 5m:2985380,-
06uZ_K6wj81A$C0r$NK68x,Pipe Types:DYKA PP Binnenriolering_Afvoerbuis 5m:2985382,-
06uZ_K6wj81A$C0r$NK68q,Pipe Types:DYKA PP Binnenriolering_Afvoerbuis 5m:2985385,-
06uZ_K6wj81A$C0r$NK68h,Pipe Types:DYKA PP Binnenriolering_Afvoerbuis 5m:2985398,-
06uZ_K6wj81A$C0r$NK68d,Pipe Types:DYKA PP Binnenriolering_Afvoerbuis 5m:2985402,-
06uZ_K6wj81A$C0r$NK69V,Pipe Types:DYKA PP Binnenriolering_Afvoerbuis 5m:2985410,-
06uZ_K6wj81A$C0r$NK69P,Pipe Types:DYKA PP Binnenriolering_Afvoerbuis 5m:2985412,-
06uZ_K6wj81A$C0r$NK69B,Pipe Types:DYKA PP Binnenriolering_Afvoerbuis 5m:2985430,-
06uZ_K6wj81A$C0r$NK690,Pipe Types:DYKA PP Binnenriolering_Afvoerbuis 5m:2985437,-
06uZ_K6wj81A$C0r$NK692,Pipe Types:DYKA PP Binnenriolering_Afvoerbuis 5m:2985439,-
06uZ_K6wj81A$C0r$NK69y,Pipe Types:DYKA PP Binnenriolering_Afvoerbuis 5m:2985441,-
06uZ_K6wj81A$C0r$NK69v,Pipe Types:DYKA PP Binnenriolering_Afvoerbuis 5m:2985444,-
06uZ_K6wj81A$C0r$NK69n,Pipe Types:DYKA PP Binnenriolering_Afvoerbuis 5m:2985452,-
06uZ_K6wj81A$C0r$NK69p,Pipe Types:DYKA PP Binnenriolering_Afvoerbuis 5m:2985454,-
06uZ_K6wj81A$C0r$NK66V,Pipe Types:DYKA PP Binnenriolering_Afvoerbuis 5m:2985474,-
06uZ_K6wj81A$C0r$NK66P,Pipe Types:DYKA PP Binnenriolering_Afvoerbuis 5m:2985476,-
06uZ_K6wj81A$C0r$NK66Q,Pipe Types:DYKA PP Binnenriolering_Afvoerbuis 5m:2985479,-
06uZ_K6wj81A$C0r$NK66C,Pipe Types:DYKA PP Binnenriolering_Afvoerbuis 5m:2985489,-
06uZ_K6wj81A$C0r$NK66E,Pipe Types:DYKA PP Binnenriolering_Afvoerbuis 5m:2985491,-
06uZ_K6wj81A$C0r$NK66z,Pipe Types:DYKA PP Binnenriolering_Afvoerbuis 5m:2985504,-
06uZ_K6wj81A$C0r$NK66Y,Pipe Types:DYKA PP Binnenriolering_Afvoerbuis 5m:2985535,-
06uZ_K6wj81A$C0r$NK67Q,Pipe Types:DYKA PP Binnenriolering_Afvoerbuis 5m:2985543,-
06uZ_K6wj81A$C0r$NK67K,Pipe Types:DYKA PP Binnenriolering_Afvoerbuis 5m:2985545,-
06uZ_K6wj81A$C0r$NK67M,Pipe Types:DYKA PP Binnenriolering_Afvoerbuis 5m:2985547,-
06uZ_K6wj81A$C0r$NK67G,Pipe Types:DYKA PP Binnenriolering_Afvoerbuis 5m:2985549,-
06uZ_K6wj81A$C0r$NK67I,Pipe Types:DYKA PP Binnenriolering_Afvoerbuis 5m:2985551,-
06uZ_K6wj81A$C0r$NK67F,Pipe Types:DYKA PP Binnenriolering_Afvoerbuis 5m:2985554,-
06uZ_K6wj81A$C0r$NK672,Pipe Types:DYKA PP Binnenriolering_Afvoerbuis 5m:2985567,-
06uZ_K6wj81A$C0r$NK67_,Pipe Types:DYKA PP Binnenriolering_Afvoerbuis 5m:2985571,-
06uZ_K6wj81A$C0r$NK67s,Pipe Types:DYKA PP Binnenriolering_Afvoerbuis 5m:2985579,-
06uZ_K6wj81A$C0r$NK67m,Pipe Types:DYKA PP Binnenriolering_Afvoerbuis 5m:2985581,-
06uZ_K6wj81A$C0r$NK67W,Pipe Types:DYKA PP Binnenriolering_Afvoerbuis 5m:2985597,-
06uZ_K6wj81A$C0r$NK67Y,Pipe Types:DYKA PP Binnenriolering_Afvoerbuis 5m:2985599,-
06uZ_K6wj81A$C0r$NK64L,Pipe Types:DYKA PP Binnenriolering_Afvoerbuis 5m:2985608,-
06uZ_K6wj81A$C0r$NK64X,Pipe Types:DYKA PP Binnenriolering_Afvoerbuis 5m:2985660,-
06uZ_K6wj81A$C0r$NK64Z,Pipe Types:DYKA PP Binnenriolering_Afvoerbuis 5m:2985662,-
06uZ_K6wj81A$C0r$NK65L,Pipe Types:DYKA PP Binnenriolering_Afvoerbuis 5m:2985672,-
06uZ_K6wj81A$C0r$NK65N,Pipe Types:DYKA PP Binnenriolering_Afvoerbuis 5m:2985674,-
06uZ_K6wj81A$C0r$NK65H,Pipe Types:DYKA PP Binnenriolering_Afvoerbuis 5m:2985676,-
06uZ_K6wj81A$C0r$NK65I,Pipe Types:DYKA PP Binnenriolering_Afvoerbuis 5m:2985679,-
06uZ_K6wj81A$C0r$NK650,Pipe Types:DYKA PP Binnenriolering_Afvoerbuis 5m:2985693,-
06uZ_K6wj81A$C0r$NK652,Pipe Types:DYKA PP Binnenriolering_Afvoerbuis 5m:2985695,-
06uZ_K6wj81A$C0r$NK65$,Pipe Types:DYKA PP Binnenriolering_Afvoerbuis 5m:2985698,-
06uZ_K6wj81A$C0r$NK65x,Pipe Types:DYKA PP Binnenriolering_Afvoerbuis 5m:2985702,-
06uZ_K6wj81A$C0r$NK65p,Pipe Types:DYKA PP Binnenriolering_Afvoerbuis 5m:2985710,-
06uZ_K6wj81A$C0r$NK65j,Pipe Types:DYKA PP Binnenriolering_Afvoerbuis 5m:2985712,-
06uZ_K6wj81A$C0r$NK65l,Pipe Types:DYKA PP Binnenriolering_Afvoerbuis 5m:2985714,-
06uZ_K6wj81A$C0r$NK65f,Pipe Types:DYKA PP Binnenriolering_Afvoerbuis 5m:2985716,-
06uZ_K6wj81A$C0r$NK65g,Pipe Types:DYKA PP Binnenriolering_Afvoerbuis 5m:2985719,-
06uZ_K6wj81A$C0r$NK62P,Pipe Types:DYKA PP Binnenriolering_Afvoerbuis 5m:2985732,-
06uZ_K6wj81A$C0r$NK62L,Pipe Types:DYKA PP Binnenriolering_Afvoerbuis 5m:2985736,-
06uZ_K6wj81A$C0r$NK62D,Pipe Types:DYKA PP Binnenriolering_Afvoerbuis 5m:2985744,-
06uZ_K6wj81A$C0r$NK62F,Pipe Types:DYKA PP Binnenriolering_Afvoerbuis 5m:2985746,-
06uZ_K6wj81A$C0r$NK62v,Pipe Types:DYKA PP Binnenriolering_Afvoerbuis 5m:2985764,-
06uZ_K6wj81A$C0r$NK62s,Pipe Types:DYKA PP Binnenriolering_Afvoerbuis 5m:2985771,-
06uZ_K6wj81A$C0r$NK62m,Pipe Types:DYKA PP Binnenriolering_Afvoerbuis 5m:2985773,-
06uZ_K6wj81A$C0r$NK62o,Pipe Types:DYKA PP Binnenriolering_Afvoerbuis 5m:2985775,-
06uZ_K6wj81A$C0r$NK62l,Pipe Types:DYKA PP Binnenriolering_Afvoerbuis 5m:2985778,-
06uZ_K6wj81A$C0r$NK62d,Pipe Types:DYKA PP Binnenriolering_Afvoerbuis 5m:2985786,-
06uZ_K6wj81A$C0r$NK62X,Pipe Types:DYKA PP Binnenriolering_Afvoerbuis 5m:2985788,-
06uZ_K6wj81A$C0r$NK63D,Pipe Types:DYKA PP Binnenriolering_Afvoerbuis 5m:2985808,-
06uZ_K6wj81A$C0r$NK63F,Pipe Types:DYKA PP Binnenriolering_Afvoerbuis 5m:2985810,-
06uZ_K6wj81A$C0r$NK638,Pipe Types:DYKA PP Binnenriolering_Afvoerbuis 5m:2985813,-
06uZ_K6wj81A$C0r$NK632,Pipe Types:DYKA PP Binnenriolering_Afvoerbuis 5m:2985823,-
06uZ_K6wj81A$C0r$NK63y,Pipe Types:DYKA PP Binnenriolering_Afvoerbuis 5m:2985825,-
06uZ_K6wj81A$C0r$NK63p,Pipe Types:DYKA PP Binnenriolering_Afvoerbuis 5m:2985838,-
06uZ_K6wj81A$C0r$NK60G,Pipe Types:DYKA PP Binnenriolering_Afvoerbuis 5m:2985869,-
06uZ_K6wj81A$C0r$NK608,Pipe Types:DYKA PP Binnenriolering_Afvoerbuis 5m:2985877,-
06uZ_K6wj81A$C0r$NK60A,Pipe Types:DYKA PP Binnenriolering_Afvoerbuis 5m:2985879,-
06uZ_K6wj81A$C0r$NK604,Pipe Types:DYKA PP Binnenriolering_Afvoerbuis 5m:2985881,-
06uZ_K6wj81A$C0r$NK606,Pipe Types:DYKA PP Binnenriolering_Afvoerbuis 5m:2985883,-
06uZ_K6wj81A$C0r$NK600,Pipe Types:DYKA PP Binnenriolering_Afvoerbuis 5m:2985885,-
06uZ_K6wj81A$C0r$NK60z,Pipe Types:DYKA PP Binnenriolering_Afvoerbuis 5m:2985888,-
06uZ_K6wj81A$C0r$NK60m,Pipe Types:DYKA PP Binnenriolering_Afvoerbuis 5m:2985901,-
06uZ_K6wj81A$C0r$NK60i,Pipe Types:DYKA PP Binnenriolering_Afvoerbuis 5m:2985905,-
06uZ_K6wj81A$C0r$NK60a,Pipe Types:DYKA PP Binnenriolering_Afvoerbuis 5m:2985913,-
06uZ_K6wj81A$C0r$NK60c,Pipe Types:DYKA PP Binnenriolering_Afvoerbuis 5m:2985915,-
06uZ_K6wj81A$C0r$NK61M,Pipe Types:DYKA PP Binnenriolering_Afvoerbuis 5m:2985931,-
06uZ_K6wj81A$C0r$NK61G,Pipe Types:DYKA PP Binnenriolering_Afvoerbuis 5m:2985933,-
06uZ_K6wj81A$C0r$NK61B,Pipe Types:DYKA PP Binnenriolering_Afvoerbuis 5m:2985942,-
06uZ_K6wj81A$C0r$NK7_N,Pipe Types:DYKA PP Binnenriolering_Afvoerbuis 5m:2985994,-
06uZ_K6wj81A$C0r$NK7_H,Pipe Types:DYKA PP Binnenriolering_Afvoerbuis 5m:2985996,-
06uZ_K6wj81A$C0r$NK7_B,Pipe Types:DYKA PP Binnenriolering_Afvoerbuis 5m:2986006,-
06uZ_K6wj81A$C0r$NK7_5,Pipe Types:DYKA PP Binnenriolering_Afvoerbuis 5m:2986008,-
06uZ_K6wj81A$C0r$NK7_7,Pipe Types:DYKA PP Binnenriolering_Afvoerbuis 5m:2986010,-
06uZ_K6wj81A$C0r$NK7_0,Pipe Types:DYKA PP Binnenriolering_Afvoerbuis 5m:2986013,-
06uZ_K6wj81A$C0r$NK7_s,Pipe Types:DYKA PP Binnenriolering_Afvoerbuis 5m:2986027,-
06uZ_K6wj81A$C0r$NK7_m,Pipe Types:DYKA PP Binnenriolering_Afvoerbuis 5m:2986029,-
06uZ_K6wj81A$C0r$NK7_j,Pipe Types:DYKA PP Binnenriolering_Afvoerbuis 5m:2986032,-
06uZ_K6wj81A$C0r$NK7_f,Pipe Types:DYKA PP Binnenriolering_Afvoerbuis 5m:2986036,-
06uZ_K6wj81A$C0r$NK7_X,Pipe Types:DYKA PP Binnenriolering_Afvoerbuis 5m:2986044,-
06uZ_K6wj81A$C0r$NK7_Z,Pipe Types:DYKA PP Binnenriolering_Afvoerbuis 5m:2986046,-
06uZ_K6wj81A$C0r$NK7$T,Pipe Types:DYKA PP Binnenriolering_Afvoerbuis 5m:2986048,-
06uZ_K6wj81A$C0r$NK7$V,Pipe Types:DYKA PP Binnenriolering_Afvoerbuis 5m:2986050,-
06uZ_K6wj81A$C0r$NK7$O,Pipe Types:DYKA PP Binnenriolering_Afvoerbuis 5m:2986053,-
06uZ_K6wj81A$C0r$NK7$F,Pipe Types:DYKA PP Binnenriolering_Afvoerbuis 5m:2986066,-
06uZ_K6wj81A$C0r$NK7$B,Pipe Types:DYKA PP Binnenriolering_Afvoerbuis 5m:2986070,-
06uZ_K6wj81A$C0r$NK7$3,Pipe Types:DYKA PP Binnenriolering_Afvoerbuis 5m:2986078,-
06uZ_K6wj81A$C0r$NK7$z,Pipe Types:DYKA PP Binnenriolering_Afvoerbuis 5m:2986080,-
06uZ_K6wj81A$C0r$NK7$l,Pipe Types:DYKA PP Binnenriolering_Afvoerbuis 5m:2986098,-
06uZ_K6wj81A$C0r$NK7$a,Pipe Types:DYKA PP Binnenriolering_Afvoerbuis 5m:2986105,-
06uZ_K6wj81A$C0r$NK7$c,Pipe Types:DYKA PP Binnenriolering_Afvoerbuis 5m:2986107,-
06uZ_K6wj81A$C0r$NK7$W,Pipe Types:DYKA PP Binnenriolering_Afvoerbuis 5m:2986109,-
06uZ_K6wj81A$C0r$NK7yT,Pipe Types:DYKA PP Binnenriolering_Afvoerbuis 5m:2986112,-
06uZ_K6wj81A$C0r$NK7yL,Pipe Types:DYKA PP Binnenriolering_Afvoerbuis 5m:2986120,-
06uZ_K6wj81A$C0r$NK7yN,Pipe Types:DYKA PP Binnenriolering_Afvoerbuis 5m:2986122,-
06uZ_K6wj81A$C0r$NK7y3,Pipe Types:DYKA PP Binnenriolering_Afvoerbuis 5m:2986142,-
06uZ_K6wj81A$C0r$NK7yz,Pipe Types:DYKA PP Binnenriolering_Afvoerbuis 5m:2986144,-
06uZ_K6wj81A$C0r$NK7y_,Pipe Types:DYKA PP Binnenriolering_Afvoerbuis 5m:2986147,-
06uZ_K6wj81A$C0r$NK7ym,Pipe Types:DYKA PP Binnenriolering_Afvoerbuis 5m:2986157,-
06uZ_K6wj81A$C0r$NK7yo,Pipe Types:DYKA PP Binnenriolering_Afvoerbuis 5m:2986159,-
06uZ_K6wj81A$C0r$NK7yX,Pipe Types:DYKA PP Binnenriolering_Afvoerbuis 5m:2986172,-
06uZ_K6wj81A$C0r$NK7z6,Pipe Types:DYKA PP Binnenriolering_Afvoerbuis 5m:2986203,-
06uZ_K6wj81A$C0r$NK7z_,Pipe Types:DYKA PP Binnenriolering_Afvoerbuis 5m:2986211,-
06uZ_K6wj81A$C0r$NK7zu,Pipe Types:DYKA PP Binnenriolering_Afvoerbuis 5m:2986213,-
06uZ_K6wj81A$C0r$NK7zw,Pipe Types:DYKA PP Binnenriolering_Afvoerbuis 5m:2986215,-
06uZ_K6wj81A$C0r$NK7zq,Pipe Types:DYKA PP Binnenriolering_Afvoerbuis 5m:2986217,-
06uZ_K6wj81A$C0r$NK7zs,Pipe Types:DYKA PP Binnenriolering_Afvoerbuis 5m:2986219,-
06uZ_K6wj81A$C0r$NK7zp,Pipe Types:DYKA PP Binnenriolering_Afvoerbuis 5m:2986222,-
06uZ_K6wj81A$C0r$NK7zc,Pipe Types:DYKA PP Binnenriolering_Afvoerbuis 5m:2986235,-
06uZ_K6wj81A$C0r$NK7zY,Pipe Types:DYKA PP Binnenriolering_Afvoerbuis 5m:2986239,-
06uZ_K6wj81A$C0r$NK7wQ,Pipe Types:DYKA PP Binnenriolering_Afvoerbuis 5m:2986247,-
06uZ_K6wj81A$C0r$NK7wK,Pipe Types:DYKA PP Binnenriolering_Afvoerbuis 5m:2986249,-
06uZ_K6wj81A$C0r$NK7w4,Pipe Types:DYKA PP Binnenriolering_Afvoerbuis 5m:2986265,-
06uZ_K6wj81A$C0r$NK7w6,Pipe Types:DYKA PP Binnenriolering_Afvoerbuis 5m:2986267,-
06uZ_K6wj81A$C0r$NK7wv,Pipe Types:DYKA PP Binnenriolering_Afvoerbuis 5m:2986276,-
06uZ_K6wj81A$C0r$NK7pn,Pipe Types:DYKA PP Binnenriolering_Afvoerbuis 5m:2986860,-
06uZ_K6wj81A$C0r$NK7mA,Pipe Types:DYKA PP Binnenriolering_Afvoerbuis 5m:2986903,-
2qw0i0p311Ew26D8f8cJBq,Pipe Types:DYKA PP Binnenriolering_Afvoerbuis 5m:2987036,-
2qw0i0p311Ew26D8f8cJ4z,Pipe Types:DYKA PP Binnenriolering_Afvoerbuis 5m:2987989,-
2qw0i0p311Ew26D8f8cJvU,Pipe Types:DYKA PP Binnenriolering_Afvoerbuis 5m:2988214,-
2qw0i0p311Ew26D8f8cJpC,Pipe Types:DYKA PP Binnenriolering_Afvoerbuis 5m:2988580,-
2qw0i0p311Ew26D8f8cJp2,Pipe Types:DYKA PP Binnenriolering_Afvoerbuis 5m:2988586,-
2qw0i0p311Ew26D8f8cJng,Pipe Types:DYKA PP Binnenriolering_Afvoerbuis 5m:2988674,-
2qw0i0p311Ew26D8f8cJnR,Pipe Types:DYKA PP Binnenriolering_Afvoerbuis 5m:2988723,-
2qw0i0p311Ew26D8f8cJmD,Pipe Types:DYKA PP Binnenriolering_Afvoerbuis 5m:2988773,-
2qw0i0p311Ew26D8f8cJr2,Pipe Types:DYKA PP Binnenriolering_Afvoerbuis 5m:2988970,-
2qw0i0p311Ew26D8f8cJr4,Pipe Types:DYKA PP Binnenriolering_Afvoerbuis 5m:2988972,-
2qw0i0p311Ew26D8f8cJr6,Pipe Types:DYKA PP Binnenriolering_Afvoerbuis 5m:2988974,-
2qw0i0p311Ew26D8f8cJYE,Pipe Types:DYKA PP Binnenriolering_Afvoerbuis 5m:2989670,-
2qw0i0p311Ew26D8f8cJY3,Pipe Types:DYKA PP Binnenriolering_Afvoerbuis 5m:2989675,-
2qw0i0p311Ew26D8f8cGPY,Pipe Types:DYKA PP Binnenriolering_Afvoerbuis 5m:2990218,-
2qw0i0p311Ew26D8f8cGPb,Pipe Types:DYKA PP Binnenriolering_Afvoerbuis 5m:2990221,-
2qw0i0p311Ew26D8f8cGPv,Pipe Types:DYKA PP Binnenriolering_Afvoerbuis 5m:2990225,-
2qw0i0p311Ew26D8f8cGzC,Pipe Types:DYKA PP Binnenriolering_Afvoerbuis 5m:2992548,-
2qw0i0p311Ew26D8f8cGy4,Pipe Types:DYKA PP Binnenriolering_Afvoerbuis 5m:2992620,-
2qw0i0p311Ew26D8f8cHVE,Pipe Types:DYKA PP Binnenriolering_Afvoerbuis 5m:2994470,-
2qw0i0p311Ew26D8f8cHV0,Pipe Types:DYKA PP Binnenriolering_Afvoerbuis 5m:2994472,-
2qw0i0p311Ew26D8f8cHV2,Pipe Types:DYKA PP Binnenriolering_Afvoerbuis 5m:2994474,-
2qw0i0p311Ew26D8f8cHV4,Pipe Types:DYKA PP Binnenriolering_Afvoerbuis 5m:2994476,-
2qw0i0p311Ew26D8f8cHV6,Pipe Types:DYKA PP Binnenriolering_Afvoerbuis 5m:2994478,-
2qw0i0p311Ew26D8f8cHVS,Pipe Types:DYKA PP Binnenriolering_Afvoerbuis 5m:2994484,-
2qw0i0p311Ew26D8f8cHVV,Pipe Types:DYKA PP Binnenriolering_Afvoerbuis 5m:2994487,-
2qw0i0p311Ew26D8f8cHUg,Pipe Types:DYKA PP Binnenriolering_Afvoerbuis 5m:2994498,-
2qw0i0p311Ew26D8f8cHUW,Pipe Types:DYKA PP Binnenriolering_Afvoerbuis 5m:2994504,-
2qw0i0p311Ew26D8f8cHUY,Pipe Types:DYKA PP Binnenriolering_Afvoerbuis 5m:2994506,-
2qw0i0p311Ew26D8f8cHUc,Pipe Types:DYKA PP Binnenriolering_Afvoerbuis 5m:2994510,-
2qw0i0p311Ew26D8f8cHUu,Pipe Types:DYKA PP Binnenriolering_Afvoerbuis 5m:2994512,-
2qw0i0p311Ew26D8f8cHUy,Pipe Types:DYKA PP Binnenriolering_Afvoerbuis 5m:2994516,-
2qw0i0p311Ew26D8f8cHUp,Pipe Types:DYKA PP Binnenriolering_Afvoerbuis 5m:2994523,-
2qw0i0p311Ew26D8f8cHUD,Pipe Types:DYKA PP Binnenriolering_Afvoerbuis 5m:2994533,-
2qw0i0p311Ew26D8f8cHUS,Pipe Types:DYKA PP Binnenriolering_Afvoerbuis 5m:2994548,-
2qw0i0p311Ew26D8f8cHUU,Pipe Types:DYKA PP Binnenriolering_Afvoerbuis 5m:2994550,-
2qw0i0p311Ew26D8f8cHUG,Pipe Types:DYKA PP Binnenriolering_Afvoerbuis 5m:2994552,-
2qw0i0p311Ew26D8f8cHUK,Pipe Types:DYKA PP Binnenriolering_Afvoerbuis 5m:2994556,-
2qw0i0p311Ew26D8f8cHTf,Pipe Types:DYKA PP Binnenriolering_Afvoerbuis 5m:2994561,-
2qw0i0p311Ew26D8f8cHTx,Pipe Types:DYKA PP Binnenriolering_Afvoerbuis 5m:2994579,-
2qw0i0p311Ew26D8f8cHT_,Pipe Types:DYKA PP Binnenriolering_Afvoerbuis 5m:2994582,-
2qw0i0p311Ew26D8f8cHTo,Pipe Types:DYKA PP Binnenriolering_Afvoerbuis 5m:2994586,-
2qw0i0p311Ew26D8f8cHTF,Pipe Types:DYKA PP Binnenriolering_Afvoerbuis 5m:2994599,-
2qw0i0p311Ew26D8f8cHTT,Pipe Types:DYKA PP Binnenriolering_Afvoerbuis 5m:2994613,-
2qw0i0p311Ew26D8f8cHNV,Pipe Types:DYKA PP Binnenriolering_Afvoerbuis 5m:2994999,-
2qw0i0p311Ew26D8f8cHNH,Pipe Types:DYKA PP Binnenriolering_Afvoerbuis 5m:2995001,-
2qw0i0p311Ew26D8f8cHNJ,Pipe Types:DYKA PP Binnenriolering_Afvoerbuis 5m:2995003,-
2qw0i0p311Ew26D8f8cHNL,Pipe Types:DYKA PP Binnenriolering_Afvoerbuis 5m:2995005,-
2qw0i0p311Ew26D8f8cHNN,Pipe Types:DYKA PP Binnenriolering_Afvoerbuis 5m:2995007,-
2qw0i0p311Ew26D8f8cHMj,Pipe Types:DYKA PP Binnenriolering_Afvoerbuis 5m:2995013,-
2qw0i0p311Ew26D8f8cHMW,Pipe Types:DYKA PP Binnenriolering_Afvoerbuis 5m:2995016,-
2qw0i0p311Ew26D8f8cHMx,Pipe Types:DYKA PP Binnenriolering_Afvoerbuis 5m:2995027,-
2qw0i0p311Ew26D8f8cHMn,Pipe Types:DYKA PP Binnenriolering_Afvoerbuis 5m:2995033,-
2qw0i0p311Ew26D8f8cHMp,Pipe Types:DYKA PP Binnenriolering_Afvoerbuis 5m:2995035,-
2qw0i0p311Ew26D8f8cHMt,Pipe Types:DYKA PP Binnenriolering_Afvoerbuis 5m:2995039,-
2qw0i0p311Ew26D8f8cHM9,Pipe Types:DYKA PP Binnenriolering_Afvoerbuis 5m:2995041,-
2qw0i0p311Ew26D8f8cHMD,Pipe Types:DYKA PP Binnenriolering_Afvoerbuis 5m:2995045,-
2qw0i0p311Ew26D8f8cHM4,Pipe Types:DYKA PP Binnenriolering_Afvoerbuis 5m:2995052,-
2qw0i0p311Ew26D8f8cHMU,Pipe Types:DYKA PP Binnenriolering_Afvoerbuis 5m:2995062,-
2qw0i0p311Ew26D8f8cHLj,Pipe Types:DYKA PP Binnenriolering_Afvoerbuis 5m:2995077,-
2qw0i0p311Ew26D8f8cHLl,Pipe Types:DYKA PP Binnenriolering_Afvoerbuis 5m:2995079,-
2qw0i0p311Ew26D8f8cHLX,Pipe Types:DYKA PP Binnenriolering_Afvoerbuis 5m:2995081,-
2qw0i0p311Ew26D8f8cHLb,Pipe Types:DYKA PP Binnenriolering_Afvoerbuis 5m:2995085,-
2qw0i0p311Ew26D8f8cHLw,Pipe Types:DYKA PP Binnenriolering_Afvoerbuis 5m:2995090,-
2qw0i0p311Ew26D8f8cHLy,Pipe Types:DYKA PP Binnenriolering_Afvoerbuis 5m:2995092,-
2qw0i0p311Ew26D8f8cHLC,Pipe Types:DYKA PP Binnenriolering_Afvoerbuis 5m:2995108,-
2qw0i0p311Ew26D8f8cHLF,Pipe Types:DYKA PP Binnenriolering_Afvoerbuis 5m:2995111,-
2qw0i0p311Ew26D8f8cHL3,Pipe Types:DYKA PP Binnenriolering_Afvoerbuis 5m:2995115,-
2qw0i0p311Ew26D8f8cHLG,Pipe Types:DYKA PP Binnenriolering_Afvoerbuis 5m:2995128,-
2qw0i0p311Ew26D8f8cHKk,Pipe Types:DYKA PP Binnenriolering_Afvoerbuis 5m:2995142,-
2qw0i0p311Ew26D8f8cH9x,Pipe Types:DYKA PP Binnenriolering_Afvoerbuis 5m:2995347,-
2qw0i0p311Ew26D8f8cH9z,Pipe Types:DYKA PP Binnenriolering_Afvoerbuis 5m:2995349,-
2qw0i0p311Ew26D8f8cH9$,Pipe Types:DYKA PP Binnenriolering_Afvoerbuis 5m:2995351,-
2qw0i0p311Ew26D8f8cH9n,Pipe Types:DYKA PP Binnenriolering_Afvoerbuis 5m:2995353,-
2qw0i0p311Ew26D8f8cH9p,Pipe Types:DYKA PP Binnenriolering_Afvoerbuis 5m:2995355,-
2qw0i0p311Ew26D8f8cH99,Pipe Types:DYKA PP Binnenriolering_Afvoerbuis 5m:2995361,-
2qw0i0p311Ew26D8f8cH9C,Pipe Types:DYKA PP Binnenriolering_Afvoerbuis 5m:2995364,-
2qw0i0p311Ew26D8f8cH97,Pipe Types:DYKA PP Binnenriolering_Afvoerbuis 5m:2995375,-
2qw0i0p311Ew26D8f8cH9T,Pipe Types:DYKA PP Binnenriolering_Afvoerbuis 5m:2995381,-
2qw0i0p311Ew26D8f8cH9V,Pipe Types:DYKA PP Binnenriolering_Afvoerbuis 5m:2995383,-
2qw0i0p311Ew26D8f8cH9J,Pipe Types:DYKA PP Binnenriolering_Afvoerbuis 5m:2995387,-
2qw0i0p311Ew26D8f8cH9L,Pipe Types:DYKA PP Binnenriolering_Afvoerbuis 5m:2995389,-
2qw0i0p311Ew26D8f8cH8f,Pipe Types:DYKA PP Binnenriolering_Afvoerbuis 5m:2995393,-
2qw0i0p311Ew26D8f8cH8W,Pipe Types:DYKA PP Binnenriolering_Afvoerbuis 5m:2995400,-
2qw0i0p311Ew26D8f8cH8w,Pipe Types:DYKA PP Binnenriolering_Afvoerbuis 5m:2995410,-
2qw0i0p311Ew26D8f8cH89,Pipe Types:DYKA PP Binnenriolering_Afvoerbuis 5m:2995425,-
2qw0i0p311Ew26D8f8cH8B,Pipe Types:DYKA PP Binnenriolering_Afvoerbuis 5m:2995427,-
2qw0i0p311Ew26D8f8cH8D,Pipe Types:DYKA PP Binnenriolering_Afvoerbuis 5m:2995429,-
2qw0i0p311Ew26D8f8cH81,Pipe Types:DYKA PP Binnenriolering_Afvoerbuis 5m:2995433,-
2qw0i0p311Ew26D8f8cH86,Pipe Types:DYKA PP Binnenriolering_Afvoerbuis 5m:2995438,-
2qw0i0p311Ew26D8f8cHFe,Pipe Types:DYKA PP Binnenriolering_Afvoerbuis 5m:2995456,-
2qw0i0p311Ew26D8f8cHFh,Pipe Types:DYKA PP Binnenriolering_Afvoerbuis 5m:2995459,-
2qw0i0p311Ew26D8f8cHFl,Pipe Types:DYKA PP Binnenriolering_Afvoerbuis 5m:2995463,-
2qw0i0p311Ew26D8f8cHFy,Pipe Types:DYKA PP Binnenriolering_Afvoerbuis 5m:2995476,-
2qw0i0p311Ew26D8f8cHFA,Pipe Types:DYKA PP Binnenriolering_Afvoerbuis 5m:2995490,-
2qw0i0p311Ew26D8f8cHFJ,Pipe Types:DYKA PP Binnenriolering_Afvoerbuis 5m:2995515,-
2qw0i0p311Ew26D8f8cHFL,Pipe Types:DYKA PP Binnenriolering_Afvoerbuis 5m:2995517,-
2qw0i0p311Ew26D8f8cHFN,Pipe Types:DYKA PP Binnenriolering_Afvoerbuis 5m:2995519,-
2qw0i0p311Ew26D8f8cHEf,Pipe Types:DYKA PP Binnenriolering_Afvoerbuis 5m:2995521,-
2qw0i0p311Ew26D8f8cHEh,Pipe Types:DYKA PP Binnenriolering_Afvoerbuis 5m:2995523,-
2qw0i0p311Ew26D8f8cHEX,Pipe Types:DYKA PP Binnenriolering_Afvoerbuis 5m:2995529,-
2qw0i0p311Ew26D8f8cHEa,Pipe Types:DYKA PP Binnenriolering_Afvoerbuis 5m:2995532,-
2qw0i0p311Ew26D8f8cHE$,Pipe Types:DYKA PP Binnenriolering_Afvoerbuis 5m:2995543,-
2qw0i0p311Ew26D8f8cHEr,Pipe Types:DYKA PP Binnenriolering_Afvoerbuis 5m:2995549,-
2qw0i0p311Ew26D8f8cHEt,Pipe Types:DYKA PP Binnenriolering_Afvoerbuis 5m:2995551,-
2qw0i0p311Ew26D8f8cHEB,Pipe Types:DYKA PP Binnenriolering_Afvoerbuis 5m:2995555,-
2qw0i0p311Ew26D8f8cHED,Pipe Types:DYKA PP Binnenriolering_Afvoerbuis 5m:2995557,-
2qw0i0p311Ew26D8f8cHE1,Pipe Types:DYKA PP Binnenriolering_Afvoerbuis 5m:2995561,-
2qw0i0p311Ew26D8f8cHEO,Pipe Types:DYKA PP Binnenriolering_Afvoerbuis 5m:2995568,-
2qw0i0p311Ew26D8f8cHEI,Pipe Types:DYKA PP Binnenriolering_Afvoerbuis 5m:2995578,-
2qw0i0p311Ew26D8f8cHDX,Pipe Types:DYKA PP Binnenriolering_Afvoerbuis 5m:2995593,-
2qw0i0p311Ew26D8f8cHDZ,Pipe Types:DYKA PP Binnenriolering_Afvoerbuis 5m:2995595,-
2qw0i0p311Ew26D8f8cHDb,Pipe Types:DYKA PP Binnenriolering_Afvoerbuis 5m:2995597,-
2qw0i0p311Ew26D8f8cHDv,Pipe Types:DYKA PP Binnenriolering_Afvoerbuis 5m:2995601,-
2qw0i0p311Ew26D8f8cHD_,Pipe Types:DYKA PP Binnenriolering_Afvoerbuis 5m:2995606,-
2qw0i0p311Ew26D8f8cHD0,Pipe Types:DYKA PP Binnenriolering_Afvoerbuis 5m:2995624,-
2qw0i0p311Ew26D8f8cHD3,Pipe Types:DYKA PP Binnenriolering_Afvoerbuis 5m:2995627,-
2qw0i0p311Ew26D8f8cHD7,Pipe Types:DYKA PP Binnenriolering_Afvoerbuis 5m:2995631,-
2qw0i0p311Ew26D8f8cHDQ,Pipe Types:DYKA PP Binnenriolering_Afvoerbuis 5m:2995634,-
2qw0i0p311Ew26D8f8cHCe,Pipe Types:DYKA PP Binnenriolering_Afvoerbuis 5m:2995648,-
2qw0i0p311Ew26D8f8cH2Z,Pipe Types:DYKA PP Binnenriolering_Afvoerbuis 5m:2995787,-
2qw0i0p311Ew26D8f8cH2n,Pipe Types:DYKA PP Binnenriolering_Afvoerbuis 5m:2995801,-
2qw0i0p311Ew26D8f8cH0l,Pipe Types:DYKA PP Binnenriolering_Afvoerbuis 5m:2995911,-
2qw0i0p311Ew26D8f8cH6r,Pipe Types:DYKA PP Binnenriolering_Afvoerbuis 5m:2996061,-
2qw0i0p311Ew26D8f8cH5m,Pipe Types:DYKA PP Binnenriolering_Afvoerbuis 5m:2996120,-
2qw0i0p311Ew26D8f8cHwg,Pipe Types:DYKA PP Binnenriolering_Afvoerbuis 5m:2996290,-
2qw0i0p311Ew26D8f8cHwi,Pipe Types:DYKA PP Binnenriolering_Afvoerbuis 5m:2996292,-
2qw0i0p311Ew26D8f8cHwW,Pipe Types:DYKA PP Binnenriolering_Afvoerbuis 5m:2996296,-
2qw0i0p311Ew26D8f8cHwY,Pipe Types:DYKA PP Binnenriolering_Afvoerbuis 5m:2996298,-
2qw0i0p311Ew26D8f8cHwd,Pipe Types:DYKA PP Binnenriolering_Afvoerbuis 5m:2996303,-
2qw0i0p311Ew26D8f8cHmc,Pipe Types:DYKA PP Binnenriolering_Afvoerbuis 5m:2996942,-
2qw0i0p311Ew26D8f8cHtu,Pipe Types:DYKA PP Binnenriolering_Afvoerbuis 5m:2997008,-
2qw0i0p311Ew26D8f8cHts,Pipe Types:DYKA PP Binnenriolering_Afvoerbuis 5m:2997022,-
2qw0i0p311Ew26D8f8cHru,Pipe Types:DYKA PP Binnenriolering_Afvoerbuis 5m:2997136,-
2qw0i0p311Ew26D8f8cHrw,Pipe Types:DYKA PP Binnenriolering_Afvoerbuis 5m:2997138,-
2qw0i0p311Ew26D8f8cHry,Pipe Types:DYKA PP Binnenriolering_Afvoerbuis 5m:2997140,-
2qw0i0p311Ew26D8f8cHlr,Pipe Types:DYKA PP Binnenriolering_Afvoerbuis 5m:2997533,-
2qw0i0p311Ew26D8f8cHii,Pipe Types:DYKA PP Binnenriolering_Afvoerbuis 5m:2997700,-
2qw0i0p311Ew26D8f8cHiX,Pipe Types:DYKA PP Binnenriolering_Afvoerbuis 5m:2997705,-
2qw0i0p311Ew26D8f8cHiZ,Pipe Types:DYKA PP Binnenriolering_Afvoerbuis 5m:2997707,-
2qw0i0p311Ew26D8f8cHZn,Pipe Types:DYKA PP Binnenriolering_Afvoerbuis 5m:2997785,-
2qw0i0p311Ew26D8f8cHZA,Pipe Types:DYKA PP Binnenriolering_Afvoerbuis 5m:2997794,-
2qw0i0p311Ew26D8f8cHY_,Pipe Types:DYKA PP Binnenriolering_Afvoerbuis 5m:2997846,-
2qw0i0p311Ew26D8f8cMSY,Pipe Types:DYKA PP Binnenriolering_Afvoerbuis 5m:2998730,-
2qw0i0p311Ew26D8f8cMIE,Pipe Types:DYKA PP Binnenriolering_Afvoerbuis 5m:2998886,-
2qw0i0p311Ew26D8f8cMI2,Pipe Types:DYKA PP Binnenriolering_Afvoerbuis 5m:2998890,-
2oZ4ZU3aX2CgrcjYcRIhFa,Pipe Types:DYKA PP Binnenriolering_Afvoerbuis 5m:2999899,-
2oZ4ZU3aX2CgrcjYcRIhFX,Pipe Types:DYKA PP Binnenriolering_Afvoerbuis 5m:2999902,-
2oZ4ZU3aX2CgrcjYcRIhCj,Pipe Types:DYKA PP Binnenriolering_Afvoerbuis 5m:2999954,-
2oZ4ZU3aX2CgrcjYcRIhCT,Pipe Types:DYKA PP Binnenriolering_Afvoerbuis 5m:2999970,-
2oZ4ZU3aX2CgrcjYcRIgnC,Pipe Types:DYKA PP Binnenriolering_Afvoerbuis 5m:3004915,-
2oZ4ZU3aX2CgrcjYcRIgnA,Pipe Types:DYKA PP Binnenriolering_Afvoerbuis 5m:3004917,-
2oZ4ZU3aX2CgrcjYcRIgn8,Pipe Types:DYKA PP Binnenriolering_Afvoerbuis 5m:3004919,-
2oZ4ZU3aX2CgrcjYcRIg_w,Pipe Types:DYKA PP Binnenriolering_Afvoerbuis 5m:3004933,-
2oZ4ZU3aX2CgrcjYcRIg_t,Pipe Types:DYKA PP Binnenriolering_Afvoerbuis 5m:3004936,-
2oZ4ZU3aX2CgrcjYcRIg$a,Pipe Types:DYKA PP Binnenriolering_Afvoerbuis 5m:3005019,-
2oZ4ZU3aX2CgrcjYcRIg$Y,Pipe Types:DYKA PP Binnenriolering_Afvoerbuis 5m:3005021,-
2oZ4ZU3aX2CgrcjYcRIg$W,Pipe Types:DYKA PP Binnenriolering_Afvoerbuis 5m:3005023,-
2oZ4ZU3aX2CgrcjYcRIg$T,Pipe Types:DYKA PP Binnenriolering_Afvoerbuis 5m:3005026,-
2oZ4ZU3aX2CgrcjYcRIg$G,Pipe Types:DYKA PP Binnenriolering_Afvoerbuis 5m:3005039,-
2oZ4ZU3aX2CgrcjYcRIg$B,Pipe Types:DYKA PP Binnenriolering_Afvoerbuis 5m:3005044,-
2oZ4ZU3aX2CgrcjYcRIg$9,Pipe Types:DYKA PP Binnenriolering_Afvoerbuis 5m:3005046,-
2oZ4ZU3aX2CgrcjYcRIg$7,Pipe Types:DYKA PP Binnenriolering_Afvoerbuis 5m:3005048,-
2oZ4ZU3aX2CgrcjYcRIg$5,Pipe Types:DYKA PP Binnenriolering_Afvoerbuis 5m:3005050,-
2oZ4ZU3aX2CgrcjYcRIg$2,Pipe Types:DYKA PP Binnenriolering_Afvoerbuis 5m:3005053,-
2oZ4ZU3aX2CgrcjYcRIgyh,Pipe Types:DYKA PP Binnenriolering_Afvoerbuis 5m:3005076,-
2oZ4ZU3aX2CgrcjYcRIgyZ,Pipe Types:DYKA PP Binnenriolering_Afvoerbuis 5m:3005084,-
2oZ4ZU3aX2CgrcjYcRIgyX,Pipe Types:DYKA PP Binnenriolering_Afvoerbuis 5m:3005086,-
2oZ4ZU3aX2CgrcjYcRIgyJ,Pipe Types:DYKA PP Binnenriolering_Afvoerbuis 5m:3005100,-
2oZ4ZU3aX2CgrcjYcRIgyG,Pipe Types:DYKA PP Binnenriolering_Afvoerbuis 5m:3005103,-
2oZ4ZU3aX2CgrcjYcRIgyC,Pipe Types:DYKA PP Binnenriolering_Afvoerbuis 5m:3005107,-
2oZ4ZU3aX2CgrcjYcRIgyA,Pipe Types:DYKA PP Binnenriolering_Afvoerbuis 5m:3005109,-
2oZ4ZU3aX2CgrcjYcRIgdP,Pipe Types:DYKA PP Binnenriolering_Afvoerbuis 5m:3005542,-
2oZ4ZU3aX2CgrcjYcRIgdN,Pipe Types:DYKA PP Binnenriolering_Afvoerbuis 5m:3005544,-
2oZ4ZU3aX2CgrcjYcRIgdL,Pipe Types:DYKA PP Binnenriolering_Afvoerbuis 5m:3005546,-
2oZ4ZU3aX2CgrcjYcRIgd7,Pipe Types:DYKA PP Binnenriolering_Afvoerbuis 5m:3005560,-
2oZ4ZU3aX2CgrcjYcRIgd4,Pipe Types:DYKA PP Binnenriolering_Afvoerbuis 5m:3005563,-
2oZ4ZU3aX2CgrcjYcRIgax,Pipe Types:DYKA PP Binnenriolering_Afvoerbuis 5m:3005572,-
2oZ4ZU3aX2CgrcjYcRIgav,Pipe Types:DYKA PP Binnenriolering_Afvoerbuis 5m:3005574,-
2oZ4ZU3aX2CgrcjYcRIgar,Pipe Types:DYKA PP Binnenriolering_Afvoerbuis 5m:3005578,-
2oZ4ZU3aX2CgrcjYcRIgap,Pipe Types:DYKA PP Binnenriolering_Afvoerbuis 5m:3005580,-
2oZ4ZU3aX2CgrcjYcRIgal,Pipe Types:DYKA PP Binnenriolering_Afvoerbuis 5m:3005584,-
2oZ4ZU3aX2CgrcjYcRIga5,Pipe Types:DYKA PP Binnenriolering_Afvoerbuis 5m:3005626,-
2oZ4ZU3aX2CgrcjYcRIga3,Pipe Types:DYKA PP Binnenriolering_Afvoerbuis 5m:3005628,-
2oZ4ZU3aX2CgrcjYcRIgbz,Pipe Types:DYKA PP Binnenriolering_Afvoerbuis 5m:3005634,-
2oZ4ZU3aX2CgrcjYcRIgbn,Pipe Types:DYKA PP Binnenriolering_Afvoerbuis 5m:3005646,-
2oZ4ZU3aX2CgrcjYcRIgbl,Pipe Types:DYKA PP Binnenriolering_Afvoerbuis 5m:3005648,-
2oZ4ZU3aX2CgrcjYcRIgbj,Pipe Types:DYKA PP Binnenriolering_Afvoerbuis 5m:3005650,-
2oZ4ZU3aX2CgrcjYcRIgbg,Pipe Types:DYKA PP Binnenriolering_Afvoerbuis 5m:3005653,-
2oZ4ZU3aX2CgrcjYcRIgbT,Pipe Types:DYKA PP Binnenriolering_Afvoerbuis 5m:3005666,-
2oZ4ZU3aX2CgrcjYcRIgbO,Pipe Types:DYKA PP Binnenriolering_Afvoerbuis 5m:3005671,-
2oZ4ZU3aX2CgrcjYcRIgbM,Pipe Types:DYKA PP Binnenriolering_Afvoerbuis 5m:3005673,-
2oZ4ZU3aX2CgrcjYcRIgbK,Pipe Types:DYKA PP Binnenriolering_Afvoerbuis 5m:3005675,-
2oZ4ZU3aX2CgrcjYcRIgbI,Pipe Types:DYKA PP Binnenriolering_Afvoerbuis 5m:3005677,-
2oZ4ZU3aX2CgrcjYcRIgbF,Pipe Types:DYKA PP Binnenriolering_Afvoerbuis 5m:3005680,-
2oZ4ZU3aX2CgrcjYcRIgYu,Pipe Types:DYKA PP Binnenriolering_Afvoerbuis 5m:3005703,-
2oZ4ZU3aX2CgrcjYcRIgYm,Pipe Types:DYKA PP Binnenriolering_Afvoerbuis 5m:3005711,-
2oZ4ZU3aX2CgrcjYcRIgYk,Pipe Types:DYKA PP Binnenriolering_Afvoerbuis 5m:3005713,-
2oZ4ZU3aX2CgrcjYcRIgYW,Pipe Types:DYKA PP Binnenriolering_Afvoerbuis 5m:3005727,-
2oZ4ZU3aX2CgrcjYcRIgYT,Pipe Types:DYKA PP Binnenriolering_Afvoerbuis 5m:3005730,-
2oZ4ZU3aX2CgrcjYcRIgYP,Pipe Types:DYKA PP Binnenriolering_Afvoerbuis 5m:3005734,-
2oZ4ZU3aX2CgrcjYcRIgYN,Pipe Types:DYKA PP Binnenriolering_Afvoerbuis 5m:3005736,-
2oZ4ZU3aX2CgrcjYcRIgYE,Pipe Types:DYKA PP Binnenriolering_Afvoerbuis 5m:3005745,-
2oZ4ZU3aX2CgrcjYcRIgYC,Pipe Types:DYKA PP Binnenriolering_Afvoerbuis 5m:3005747,-
2oZ4ZU3aX2CgrcjYcRIgYA,Pipe Types:DYKA PP Binnenriolering_Afvoerbuis 5m:3005749,-
2oZ4ZU3aX2CgrcjYcRIgZy,Pipe Types:DYKA PP Binnenriolering_Afvoerbuis 5m:3005763,-
2oZ4ZU3aX2CgrcjYcRIgZv,Pipe Types:DYKA PP Binnenriolering_Afvoerbuis 5m:3005766,-
2oZ4ZU3aX2CgrcjYcRIgWc,Pipe Types:DYKA PP Binnenriolering_Afvoerbuis 5m:3005849,-
2oZ4ZU3aX2CgrcjYcRIgWa,Pipe Types:DYKA PP Binnenriolering_Afvoerbuis 5m:3005851,-
2oZ4ZU3aX2CgrcjYcRIgWY,Pipe Types:DYKA PP Binnenriolering_Afvoerbuis 5m:3005853,-
2oZ4ZU3aX2CgrcjYcRIgWV,Pipe Types:DYKA PP Binnenriolering_Afvoerbuis 5m:3005856,-
2oZ4ZU3aX2CgrcjYcRIgWI,Pipe Types:DYKA PP Binnenriolering_Afvoerbuis 5m:3005869,-
2oZ4ZU3aX2CgrcjYcRIgWD,Pipe Types:DYKA PP Binnenriolering_Afvoerbuis 5m:3005874,-
2oZ4ZU3aX2CgrcjYcRIgWB,Pipe Types:DYKA PP Binnenriolering_Afvoerbuis 5m:3005876,-
2oZ4ZU3aX2CgrcjYcRIgW9,Pipe Types:DYKA PP Binnenriolering_Afvoerbuis 5m:3005878,-
2oZ4ZU3aX2CgrcjYcRIgW7,Pipe Types:DYKA PP Binnenriolering_Afvoerbuis 5m:3005880,-
2oZ4ZU3aX2CgrcjYcRIgW4,Pipe Types:DYKA PP Binnenriolering_Afvoerbuis 5m:3005883,-
2oZ4ZU3aX2CgrcjYcRIgXn,Pipe Types:DYKA PP Binnenriolering_Afvoerbuis 5m:3005902,-
2oZ4ZU3aX2CgrcjYcRIgXf,Pipe Types:DYKA PP Binnenriolering_Afvoerbuis 5m:3005910,-
2oZ4ZU3aX2CgrcjYcRIgXd,Pipe Types:DYKA PP Binnenriolering_Afvoerbuis 5m:3005912,-
2oZ4ZU3aX2CgrcjYcRIgXP,Pipe Types:DYKA PP Binnenriolering_Afvoerbuis 5m:3005926,-
2oZ4ZU3aX2CgrcjYcRIgXM,Pipe Types:DYKA PP Binnenriolering_Afvoerbuis 5m:3005929,-
2oZ4ZU3aX2CgrcjYcRIgXI,Pipe Types:DYKA PP Binnenriolering_Afvoerbuis 5m:3005933,-
2oZ4ZU3aX2CgrcjYcRIgXG,Pipe Types:DYKA PP Binnenriolering_Afvoerbuis 5m:3005935,-
2oZ4ZU3aX2CgrcjYcRIgkk,Pipe Types:DYKA PP Binnenriolering_Afvoerbuis 5m:3005969,-
2oZ4ZU3aX2CgrcjYcRIgki,Pipe Types:DYKA PP Binnenriolering_Afvoerbuis 5m:3005971,-
2oZ4ZU3aX2CgrcjYcRIgkg,Pipe Types:DYKA PP Binnenriolering_Afvoerbuis 5m:3005973,-
2oZ4ZU3aX2CgrcjYcRIgkS,Pipe Types:DYKA PP Binnenriolering_Afvoerbuis 5m:3005987,-
2oZ4ZU3aX2CgrcjYcRIgkP,Pipe Types:DYKA PP Binnenriolering_Afvoerbuis 5m:3005990,-
2oZ4ZU3aX2CgrcjYcRIgkG,Pipe Types:DYKA PP Binnenriolering_Afvoerbuis 5m:3005999,-
2oZ4ZU3aX2CgrcjYcRIgkE,Pipe Types:DYKA PP Binnenriolering_Afvoerbuis 5m:3006001,-
2oZ4ZU3aX2CgrcjYcRIgkA,Pipe Types:DYKA PP Binnenriolering_Afvoerbuis 5m:3006005,-
2oZ4ZU3aX2CgrcjYcRIgk8,Pipe Types:DYKA PP Binnenriolering_Afvoerbuis 5m:3006007,-
2oZ4ZU3aX2CgrcjYcRIgk4,Pipe Types:DYKA PP Binnenriolering_Afvoerbuis 5m:3006011,-
2oZ4ZU3aX2CgrcjYcRIglQ,Pipe Types:DYKA PP Binnenriolering_Afvoerbuis 5m:3006053,-
2oZ4ZU3aX2CgrcjYcRIglO,Pipe Types:DYKA PP Binnenriolering_Afvoerbuis 5m:3006055,-
2oZ4ZU3aX2CgrcjYcRIglI,Pipe Types:DYKA PP Binnenriolering_Afvoerbuis 5m:3006061,-
2oZ4ZU3aX2CgrcjYcRIgl6,Pipe Types:DYKA PP Binnenriolering_Afvoerbuis 5m:3006073,-
2oZ4ZU3aX2CgrcjYcRIgl4,Pipe Types:DYKA PP Binnenriolering_Afvoerbuis 5m:3006075,-
2oZ4ZU3aX2CgrcjYcRIgl2,Pipe Types:DYKA PP Binnenriolering_Afvoerbuis 5m:3006077,-
2oZ4ZU3aX2CgrcjYcRIgi$,Pipe Types:DYKA PP Binnenriolering_Afvoerbuis 5m:3006080,-
2oZ4ZU3aX2CgrcjYcRIgio,Pipe Types:DYKA PP Binnenriolering_Afvoerbuis 5m:3006093,-
2oZ4ZU3aX2CgrcjYcRIgij,Pipe Types:DYKA PP Binnenriolering_Afvoerbuis 5m:3006098,-
2oZ4ZU3aX2CgrcjYcRIgih,Pipe Types:DYKA PP Binnenriolering_Afvoerbuis 5m:3006100,-
2oZ4ZU3aX2CgrcjYcRIgif,Pipe Types:DYKA PP Binnenriolering_Afvoerbuis 5m:3006102,-
2oZ4ZU3aX2CgrcjYcRIgid,Pipe Types:DYKA PP Binnenriolering_Afvoerbuis 5m:3006104,-
2oZ4ZU3aX2CgrcjYcRIgia,Pipe Types:DYKA PP Binnenriolering_Afvoerbuis 5m:3006107,-
2oZ4ZU3aX2CgrcjYcRIgiD,Pipe Types:DYKA PP Binnenriolering_Afvoerbuis 5m:3006130,-
2oZ4ZU3aX2CgrcjYcRIgi5,Pipe Types:DYKA PP Binnenriolering_Afvoerbuis 5m:3006138,-
2oZ4ZU3aX2CgrcjYcRIgi3,Pipe Types:DYKA PP Binnenriolering_Afvoerbuis 5m:3006140,-
2oZ4ZU3aX2CgrcjYcRIgjr,Pipe Types:DYKA PP Binnenriolering_Afvoerbuis 5m:3006154,-
2oZ4ZU3aX2CgrcjYcRIgjo,Pipe Types:DYKA PP Binnenriolering_Afvoerbuis 5m:3006157,-
2oZ4ZU3aX2CgrcjYcRIgjk,Pipe Types:DYKA PP Binnenriolering_Afvoerbuis 5m:3006161,-
2oZ4ZU3aX2CgrcjYcRIgji,Pipe Types:DYKA PP Binnenriolering_Afvoerbuis 5m:3006163,-
2oZ4ZU3aX2CgrcjYcRIgjZ,Pipe Types:DYKA PP Binnenriolering_Afvoerbuis 5m:3006172,-
2oZ4ZU3aX2CgrcjYcRIgjX,Pipe Types:DYKA PP Binnenriolering_Afvoerbuis 5m:3006174,-
2oZ4ZU3aX2CgrcjYcRIgjV,Pipe Types:DYKA PP Binnenriolering_Afvoerbuis 5m:3006176,-
2oZ4ZU3aX2CgrcjYcRIgjH,Pipe Types:DYKA PP Binnenriolering_Afvoerbuis 5m:3006190,-
2oZ4ZU3aX2CgrcjYcRIgjE,Pipe Types:DYKA PP Binnenriolering_Afvoerbuis 5m:3006193,-
2oZ4ZU3aX2CgrcjYcRIghx,Pipe Types:DYKA PP Binnenriolering_Afvoerbuis 5m:3006276,-
2oZ4ZU3aX2CgrcjYcRIghv,Pipe Types:DYKA PP Binnenriolering_Afvoerbuis 5m:3006278,-
2oZ4ZU3aX2CgrcjYcRIght,Pipe Types:DYKA PP Binnenriolering_Afvoerbuis 5m:3006280,-
2oZ4ZU3aX2CgrcjYcRIghq,Pipe Types:DYKA PP Binnenriolering_Afvoerbuis 5m:3006283,-
2oZ4ZU3aX2CgrcjYcRIghd,Pipe Types:DYKA PP Binnenriolering_Afvoerbuis 5m:3006296,-
2oZ4ZU3aX2CgrcjYcRIghY,Pipe Types:DYKA PP Binnenriolering_Afvoerbuis 5m:3006301,-
2oZ4ZU3aX2CgrcjYcRIghW,Pipe Types:DYKA PP Binnenriolering_Afvoerbuis 5m:3006303,-
2oZ4ZU3aX2CgrcjYcRIghU,Pipe Types:DYKA PP Binnenriolering_Afvoerbuis 5m:3006305,-
2oZ4ZU3aX2CgrcjYcRIghS,Pipe Types:DYKA PP Binnenriolering_Afvoerbuis 5m:3006307,-
2oZ4ZU3aX2CgrcjYcRIghP,Pipe Types:DYKA PP Binnenriolering_Afvoerbuis 5m:3006310,-
2oZ4ZU3aX2CgrcjYcRIgh6,Pipe Types:DYKA PP Binnenriolering_Afvoerbuis 5m:3006329,-
2oZ4ZU3aX2CgrcjYcRIge_,Pipe Types:DYKA PP Binnenriolering_Afvoerbuis 5m:3006337,-
2oZ4ZU3aX2CgrcjYcRIgey,Pipe Types:DYKA PP Binnenriolering_Afvoerbuis 5m:3006339,-
2oZ4ZU3aX2CgrcjYcRIgek,Pipe Types:DYKA PP Binnenriolering_Afvoerbuis 5m:3006353,-
2oZ4ZU3aX2CgrcjYcRIgeh,Pipe Types:DYKA PP Binnenriolering_Afvoerbuis 5m:3006356,-
2oZ4ZU3aX2CgrcjYcRIged,Pipe Types:DYKA PP Binnenriolering_Afvoerbuis 5m:3006360,-
2oZ4ZU3aX2CgrcjYcRIgeb,Pipe Types:DYKA PP Binnenriolering_Afvoerbuis 5m:3006362,-
2oZ4ZU3aX2CgrcjYcRIfTr,Pipe Types:DYKA PP Binnenriolering_Afvoerbuis 5m:3007178,-
2oZ4ZU3aX2CgrcjYcRIfTn,Pipe Types:DYKA PP Binnenriolering_Afvoerbuis 5m:3007182,-
2oZ4ZU3aX2CgrcjYcRIfOF,Pipe Types:DYKA PP Binnenriolering_Afvoerbuis 5m:3007408,-
2oZ4ZU3aX2CgrcjYcRIfOB,Pipe Types:DYKA PP Binnenriolering_Afvoerbuis 5m:3007412,-
2oZ4ZU3aX2CgrcjYcRIfPk,Pipe Types:DYKA PP Binnenriolering_Afvoerbuis 5m:3007441,-
2oZ4ZU3aX2CgrcjYcRIfPg,Pipe Types:DYKA PP Binnenriolering_Afvoerbuis 5m:3007445,-
2oZ4ZU3aX2CgrcjYcRIf3I,Pipe Types:DYKA PP Binnenriolering_Afvoerbuis 5m:3007853,-
2oZ4ZU3aX2CgrcjYcRIf3G,Pipe Types:DYKA PP Binnenriolering_Afvoerbuis 5m:3007855,-
2oZ4ZU3aX2CgrcjYcRIf3C,Pipe Types:DYKA PP Binnenriolering_Afvoerbuis 5m:3007859,-
2oZ4ZU3aX2CgrcjYcRIf3A,Pipe Types:DYKA PP Binnenriolering_Afvoerbuis 5m:3007861,-
2oZ4ZU3aX2CgrcjYcRIf36,Pipe Types:DYKA PP Binnenriolering_Afvoerbuis 5m:3007865,-
2oZ4ZU3aX2CgrcjYcRIf0i,Pipe Types:DYKA PP Binnenriolering_Afvoerbuis 5m:3007891,-
2oZ4ZU3aX2CgrcjYcRIf0g,Pipe Types:DYKA PP Binnenriolering_Afvoerbuis 5m:3007893,-
2oZ4ZU3aX2CgrcjYcRIf0a,Pipe Types:DYKA PP Binnenriolering_Afvoerbuis 5m:3007899,-
2oZ4ZU3aX2CgrcjYcRIf0S,Pipe Types:DYKA PP Binnenriolering_Afvoerbuis 5m:3007907,-
2oZ4ZU3aX2CgrcjYcRIf0O,Pipe Types:DYKA PP Binnenriolering_Afvoerbuis 5m:3007911,-
2oZ4ZU3aX2CgrcjYcRIfDx,Pipe Types:DYKA PP Binnenriolering_Afvoerbuis 5m:3008196,-
2oZ4ZU3aX2CgrcjYcRIfDv,Pipe Types:DYKA PP Binnenriolering_Afvoerbuis 5m:3008198,-
2oZ4ZU3aX2CgrcjYcRIfDr,Pipe Types:DYKA PP Binnenriolering_Afvoerbuis 5m:3008202,-
2oZ4ZU3aX2CgrcjYcRIfDp,Pipe Types:DYKA PP Binnenriolering_Afvoerbuis 5m:3008204,-
2oZ4ZU3aX2CgrcjYcRIfDl,Pipe Types:DYKA PP Binnenriolering_Afvoerbuis 5m:3008208,-
2oZ4ZU3aX2CgrcjYcRIfDL,Pipe Types:DYKA PP Binnenriolering_Afvoerbuis 5m:3008234,-
2oZ4ZU3aX2CgrcjYcRIfDJ,Pipe Types:DYKA PP Binnenriolering_Afvoerbuis 5m:3008236,-
2oZ4ZU3aX2CgrcjYcRIfDD,Pipe Types:DYKA PP Binnenriolering_Afvoerbuis 5m:3008242,-
2oZ4ZU3aX2CgrcjYcRIfD5,Pipe Types:DYKA PP Binnenriolering_Afvoerbuis 5m:3008250,-
2oZ4ZU3aX2CgrcjYcRIfD1,Pipe Types:DYKA PP Binnenriolering_Afvoerbuis 5m:3008254,-
2oZ4ZU3aX2CgrcjYcRIfAt,Pipe Types:DYKA PP Binnenriolering_Afvoerbuis 5m:3008264,-
2oZ4ZU3aX2CgrcjYcRIfAr,Pipe Types:DYKA PP Binnenriolering_Afvoerbuis 5m:3008266,-
2oZ4ZU3aX2CgrcjYcRIfAn,Pipe Types:DYKA PP Binnenriolering_Afvoerbuis 5m:3008270,-
2oZ4ZU3aX2CgrcjYcRIfAl,Pipe Types:DYKA PP Binnenriolering_Afvoerbuis 5m:3008272,-
2oZ4ZU3aX2CgrcjYcRIfAh,Pipe Types:DYKA PP Binnenriolering_Afvoerbuis 5m:3008276,-
2oZ4ZU3aX2CgrcjYcRIfAH,Pipe Types:DYKA PP Binnenriolering_Afvoerbuis 5m:3008302,-
2oZ4ZU3aX2CgrcjYcRIfAF,Pipe Types:DYKA PP Binnenriolering_Afvoerbuis 5m:3008304,-
2oZ4ZU3aX2CgrcjYcRIfA9,Pipe Types:DYKA PP Binnenriolering_Afvoerbuis 5m:3008310,-
2oZ4ZU3aX2CgrcjYcRIfA1,Pipe Types:DYKA PP Binnenriolering_Afvoerbuis 5m:3008318,-
2oZ4ZU3aX2CgrcjYcRIfBz,Pipe Types:DYKA PP Binnenriolering_Afvoerbuis 5m:3008322,-
3JSK3P1Lr3pOUEHB3juaAo,Pipe Types:DYKA PP Binnenriolering_Afvoerbuis 5m:3010525,-
3JSK3P1Lr3pOUEHB3juaAm,Pipe Types:DYKA PP Binnenriolering_Afvoerbuis 5m:3010527,-
3JSK3P1Lr3pOUEHB3juaA8,Pipe Types:DYKA PP Binnenriolering_Afvoerbuis 5m:3010535,-
3JSK3P1Lr3pOUEHB3juaA4,Pipe Types:DYKA PP Binnenriolering_Afvoerbuis 5m:3010539,-
3JSK3P1Lr3pOUEHB3juaA2,Pipe Types:DYKA PP Binnenriolering_Afvoerbuis 5m:3010541,-
3JSK3P1Lr3pOUEHB3juaA0,Pipe Types:DYKA PP Binnenriolering_Afvoerbuis 5m:3010543,-
3JSK3P1Lr3pOUEHB3juaAT,Pipe Types:DYKA PP Binnenriolering_Afvoerbuis 5m:3010546,-
3JSK3P1Lr3pOUEHB3juaAO,Pipe Types:DYKA PP Binnenriolering_Afvoerbuis 5m:3010551,-
3JSK3P1Lr3pOUEHB3juaAM,Pipe Types:DYKA PP Binnenriolering_Afvoerbuis 5m:3010553,-
3JSK3P1Lr3pOUEHB3juaAG,Pipe Types:DYKA PP Binnenriolering_Afvoerbuis 5m:3010559,-
3JSK3P1Lr3pOUEHB3jubri,Pipe Types:DYKA PP Binnenriolering_Afvoerbuis 5m:3010563,-
3JSK3P1Lr3pOUEHB3jubre,Pipe Types:DYKA PP Binnenriolering_Afvoerbuis 5m:3010567,-
3JSK3P1Lr3pOUEHB3jubrY,Pipe Types:DYKA PP Binnenriolering_Afvoerbuis 5m:3010573,-
3JSK3P1Lr3pOUEHB3jubr_,Pipe Types:DYKA PP Binnenriolering_Afvoerbuis 5m:3010577,-
3JSK3P1Lr3pOUEHB3jubry,Pipe Types:DYKA PP Binnenriolering_Afvoerbuis 5m:3010579,-
3JSK3P1Lr3pOUEHB3jubru,Pipe Types:DYKA PP Binnenriolering_Afvoerbuis 5m:3010583,-
3JSK3P1Lr3pOUEHB3jubrs,Pipe Types:DYKA PP Binnenriolering_Afvoerbuis 5m:3010585,-
3JSK3P1Lr3pOUEHB3jubrn,Pipe Types:DYKA PP Binnenriolering_Afvoerbuis 5m:3010590,-
3JSK3P1Lr3pOUEHB3jubrE,Pipe Types:DYKA PP Binnenriolering_Afvoerbuis 5m:3010593,-
3JSK3P1Lr3pOUEHB3jubrR,Pipe Types:DYKA PP Binnenriolering_Afvoerbuis 5m:3010612,-
3JSK3P1Lr3pOUEHB3jubrP,Pipe Types:DYKA PP Binnenriolering_Afvoerbuis 5m:3010614,-
3JSK3P1Lr3pOUEHB3jubqe,Pipe Types:DYKA PP Binnenriolering_Afvoerbuis 5m:3010631,-
0v9RbY4fLAvQDARC_a4zv_,Pipe Types:DYKA PP Binnenriolering_Afvoerbuis 5m:3011228,-
0v9RbY4fLAvQDARC_a4zvy,Pipe Types:DYKA PP Binnenriolering_Afvoerbuis 5m:3011230,-
0v9RbY4fLAvQDARC_a4zv4,Pipe Types:DYKA PP Binnenriolering_Afvoerbuis 5m:3011238,-
0v9RbY4fLAvQDARC_a4zvA,Pipe Types:DYKA PP Binnenriolering_Afvoerbuis 5m:3011240,-
0v9RbY4fLAvQDARC_a4zv8,Pipe Types:DYKA PP Binnenriolering_Afvoerbuis 5m:3011242,-
0v9RbY4fLAvQDARC_a4zvE,Pipe Types:DYKA PP Binnenriolering_Afvoerbuis 5m:3011244,-
0v9RbY4fLAvQDARC_a4zvD,Pipe Types:DYKA PP Binnenriolering_Afvoerbuis 5m:3011247,-
0v9RbY4fLAvQDARC_a4zvM,Pipe Types:DYKA PP Binnenriolering_Afvoerbuis 5m:3011252,-
0v9RbY4fLAvQDARC_a4zvK,Pipe Types:DYKA PP Binnenriolering_Afvoerbuis 5m:3011254,-
0v9RbY4fLAvQDARC_a4zvU,Pipe Types:DYKA PP Binnenriolering_Afvoerbuis 5m:3011260,-
0v9RbY4fLAvQDARC_a4zuY,Pipe Types:DYKA PP Binnenriolering_Afvoerbuis 5m:3011264,-
0v9RbY4fLAvQDARC_a4zuc,Pipe Types:DYKA PP Binnenriolering_Afvoerbuis 5m:3011268,-
0v9RbY4fLAvQDARC_a4zue,Pipe Types:DYKA PP Binnenriolering_Afvoerbuis 5m:3011274,-
0v9RbY4fLAvQDARC_a4zui,Pipe Types:DYKA PP Binnenriolering_Afvoerbuis 5m:3011278,-
0v9RbY4fLAvQDARC_a4zuo,Pipe Types:DYKA PP Binnenriolering_Afvoerbuis 5m:3011280,-
0v9RbY4fLAvQDARC_a4zus,Pipe Types:DYKA PP Binnenriolering_Afvoerbuis 5m:3011284,-
0v9RbY4fLAvQDARC_a4zux,Pipe Types:DYKA PP Binnenriolering_Afvoerbuis 5m:3011289,-
0v9RbY4fLAvQDARC_a4zu_,Pipe Types:DYKA PP Binnenriolering_Afvoerbuis 5m:3011292,-
0v9RbY4fLAvQDARC_a4zuB,Pipe Types:DYKA PP Binnenriolering_Afvoerbuis 5m:3011305,-
0v9RbY4fLAvQDARC_a4zuH,Pipe Types:DYKA PP Binnenriolering_Afvoerbuis 5m:3011315,-
0v9RbY4fLAvQDARC_a4zuN,Pipe Types:DYKA PP Binnenriolering_Afvoerbuis 5m:3011317,-
0v9RbY4fLAvQDARC_a4z$a,Pipe Types:DYKA PP Binnenriolering_Afvoerbuis 5m:3011334,-
0VkpsQ61v6HRWAKiqc6c4I,Pipe Types:DYKA PP Binnenriolering_Afvoerbuis 5m:3012479,-
0VkpsQ61v6HRWAKiqc6c7i,Pipe Types:DYKA PP Binnenriolering_Afvoerbuis 5m:3012481,-
0VkpsQ61v6HRWAKiqc6c7k,Pipe Types:DYKA PP Binnenriolering_Afvoerbuis 5m:3012483,-
0VkpsQ61v6HRWAKiqc6c7e,Pipe Types:DYKA PP Binnenriolering_Afvoerbuis 5m:3012485,-
0VkpsQ61v6HRWAKiqc6c7b,Pipe Types:DYKA PP Binnenriolering_Afvoerbuis 5m:3012488,-
0VkpsQ61v6HRWAKiqc6c7s,Pipe Types:DYKA PP Binnenriolering_Afvoerbuis 5m:3012507,-
0VkpsQ61v6HRWAKiqc6c7m,Pipe Types:DYKA PP Binnenriolering_Afvoerbuis 5m:3012509,-
3_DBBrhgb40A85JVW2tbfv,Pipe Types:DYKA PP Binnenriolering_Afvoerbuis 5m:3017403,-
3_DBBrhgb40A85JVW2tbfz,Pipe Types:DYKA PP Binnenriolering_Afvoerbuis 5m:3017407,-
3_DBBrhgb40A85JVW2tbe1,Pipe Types:DYKA PP Binnenriolering_Afvoerbuis 5m:3017411,-
3_DBBrhgb40A85JVW2tbzQ,Pipe Types:DYKA PP Binnenriolering_Afvoerbuis 5m:3018648,-
3_DBBrhgb40A85JVW2ta7A,Pipe Types:DYKA PP Binnenriolering_Afvoerbuis 5m:3019016,-
3vsq7dLu93dvdGCi6Sb0_C,Pipe Types:DYKA PP Binnenriolering_Afvoerbuis 5m:3019065,-
3vsq7dLu93dvdGCi6Sb0_A,Pipe Types:DYKA PP Binnenriolering_Afvoerbuis 5m:3019071,-
3vsq7dLu93dvdGCi6Sb0tG,Pipe Types:DYKA PP Binnenriolering_Afvoerbuis 5m:3019621,-
3vsq7dLu93dvdGCi6Sb0t9,Pipe Types:DYKA PP Binnenriolering_Afvoerbuis 5m:3019644,-
3vsq7dLu93dvdGCi6Sb0r5,Pipe Types:DYKA PP Binnenriolering_Afvoerbuis 5m:3019760,-
3vsq7dLu93dvdGCi6Sb0h2,Pipe Types:DYKA PP Binnenriolering_Afvoerbuis 5m:3019895,-
3vsq7dLu93dvdGCi6Sb0h9,Pipe Types:DYKA PP Binnenriolering_Afvoerbuis 5m:3019900,-
3vsq7dLu93dvdGCi6Sb0fG,Pipe Types:DYKA PP Binnenriolering_Afvoerbuis 5m:3020005,-
3vsq7dLu93dvdGCi6Sb0fI,Pipe Types:DYKA PP Binnenriolering_Afvoerbuis 5m:3020007,-
3vsq7dLu93dvdGCi6Sb0fV,Pipe Types:DYKA PP Binnenriolering_Afvoerbuis 5m:3020010,-
3vsq7dLu93dvdGCi6Sb0T3,Pipe Types:DYKA PP Binnenriolering_Afvoerbuis 5m:3021302,-
3vsq7dLu93dvdGCi6Sb0TD,Pipe Types:DYKA PP Binnenriolering_Afvoerbuis 5m:3021304,-
3vsq7dLu93dvdGCi6Sb0TF,Pipe Types:DYKA PP Binnenriolering_Afvoerbuis 5m:3021306,-
3vsq7dLu93dvdGCi6Sb0T9,Pipe Types:DYKA PP Binnenriolering_Afvoerbuis 5m:3021308,-
3vsq7dLu93dvdGCi6Sb0TA,Pipe Types:DYKA PP Binnenriolering_Afvoerbuis 5m:3021311,-
3vsq7dLu93dvdGCi6Sb0Id,Pipe Types:DYKA PP Binnenriolering_Afvoerbuis 5m:3021330,-
3vsq7dLu93dvdGCi6Sb0IX,Pipe Types:DYKA PP Binnenriolering_Afvoerbuis 5m:3021332,-
3vsq7dLu93dvdGCi6Sb0IF,Pipe Types:DYKA PP Binnenriolering_Afvoerbuis 5m:3021370,-
3vsq7dLu93dvdGCi6Sb0I9,Pipe Types:DYKA PP Binnenriolering_Afvoerbuis 5m:3021372,-
3vsq7dLu93dvdGCi6Sb0IB,Pipe Types:DYKA PP Binnenriolering_Afvoerbuis 5m:3021374,-
3vsq7dLu93dvdGCi6Sb0JT,Pipe Types:DYKA PP Binnenriolering_Afvoerbuis 5m:3021416,-
3vsq7dLu93dvdGCi6Sb0JR,Pipe Types:DYKA PP Binnenriolering_Afvoerbuis 5m:3021422,-
3vsq7dLu93dvdGCi6Sb0JF,Pipe Types:DYKA PP Binnenriolering_Afvoerbuis 5m:3021434,-
3vsq7dLu93dvdGCi6Sb0JB,Pipe Types:DYKA PP Binnenriolering_Afvoerbuis 5m:3021438,-
3vsq7dLu93dvdGCi6Sb0Gr,Pipe Types:DYKA PP Binnenriolering_Afvoerbuis 5m:3021440,-
3vsq7dLu93dvdGCi6Sb0Gt,Pipe Types:DYKA PP Binnenriolering_Afvoerbuis 5m:3021442,-
3vsq7dLu93dvdGCi6Sb0Gm,Pipe Types:DYKA PP Binnenriolering_Afvoerbuis 5m:3021445,-
3vsq7dLu93dvdGCi6Sb0Gj,Pipe Types:DYKA PP Binnenriolering_Afvoerbuis 5m:3021464,-
3vsq7dLu93dvdGCi6Sb0Ge,Pipe Types:DYKA PP Binnenriolering_Afvoerbuis 5m:3021469,-
3vsq7dLu93dvdGCi6Sb0GS,Pipe Types:DYKA PP Binnenriolering_Afvoerbuis 5m:3021481,-
3vsq7dLu93dvdGCi6Sb0GU,Pipe Types:DYKA PP Binnenriolering_Afvoerbuis 5m:3021483,-
3vsq7dLu93dvdGCi6Sb0GR,Pipe Types:DYKA PP Binnenriolering_Afvoerbuis 5m:3021486,-
3vsq7dLu93dvdGCi6Sb3Nw,Pipe Types:DYKA PP Binnenriolering_Afvoerbuis 5m:3025743,-
3vsq7dLu93dvdGCi6Sb3NY,Pipe Types:DYKA PP Binnenriolering_Afvoerbuis 5m:3025751,-
3vsq7dLu93dvdGCi6Sb3Ni,Pipe Types:DYKA PP Binnenriolering_Afvoerbuis 5m:3025753,-
3m4UThm5bEOuJ1uFanlwsX,Pipe Types:DYKA PP Binnenriolering_Afvoerbuis 5m:3026256,-
3m4UThm5bEOuJ1uFanlwsZ,Pipe Types:DYKA PP Binnenriolering_Afvoerbuis 5m:3026258,-
3m4UThm5bEOuJ1uFanlwsh,Pipe Types:DYKA PP Binnenriolering_Afvoerbuis 5m:3026266,-
3m4UThm5bEOuJ1uFanlwsl,Pipe Types:DYKA PP Binnenriolering_Afvoerbuis 5m:3026270,-
3m4UThm5bEOuJ1uFanlwsH,Pipe Types:DYKA PP Binnenriolering_Afvoerbuis 5m:3026272,-
3m4UThm5bEOuJ1uFanlwsJ,Pipe Types:DYKA PP Binnenriolering_Afvoerbuis 5m:3026274,-
3m4UThm5bEOuJ1uFanlwsK,Pipe Types:DYKA PP Binnenriolering_Afvoerbuis 5m:3026277,-
3m4UThm5bEOuJ1uFanlwsR,Pipe Types:DYKA PP Binnenriolering_Afvoerbuis 5m:3026282,-
3m4UThm5bEOuJ1uFanlwsT,Pipe Types:DYKA PP Binnenriolering_Afvoerbuis 5m:3026284,-
3m4UThm5bEOuJ1uFanlws3,Pipe Types:DYKA PP Binnenriolering_Afvoerbuis 5m:3026290,-
3m4UThm5bEOuJ1uFanlws7,Pipe Types:DYKA PP Binnenriolering_Afvoerbuis 5m:3026294,-
3m4UThm5bEOuJ1uFanlwsB,Pipe Types:DYKA PP Binnenriolering_Afvoerbuis 5m:3026298,-
3m4UThm5bEOuJ1uFanlwrn,Pipe Types:DYKA PP Binnenriolering_Afvoerbuis 5m:3026304,-
3m4UThm5bEOuJ1uFanlwrr,Pipe Types:DYKA PP Binnenriolering_Afvoerbuis 5m:3026308,-
3m4UThm5bEOuJ1uFanlwrt,Pipe Types:DYKA PP Binnenriolering_Afvoerbuis 5m:3026310,-
3m4UThm5bEOuJ1uFanlwrx,Pipe Types:DYKA PP Binnenriolering_Afvoerbuis 5m:3026314,-
3m4UThm5bEOuJ1uFanlwrz,Pipe Types:DYKA PP Binnenriolering_Afvoerbuis 5m:3026316,-
3m4UThm5bEOuJ1uFanlwrW,Pipe Types:DYKA PP Binnenriolering_Afvoerbuis 5m:3026321,-
3m4UThm5bEOuJ1uFanlwrb,Pipe Types:DYKA PP Binnenriolering_Afvoerbuis 5m:3026324,-
3m4UThm5bEOuJ1uFanlwrk,Pipe Types:DYKA PP Binnenriolering_Afvoerbuis 5m:3026335,-
3m4UThm5bEOuJ1uFanlwrG,Pipe Types:DYKA PP Binnenriolering_Afvoerbuis 5m:3026337,-
3m4UThm5bEOuJ1uFanlwrO,Pipe Types:DYKA PP Binnenriolering_Afvoerbuis 5m:3026345,-
3m4UThm5bEOuJ1uFanlwrQ,Pipe Types:DYKA PP Binnenriolering_Afvoerbuis 5m:3026347,-
3m4UThm5bEOuJ1uFanlwrS,Pipe Types:DYKA PP Binnenriolering_Afvoerbuis 5m:3026349,-
3m4UThm5bEOuJ1uFanlwrU,Pipe Types:DYKA PP Binnenriolering_Afvoerbuis 5m:3026351,-
3m4UThm5bEOuJ1uFanlwr3,Pipe Types:DYKA PP Binnenriolering_Afvoerbuis 5m:3026354,-
3m4UThm5bEOuJ1uFanlwr6,Pipe Types:DYKA PP Binnenriolering_Afvoerbuis 5m:3026359,-
3m4UThm5bEOuJ1uFanlwr8,Pipe Types:DYKA PP Binnenriolering_Afvoerbuis 5m:3026361,-
3m4UThm5bEOuJ1uFanlwrE,Pipe Types:DYKA PP Binnenriolering_Afvoerbuis 5m:3026367,-
3m4UThm5bEOuJ1uFanlwqo,Pipe Types:DYKA PP Binnenriolering_Afvoerbuis 5m:3026371,-
3m4UThm5bEOuJ1uFanlwqs,Pipe Types:DYKA PP Binnenriolering_Afvoerbuis 5m:3026375,-
3m4UThm5bEOuJ1uFanlwqy,Pipe Types:DYKA PP Binnenriolering_Afvoerbuis 5m:3026381,-
3m4UThm5bEOuJ1uFanlwqW,Pipe Types:DYKA PP Binnenriolering_Afvoerbuis 5m:3026385,-
3m4UThm5bEOuJ1uFanlwqY,Pipe Types:DYKA PP Binnenriolering_Afvoerbuis 5m:3026387,-
3m4UThm5bEOuJ1uFanlwqc,Pipe Types:DYKA PP Binnenriolering_Afvoerbuis 5m:3026391,-
3m4UThm5bEOuJ1uFanlwqj,Pipe Types:DYKA PP Binnenriolering_Afvoerbuis 5m:3026396,-
3m4UThm5bEOuJ1uFanlwqk,Pipe Types:DYKA PP Binnenriolering_Afvoerbuis 5m:3026399,-
3m4UThm5bEOuJ1uFanlwqT,Pipe Types:DYKA PP Binnenriolering_Afvoerbuis 5m:3026412,-
3m4UThm5bEOuJ1uFanlwq7,Pipe Types:DYKA PP Binnenriolering_Afvoerbuis 5m:3026422,-
3m4UThm5bEOuJ1uFanlwq9,Pipe Types:DYKA PP Binnenriolering_Afvoerbuis 5m:3026424,-
3m4UThm5bEOuJ1uFanlwxu,Pipe Types:DYKA PP Binnenriolering_Afvoerbuis 5m:3026441,-
3m4UThm5bEOuJ1uFanlwxJ,Pipe Types:DYKA PP Binnenriolering_Afvoerbuis 5m:3026466,-
3m4UThm5bEOuJ1uFanlwxL,Pipe Types:DYKA PP Binnenriolering_Afvoerbuis 5m:3026468,-
3m4UThm5bEOuJ1uFanlwx4,Pipe Types:DYKA PP Binnenriolering_Afvoerbuis 5m:3026485,-
3m4UThm5bEOuJ1uFanlwwA,Pipe Types:DYKA PP Binnenriolering_Afvoerbuis 5m:3026555,-
3m4UThm5bEOuJ1uFanlwwC,Pipe Types:DYKA PP Binnenriolering_Afvoerbuis 5m:3026557,-
3m4UThm5bEOuJ1uFanlwvq,Pipe Types:DYKA PP Binnenriolering_Afvoerbuis 5m:3026565,-
3m4UThm5bEOuJ1uFanlwvu,Pipe Types:DYKA PP Binnenriolering_Afvoerbuis 5m:3026569,-
3m4UThm5bEOuJ1uFanlwvw,Pipe Types:DYKA PP Binnenriolering_Afvoerbuis 5m:3026571,-
3m4UThm5bEOuJ1uFanlwvy,Pipe Types:DYKA PP Binnenriolering_Afvoerbuis 5m:3026573,-
3m4UThm5bEOuJ1uFanlwvX,Pipe Types:DYKA PP Binnenriolering_Afvoerbuis 5m:3026576,-
3m4UThm5bEOuJ1uFanlwva,Pipe Types:DYKA PP Binnenriolering_Afvoerbuis 5m:3026581,-
3m4UThm5bEOuJ1uFanlwvc,Pipe Types:DYKA PP Binnenriolering_Afvoerbuis 5m:3026583,-
3m4UThm5bEOuJ1uFanlwvi,Pipe Types:DYKA PP Binnenriolering_Afvoerbuis 5m:3026589,-
3m4UThm5bEOuJ1uFanlwvG,Pipe Types:DYKA PP Binnenriolering_Afvoerbuis 5m:3026593,-
3m4UThm5bEOuJ1uFanlwvK,Pipe Types:DYKA PP Binnenriolering_Afvoerbuis 5m:3026597,-
3m4UThm5bEOuJ1uFanlwvQ,Pipe Types:DYKA PP Binnenriolering_Afvoerbuis 5m:3026603,-
3m4UThm5bEOuJ1uFanlwvU,Pipe Types:DYKA PP Binnenriolering_Afvoerbuis 5m:3026607,-
3m4UThm5bEOuJ1uFanlwv0,Pipe Types:DYKA PP Binnenriolering_Afvoerbuis 5m:3026609,-
3m4UThm5bEOuJ1uFanlwv4,Pipe Types:DYKA PP Binnenriolering_Afvoerbuis 5m:3026613,-
3m4UThm5bEOuJ1uFanlwv6,Pipe Types:DYKA PP Binnenriolering_Afvoerbuis 5m:3026615,-
3m4UThm5bEOuJ1uFanlwvD,Pipe Types:DYKA PP Binnenriolering_Afvoerbuis 5m:3026620,-
3m4UThm5bEOuJ1uFanlwvE,Pipe Types:DYKA PP Binnenriolering_Afvoerbuis 5m:3026623,-
3m4UThm5bEOuJ1uFanlwux,Pipe Types:DYKA PP Binnenriolering_Afvoerbuis 5m:3026634,-
3m4UThm5bEOuJ1uFanlwuz,Pipe Types:DYKA PP Binnenriolering_Afvoerbuis 5m:3026636,-
3m4UThm5bEOuJ1uFanlwub,Pipe Types:DYKA PP Binnenriolering_Afvoerbuis 5m:3026644,-
3m4UThm5bEOuJ1uFanlwud,Pipe Types:DYKA PP Binnenriolering_Afvoerbuis 5m:3026646,-
3m4UThm5bEOuJ1uFanlwuf,Pipe Types:DYKA PP Binnenriolering_Afvoerbuis 5m:3026648,-
3m4UThm5bEOuJ1uFanlwuh,Pipe Types:DYKA PP Binnenriolering_Afvoerbuis 5m:3026650,-
3m4UThm5bEOuJ1uFanlwui,Pipe Types:DYKA PP Binnenriolering_Afvoerbuis 5m:3026653,-
3m4UThm5bEOuJ1uFanlwuJ,Pipe Types:DYKA PP Binnenriolering_Afvoerbuis 5m:3026658,-
3m4UThm5bEOuJ1uFanlwuL,Pipe Types:DYKA PP Binnenriolering_Afvoerbuis 5m:3026660,-
3m4UThm5bEOuJ1uFanlwuR,Pipe Types:DYKA PP Binnenriolering_Afvoerbuis 5m:3026666,-
3m4UThm5bEOuJ1uFanlwuV,Pipe Types:DYKA PP Binnenriolering_Afvoerbuis 5m:3026670,-
3m4UThm5bEOuJ1uFanlwu3,Pipe Types:DYKA PP Binnenriolering_Afvoerbuis 5m:3026674,-
3m4UThm5bEOuJ1uFanlwu9,Pipe Types:DYKA PP Binnenriolering_Afvoerbuis 5m:3026680,-
3m4UThm5bEOuJ1uFanlwuD,Pipe Types:DYKA PP Binnenriolering_Afvoerbuis 5m:3026684,-
3m4UThm5bEOuJ1uFanlwuF,Pipe Types:DYKA PP Binnenriolering_Afvoerbuis 5m:3026686,-
3m4UThm5bEOuJ1uFanlw$p,Pipe Types:DYKA PP Binnenriolering_Afvoerbuis 5m:3026690,-
3m4UThm5bEOuJ1uFanlw$s,Pipe Types:DYKA PP Binnenriolering_Afvoerbuis 5m:3026695,-
3m4UThm5bEOuJ1uFanlw$x,Pipe Types:DYKA PP Binnenriolering_Afvoerbuis 5m:3026698,-
3m4UThm5bEOuJ1uFanlw$c,Pipe Types:DYKA PP Binnenriolering_Afvoerbuis 5m:3026711,-
3m4UThm5bEOuJ1uFanlw$G,Pipe Types:DYKA PP Binnenriolering_Afvoerbuis 5m:3026721,-
3m4UThm5bEOuJ1uFanlw$I,Pipe Types:DYKA PP Binnenriolering_Afvoerbuis 5m:3026723,-
3m4UThm5bEOuJ1uFanlw$5,Pipe Types:DYKA PP Binnenriolering_Afvoerbuis 5m:3026740,-
3m4UThm5bEOuJ1uFanlw_y,Pipe Types:DYKA PP Binnenriolering_Afvoerbuis 5m:3026765,-
3m4UThm5bEOuJ1uFanlw__,Pipe Types:DYKA PP Binnenriolering_Afvoerbuis 5m:3026767,-
3m4UThm5bEOuJ1uFanlw_H,Pipe Types:DYKA PP Binnenriolering_Afvoerbuis 5m:3026784,-
3m4UThm5bEOuJ1uFanlwzN,Pipe Types:DYKA PP Binnenriolering_Afvoerbuis 5m:3026854,-
3m4UThm5bEOuJ1uFanlwzP,Pipe Types:DYKA PP Binnenriolering_Afvoerbuis 5m:3026856,-
3m4UThm5bEOuJ1uFanlwz1,Pipe Types:DYKA PP Binnenriolering_Afvoerbuis 5m:3026864,-
3m4UThm5bEOuJ1uFanlwz5,Pipe Types:DYKA PP Binnenriolering_Afvoerbuis 5m:3026868,-
3m4UThm5bEOuJ1uFanlwz7,Pipe Types:DYKA PP Binnenriolering_Afvoerbuis 5m:3026870,-
3m4UThm5bEOuJ1uFanlwz9,Pipe Types:DYKA PP Binnenriolering_Afvoerbuis 5m:3026872,-
3m4UThm5bEOuJ1uFanlwzA,Pipe Types:DYKA PP Binnenriolering_Afvoerbuis 5m:3026875,-
3m4UThm5bEOuJ1uFanlwyn,Pipe Types:DYKA PP Binnenriolering_Afvoerbuis 5m:3026880,-
3m4UThm5bEOuJ1uFanlwyp,Pipe Types:DYKA PP Binnenriolering_Afvoerbuis 5m:3026882,-
3m4UThm5bEOuJ1uFanlwyv,Pipe Types:DYKA PP Binnenriolering_Afvoerbuis 5m:3026888,-
3m4UThm5bEOuJ1uFanlwyz,Pipe Types:DYKA PP Binnenriolering_Afvoerbuis 5m:3026892,-
3m4UThm5bEOuJ1uFanlwyX,Pipe Types:DYKA PP Binnenriolering_Afvoerbuis 5m:3026896,-
3m4UThm5bEOuJ1uFanlwyd,Pipe Types:DYKA PP Binnenriolering_Afvoerbuis 5m:3026902,-
3m4UThm5bEOuJ1uFanlwyh,Pipe Types:DYKA PP Binnenriolering_Afvoerbuis 5m:3026906,-
3m4UThm5bEOuJ1uFanlwyj,Pipe Types:DYKA PP Binnenriolering_Afvoerbuis 5m:3026908,-
3m4UThm5bEOuJ1uFanlwyH,Pipe Types:DYKA PP Binnenriolering_Afvoerbuis 5m:3026912,-
3m4UThm5bEOuJ1uFanlwyJ,Pipe Types:DYKA PP Binnenriolering_Afvoerbuis 5m:3026914,-
3m4UThm5bEOuJ1uFanlwyM,Pipe Types:DYKA PP Binnenriolering_Afvoerbuis 5m:3026919,-
3m4UThm5bEOuJ1uFanlwyR,Pipe Types:DYKA PP Binnenriolering_Afvoerbuis 5m:3026922,-
3m4UThm5bEOuJ1uFanlwy4,Pipe Types:DYKA PP Binnenriolering_Afvoerbuis 5m:3026933,-
3m4UThm5bEOuJ1uFanlwy6,Pipe Types:DYKA PP Binnenriolering_Afvoerbuis 5m:3026935,-
3m4UThm5bEOuJ1uFanlwyE,Pipe Types:DYKA PP Binnenriolering_Afvoerbuis 5m:3026943,-
3m4UThm5bEOuJ1uFanlx3m,Pipe Types:DYKA PP Binnenriolering_Afvoerbuis 5m:3026945,-
3m4UThm5bEOuJ1uFanlx3o,Pipe Types:DYKA PP Binnenriolering_Afvoerbuis 5m:3026947,-
3m4UThm5bEOuJ1uFanlx3q,Pipe Types:DYKA PP Binnenriolering_Afvoerbuis 5m:3026949,-
3m4UThm5bEOuJ1uFanlx3v,Pipe Types:DYKA PP Binnenriolering_Afvoerbuis 5m:3026952,-
3m4UThm5bEOuJ1uFanlx3y,Pipe Types:DYKA PP Binnenriolering_Afvoerbuis 5m:3026957,-
3m4UThm5bEOuJ1uFanlx3_,Pipe Types:DYKA PP Binnenriolering_Afvoerbuis 5m:3026959,-
3m4UThm5bEOuJ1uFanlx3a,Pipe Types:DYKA PP Binnenriolering_Afvoerbuis 5m:3026965,-
3m4UThm5bEOuJ1uFanlx3e,Pipe Types:DYKA PP Binnenriolering_Afvoerbuis 5m:3026969,-
3m4UThm5bEOuJ1uFanlx3i,Pipe Types:DYKA PP Binnenriolering_Afvoerbuis 5m:3026973,-
3m4UThm5bEOuJ1uFanlx3I,Pipe Types:DYKA PP Binnenriolering_Afvoerbuis 5m:3026979,-
3m4UThm5bEOuJ1uFanlx3M,Pipe Types:DYKA PP Binnenriolering_Afvoerbuis 5m:3026983,-
3m4UThm5bEOuJ1uFanlx3O,Pipe Types:DYKA PP Binnenriolering_Afvoerbuis 5m:3026985,-
3m4UThm5bEOuJ1uFanlx3S,Pipe Types:DYKA PP Binnenriolering_Afvoerbuis 5m:3026989,-
3m4UThm5bEOuJ1uFanlx33,Pipe Types:DYKA PP Binnenriolering_Afvoerbuis 5m:3026994,-
3m4UThm5bEOuJ1uFanlx34,Pipe Types:DYKA PP Binnenriolering_Afvoerbuis 5m:3026997,-
3m4UThm5bEOuJ1uFanlx2p,Pipe Types:DYKA PP Binnenriolering_Afvoerbuis 5m:3027010,-
3m4UThm5bEOuJ1uFanlx2z,Pipe Types:DYKA PP Binnenriolering_Afvoerbuis 5m:3027020,-
3m4UThm5bEOuJ1uFanlx2$,Pipe Types:DYKA PP Binnenriolering_Afvoerbuis 5m:3027022,-
3m4UThm5bEOuJ1uFanlx2k,Pipe Types:DYKA PP Binnenriolering_Afvoerbuis 5m:3027039,-
3m4UThm5bEOuJ1uFanlx29,Pipe Types:DYKA PP Binnenriolering_Afvoerbuis 5m:3027064,-
3m4UThm5bEOuJ1uFanlx2B,Pipe Types:DYKA PP Binnenriolering_Afvoerbuis 5m:3027066,-
3m4UThm5bEOuJ1uFanlx1w,Pipe Types:DYKA PP Binnenriolering_Afvoerbuis 5m:3027083,-
1CnWacYhXBgArxAkAnmcli,Pipe Types:DYKA PP Binnenriolering_Afvoerbuis 5m:3027263,-
1CnWacYhXBgArxAkAnmckI,Pipe Types:DYKA PP Binnenriolering_Afvoerbuis 5m:3027265,-
1CnWacYhXBgArxAkAnmckQ,Pipe Types:DYKA PP Binnenriolering_Afvoerbuis 5m:3027273,-
1CnWacYhXBgArxAkAnmckU,Pipe Types:DYKA PP Binnenriolering_Afvoerbuis 5m:3027277,-
1CnWacYhXBgArxAkAnmckS,Pipe Types:DYKA PP Binnenriolering_Afvoerbuis 5m:3027279,-
1CnWacYhXBgArxAkAnmck2,Pipe Types:DYKA PP Binnenriolering_Afvoerbuis 5m:3027281,-
1CnWacYhXBgArxAkAnmck7,Pipe Types:DYKA PP Binnenriolering_Afvoerbuis 5m:3027284,-
1CnWacYhXBgArxAkAnmckA,Pipe Types:DYKA PP Binnenriolering_Afvoerbuis 5m:3027289,-
1CnWacYhXBgArxAkAnmck8,Pipe Types:DYKA PP Binnenriolering_Afvoerbuis 5m:3027291,-
1CnWacYhXBgArxAkAnmcko,Pipe Types:DYKA PP Binnenriolering_Afvoerbuis 5m:3027297,-
1CnWacYhXBgArxAkAnmcks,Pipe Types:DYKA PP Binnenriolering_Afvoerbuis 5m:3027301,-
1CnWacYhXBgArxAkAnmckw,Pipe Types:DYKA PP Binnenriolering_Afvoerbuis 5m:3027305,-
1CnWacYhXBgArxAkAnmcky,Pipe Types:DYKA PP Binnenriolering_Afvoerbuis 5m:3027311,-
1CnWacYhXBgArxAkAnmckW,Pipe Types:DYKA PP Binnenriolering_Afvoerbuis 5m:3027315,-
1CnWacYhXBgArxAkAnmckc,Pipe Types:DYKA PP Binnenriolering_Afvoerbuis 5m:3027317,-
1CnWacYhXBgArxAkAnmckg,Pipe Types:DYKA PP Binnenriolering_Afvoerbuis 5m:3027321,-
1CnWacYhXBgArxAkAnmcke,Pipe Types:DYKA PP Binnenriolering_Afvoerbuis 5m:3027323,-
1CnWacYhXBgArxAkAnmcjJ,Pipe Types:DYKA PP Binnenriolering_Afvoerbuis 5m:3027328,-
1CnWacYhXBgArxAkAnmcjG,Pipe Types:DYKA PP Binnenriolering_Afvoerbuis 5m:3027331,-
1CnWacYhXBgArxAkAnmcjT,Pipe Types:DYKA PP Binnenriolering_Afvoerbuis 5m:3027342,-
1CnWacYhXBgArxAkAnmcj3,Pipe Types:DYKA PP Binnenriolering_Afvoerbuis 5m:3027344,-
1CnWacYhXBgArxAkAnmcjB,Pipe Types:DYKA PP Binnenriolering_Afvoerbuis 5m:3027352,-
1CnWacYhXBgArxAkAnmcj9,Pipe Types:DYKA PP Binnenriolering_Afvoerbuis 5m:3027354,-
1CnWacYhXBgArxAkAnmcjF,Pipe Types:DYKA PP Binnenriolering_Afvoerbuis 5m:3027356,-
1CnWacYhXBgArxAkAnmcjD,Pipe Types:DYKA PP Binnenriolering_Afvoerbuis 5m:3027358,-
1CnWacYhXBgArxAkAnmcjo,Pipe Types:DYKA PP Binnenriolering_Afvoerbuis 5m:3027361,-
1CnWacYhXBgArxAkAnmcjr,Pipe Types:DYKA PP Binnenriolering_Afvoerbuis 5m:3027366,-
1CnWacYhXBgArxAkAnmcjx,Pipe Types:DYKA PP Binnenriolering_Afvoerbuis 5m:3027368,-
1CnWacYhXBgArxAkAnmcjz,Pipe Types:DYKA PP Binnenriolering_Afvoerbuis 5m:3027374,-
1CnWacYhXBgArxAkAnmcjX,Pipe Types:DYKA PP Binnenriolering_Afvoerbuis 5m:3027378,-
1CnWacYhXBgArxAkAnmcjb,Pipe Types:DYKA PP Binnenriolering_Afvoerbuis 5m:3027382,-
1CnWacYhXBgArxAkAnmcjl,Pipe Types:DYKA PP Binnenriolering_Afvoerbuis 5m:3027388,-
1CnWacYhXBgArxAkAnmciJ,Pipe Types:DYKA PP Binnenriolering_Afvoerbuis 5m:3027392,-
1CnWacYhXBgArxAkAnmciH,Pipe Types:DYKA PP Binnenriolering_Afvoerbuis 5m:3027394,-
1CnWacYhXBgArxAkAnmciL,Pipe Types:DYKA PP Binnenriolering_Afvoerbuis 5m:3027398,-
1CnWacYhXBgArxAkAnmciO,Pipe Types:DYKA PP Binnenriolering_Afvoerbuis 5m:3027403,-
1CnWacYhXBgArxAkAnmciT,Pipe Types:DYKA PP Binnenriolering_Afvoerbuis 5m:3027406,-
1CnWacYhXBgArxAkAnmci8,Pipe Types:DYKA PP Binnenriolering_Afvoerbuis 5m:3027419,-
1CnWacYhXBgArxAkAnmcis,Pipe Types:DYKA PP Binnenriolering_Afvoerbuis 5m:3027429,-
1CnWacYhXBgArxAkAnmciq,Pipe Types:DYKA PP Binnenriolering_Afvoerbuis 5m:3027431,-
1CnWacYhXBgArxAkAnmcih,Pipe Types:DYKA PP Binnenriolering_Afvoerbuis 5m:3027448,-
1CnWacYhXBgArxAkAnmcZ2,Pipe Types:DYKA PP Binnenriolering_Afvoerbuis 5m:3027473,-
1CnWacYhXBgArxAkAnmcZ0,Pipe Types:DYKA PP Binnenriolering_Afvoerbuis 5m:3027475,-
1CnWacYhXBgArxAkAnmcZt,Pipe Types:DYKA PP Binnenriolering_Afvoerbuis 5m:3027492,-
1CnWacYhXBgArxAkAnmcP4,Pipe Types:DYKA PP Binnenriolering_Afvoerbuis 5m:3030167,-
3tcxxA0$n16PcOzvpdUNl6,Pipe Types:DYKA PP Binnenriolering_Afvoerbuis 5m:3033555,-
3tcxxA0$n16PcOzvpdUNl0,Pipe Types:DYKA PP Binnenriolering_Afvoerbuis 5m:3033557,-
3tcxxA0$n16PcOzvpdUNlw,Pipe Types:DYKA PP Binnenriolering_Afvoerbuis 5m:3033583,-
3tcxxA0$n16PcOzvpdUNla,Pipe Types:DYKA PP Binnenriolering_Afvoerbuis 5m:3033585,-
3tcxxA0$n16PcOzvpdUNW2,Pipe Types:DYKA PP Binnenriolering_Afvoerbuis 5m:3033623,-
3tcxxA0$n16PcOzvpdUNWC,Pipe Types:DYKA PP Binnenriolering_Afvoerbuis 5m:3033625,-
3tcxxA0$n16PcOzvpdUNWq,Pipe Types:DYKA PP Binnenriolering_Afvoerbuis 5m:3033633,-
3tcxxA0$n16PcOzvpdUNXU,Pipe Types:DYKA PP Binnenriolering_Afvoerbuis 5m:3033675,-
3tcxxA0$n16PcOzvpdUNXA,Pipe Types:DYKA PP Binnenriolering_Afvoerbuis 5m:3033695,-
3tcxxA0$n16PcOzvpdUNXW,Pipe Types:DYKA PP Binnenriolering_Afvoerbuis 5m:3033717,-
3tcxxA0$n16PcOzvpdUNXY,Pipe Types:DYKA PP Binnenriolering_Afvoerbuis 5m:3033719,-
3tcxxA0$n16PcOzvpdUNXl,Pipe Types:DYKA PP Binnenriolering_Afvoerbuis 5m:3033722,-
3tcxxA0$n16PcOzvpdUNYJ,Pipe Types:DYKA PP Binnenriolering_Afvoerbuis 5m:3033734,-
3tcxxA0$n16PcOzvpdUNYT,Pipe Types:DYKA PP Binnenriolering_Afvoerbuis 5m:3033736,-
3tcxxA0$n16PcOzvpdUNYU,Pipe Types:DYKA PP Binnenriolering_Afvoerbuis 5m:3033739,-
3tcxxA0$n16PcOzvpdUNoA,Pipe Types:DYKA PP Binnenriolering_Afvoerbuis 5m:3034783,-
3tcxxA0$n16PcOzvpdUNri,Pipe Types:DYKA PP Binnenriolering_Afvoerbuis 5m:3035001,-
3tcxxA0$n16PcOzvpdUM4Z,Pipe Types:DYKA PP Binnenriolering_Afvoerbuis 5m:3035958,-
3tcxxA0$n16PcOzvpdUM50,Pipe Types:DYKA PP Binnenriolering_Afvoerbuis 5m:3035989,-
3tcxxA0$n16PcOzvpdUM7a,Pipe Types:DYKA PP Binnenriolering_Afvoerbuis 5m:3036145,-
3tcxxA0$n16PcOzvpdUM7i,Pipe Types:DYKA PP Binnenriolering_Afvoerbuis 5m:3036153,-
3tcxxA0$n16PcOzvpdUMVF,Pipe Types:DYKA PP Binnenriolering_Afvoerbuis 5m:3036634,-
3tcxxA0$n16PcOzvpdUMI6,Pipe Types:DYKA PP Binnenriolering_Afvoerbuis 5m:3036819,-
3tcxxA0$n16PcOzvpdUMI2,Pipe Types:DYKA PP Binnenriolering_Afvoerbuis 5m:3036823,-
3tcxxA0$n16PcOzvpdUMIs,Pipe Types:DYKA PP Binnenriolering_Afvoerbuis 5m:3036835,-
3tcxxA0$n16PcOzvpdUMJo,Pipe Types:DYKA PP Binnenriolering_Afvoerbuis 5m:3036903,-
0e27GKX4fEUOi_YGLe2dih,Pipe Types:DYKA PP Binnenriolering_Afvoerbuis 5m:3038431,-
0e27GKX4fEUOi_YGLe2diF,Pipe Types:DYKA PP Binnenriolering_Afvoerbuis 5m:3038459,-
0e27GKX4fEUOi_YGLe2di9,Pipe Types:DYKA PP Binnenriolering_Afvoerbuis 5m:3038461,-
0e27GKX4fEUOi_YGLe2diB,Pipe Types:DYKA PP Binnenriolering_Afvoerbuis 5m:3038463,-
0e27GKX4fEUOi_YGLe2dht,Pipe Types:DYKA PP Binnenriolering_Afvoerbuis 5m:3038467,-
0e27GKX4fEUOi_YGLe2dhn,Pipe Types:DYKA PP Binnenriolering_Afvoerbuis 5m:3038469,-
0e27GKX4fEUOi_YGLe2dhX,Pipe Types:DYKA PP Binnenriolering_Afvoerbuis 5m:3038485,-
0e27GKX4fEUOi_YGLe2dhZ,Pipe Types:DYKA PP Binnenriolering_Afvoerbuis 5m:3038487,-
0e27GKX4fEUOi_YGLe2dhl,Pipe Types:DYKA PP Binnenriolering_Afvoerbuis 5m:3038491,-
0e27GKX4fEUOi_YGLe2dhL,Pipe Types:DYKA PP Binnenriolering_Afvoerbuis 5m:3038497,-
0e27GKX4fEUOi_YGLe2dhJ,Pipe Types:DYKA PP Binnenriolering_Afvoerbuis 5m:3038503,-
0e27GKX4fEUOi_YGLe2dhT,Pipe Types:DYKA PP Binnenriolering_Afvoerbuis 5m:3038505,-
0e27GKX4fEUOi_YGLe2dhV,Pipe Types:DYKA PP Binnenriolering_Afvoerbuis 5m:3038507,-
0e27GKX4fEUOi_YGLe2dhQ,Pipe Types:DYKA PP Binnenriolering_Afvoerbuis 5m:3038510,-
0e27GKX4fEUOi_YGLe2dh6,Pipe Types:DYKA PP Binnenriolering_Afvoerbuis 5m:3038514,-
0e27GKX4fEUOi_YGLe2dh0,Pipe Types:DYKA PP Binnenriolering_Afvoerbuis 5m:3038516,-
0e27GKX4fEUOi_YGLe2dh3,Pipe Types:DYKA PP Binnenriolering_Afvoerbuis 5m:3038519,-
0e27GKX4fEUOi_YGLe2dg$,Pipe Types:DYKA PP Binnenriolering_Afvoerbuis 5m:3038539,-
0e27GKX4fEUOi_YGLe2dgw,Pipe Types:DYKA PP Binnenriolering_Afvoerbuis 5m:3038542,-
0e27GKX4fEUOi_YGLe2dgk,Pipe Types:DYKA PP Binnenriolering_Afvoerbuis 5m:3038554,-
0e27GKX4fEUOi_YGLe2dgF,Pipe Types:DYKA PP Binnenriolering_Afvoerbuis 5m:3038587,-
0e27GKX4fEUOi_YGLe2dg9,Pipe Types:DYKA PP Binnenriolering_Afvoerbuis 5m:3038589,-
0e27GKX4fEUOi_YGLe2dgB,Pipe Types:DYKA PP Binnenriolering_Afvoerbuis 5m:3038591,-
0e27GKX4fEUOi_YGLe2dfr,Pipe Types:DYKA PP Binnenriolering_Afvoerbuis 5m:3038593,-
0e27GKX4fEUOi_YGLe2df_,Pipe Types:DYKA PP Binnenriolering_Afvoerbuis 5m:3038602,-
0e27GKX4fEUOi_YGLe2dfX,Pipe Types:DYKA PP Binnenriolering_Afvoerbuis 5m:3038613,-
0e27GKX4fEUOi_YGLe2dfj,Pipe Types:DYKA PP Binnenriolering_Afvoerbuis 5m:3038617,-
0e27GKX4fEUOi_YGLe2dfh,Pipe Types:DYKA PP Binnenriolering_Afvoerbuis 5m:3038623,-
0e27GKX4fEUOi_YGLe2dfM,Pipe Types:DYKA PP Binnenriolering_Afvoerbuis 5m:3038626,-
08n1U5oc5CM9q_tZcT5Puw,Pipe Types:DYKA PP Binnenriolering_Afvoerbuis 5m:3040939,-
3sOSG5G4n9dfUZlj2q6PrD,Pipe Types:DYKA PP Binnenriolering_Afvoerbuis 5m:3043485,-
3sOSG5G4n9dfUZlj2q6PrF,Pipe Types:DYKA PP Binnenriolering_Afvoerbuis 5m:3043487,-
3sOSG5G4n9dfUZlj2q6Prn,Pipe Types:DYKA PP Binnenriolering_Afvoerbuis 5m:3043489,-
3sOSG5G4n9dfUZlj2q6Prp,Pipe Types:DYKA PP Binnenriolering_Afvoerbuis 5m:3043491,-
3sOSG5G4n9dfUZlj2q6Prs,Pipe Types:DYKA PP Binnenriolering_Afvoerbuis 5m:3043494,-
3sOSG5G4n9dfUZlj2q6Prf,Pipe Types:DYKA PP Binnenriolering_Afvoerbuis 5m:3043513,-
3sOSG5G4n9dfUZlj2q6Prh,Pipe Types:DYKA PP Binnenriolering_Afvoerbuis 5m:3043515,-
3sOSG5G4n9dfUZlj2q6Pqn,Pipe Types:DYKA PP Binnenriolering_Afvoerbuis 5m:3043553,-
3sOSG5G4n9dfUZlj2q6Pqp,Pipe Types:DYKA PP Binnenriolering_Afvoerbuis 5m:3043555,-
3sOSG5G4n9dfUZlj2q6Pqr,Pipe Types:DYKA PP Binnenriolering_Afvoerbuis 5m:3043557,-
3sOSG5G4n9dfUZlj2q6Pqx,Pipe Types:DYKA PP Binnenriolering_Afvoerbuis 5m:3043563,-
3sOSG5G4n9dfUZlj2q6PpT,Pipe Types:DYKA PP Binnenriolering_Afvoerbuis 5m:3043597,-
3sOSG5G4n9dfUZlj2q6Pp3,Pipe Types:DYKA PP Binnenriolering_Afvoerbuis 5m:3043603,-
3sOSG5G4n9dfUZlj2q6PpB,Pipe Types:DYKA PP Binnenriolering_Afvoerbuis 5m:3043611,-
3sOSG5G4n9dfUZlj2q6PpD,Pipe Types:DYKA PP Binnenriolering_Afvoerbuis 5m:3043613,-
3sOSG5G4n9dfUZlj2q6Ppo,Pipe Types:DYKA PP Binnenriolering_Afvoerbuis 5m:3043618,-
3sOSG5G4n9dfUZlj2q6Ppt,Pipe Types:DYKA PP Binnenriolering_Afvoerbuis 5m:3043623,-
3sOSG5G4n9dfUZlj2q6Pp_,Pipe Types:DYKA PP Binnenriolering_Afvoerbuis 5m:3043630,-
3sOSG5G4n9dfUZlj2q6PpW,Pipe Types:DYKA PP Binnenriolering_Afvoerbuis 5m:3043632,-
3sOSG5G4n9dfUZlj2q6PpZ,Pipe Types:DYKA PP Binnenriolering_Afvoerbuis 5m:3043635,-
3sOSG5G4n9dfUZlj2q6Ppj,Pipe Types:DYKA PP Binnenriolering_Afvoerbuis 5m:3043645,-
3sOSG5G4n9dfUZlj2q6Ppl,Pipe Types:DYKA PP Binnenriolering_Afvoerbuis 5m:3043647,-
3sOSG5G4n9dfUZlj2q6PoJ,Pipe Types:DYKA PP Binnenriolering_Afvoerbuis 5m:3043651,-
3sOSG5G4n9dfUZlj2q6PoP,Pipe Types:DYKA PP Binnenriolering_Afvoerbuis 5m:3043657,-
3sOSG5G4n9dfUZlj2q6Po6,Pipe Types:DYKA PP Binnenriolering_Afvoerbuis 5m:3043670,-
3sOSG5G4n9dfUZlj2q6PwK,Pipe Types:DYKA PP Binnenriolering_Afvoerbuis 5m:3044164,-
38$xDr2695aQLTjugc1y4h,Pipe Types:DYKA PP Binnenriolering_Afvoerbuis 5m:3045029,-
38$xDr2695aQLTjugc1y4f,Pipe Types:DYKA PP Binnenriolering_Afvoerbuis 5m:3045031,-
38$xDr2695aQLTjugc1y4d,Pipe Types:DYKA PP Binnenriolering_Afvoerbuis 5m:3045033,-
38$xDr2695aQLTjugc1y4b,Pipe Types:DYKA PP Binnenriolering_Afvoerbuis 5m:3045035,-
38$xDr2695aQLTjugc1y4W,Pipe Types:DYKA PP Binnenriolering_Afvoerbuis 5m:3045038,-
38$xDr2695aQLTjugc1y5F,Pipe Types:DYKA PP Binnenriolering_Afvoerbuis 5m:3045057,-
38$xDr2695aQLTjugc1y5D,Pipe Types:DYKA PP Binnenriolering_Afvoerbuis 5m:3045059,-
38$xDr2695aQLTjugc1y5f,Pipe Types:DYKA PP Binnenriolering_Afvoerbuis 5m:3045095,-
38$xDr2695aQLTjugc1y5d,Pipe Types:DYKA PP Binnenriolering_Afvoerbuis 5m:3045097,-
38$xDr2695aQLTjugc1y5b,Pipe Types:DYKA PP Binnenriolering_Afvoerbuis 5m:3045099,-
38$xDr2695aQLTjugc1y5X,Pipe Types:DYKA PP Binnenriolering_Afvoerbuis 5m:3045103,-
38$xDr2695aQLTjugc1y23,Pipe Types:DYKA PP Binnenriolering_Afvoerbuis 5m:3045133,-
38$xDr2695aQLTjugc1y2T,Pipe Types:DYKA PP Binnenriolering_Afvoerbuis 5m:3045139,-
38$xDr2695aQLTjugc1y2L,Pipe Types:DYKA PP Binnenriolering_Afvoerbuis 5m:3045147,-
38$xDr2695aQLTjugc1y2J,Pipe Types:DYKA PP Binnenriolering_Afvoerbuis 5m:3045149,-
38$xDr2695aQLTjugc1y2i,Pipe Types:DYKA PP Binnenriolering_Afvoerbuis 5m:3045154,-
38$xDr2695aQLTjugc1y2f,Pipe Types:DYKA PP Binnenriolering_Afvoerbuis 5m:3045159,-
38$xDr2695aQLTjugc1y2W,Pipe Types:DYKA PP Binnenriolering_Afvoerbuis 5m:3045166,-
38$xDr2695aQLTjugc1y2_,Pipe Types:DYKA PP Binnenriolering_Afvoerbuis 5m:3045168,-
38$xDr2695aQLTjugc1y2z,Pipe Types:DYKA PP Binnenriolering_Afvoerbuis 5m:3045171,-
38$xDr2695aQLTjugc1y2r,Pipe Types:DYKA PP Binnenriolering_Afvoerbuis 5m:3045179,-
38$xDr2695aQLTjugc1y2p,Pipe Types:DYKA PP Binnenriolering_Afvoerbuis 5m:3045181,-
38$xDr2695aQLTjugc1y3F,Pipe Types:DYKA PP Binnenriolering_Afvoerbuis 5m:3045185,-
38$xDr2695aQLTjugc1y39,Pipe Types:DYKA PP Binnenriolering_Afvoerbuis 5m:3045191,-
38$xDr2695aQLTjugc1y3Q,Pipe Types:DYKA PP Binnenriolering_Afvoerbuis 5m:3045204,-
38$xDr2695aQLTjugc1y3H,Pipe Types:DYKA PP Binnenriolering_Afvoerbuis 5m:3045215,-
38$xDr2695aQLTjugc1y_T,Pipe Types:DYKA PP Binnenriolering_Afvoerbuis 5m:3045395,-
38$xDr2695aQLTjugc1y_R,Pipe Types:DYKA PP Binnenriolering_Afvoerbuis 5m:3045397,-
38$xDr2695aQLTjugc1y_N,Pipe Types:DYKA PP Binnenriolering_Afvoerbuis 5m:3045401,-
04f7WHQ7T0pAdSe3HgVlf2,Pipe Types:DYKA PP Binnenriolering_Afvoerbuis 5m:3045550,-
04f7WHQ7T0pAdSe3HgVlec,Pipe Types:DYKA PP Binnenriolering_Afvoerbuis 5m:3045578,-
04f7WHQ7T0pAdSe3HgVleW,Pipe Types:DYKA PP Binnenriolering_Afvoerbuis 5m:3045580,-
04f7WHQ7T0pAdSe3HgVle_,Pipe Types:DYKA PP Binnenriolering_Afvoerbuis 5m:3045586,-
04f7WHQ7T0pAdSe3HgVleu,Pipe Types:DYKA PP Binnenriolering_Afvoerbuis 5m:3045588,-
04f7WHQ7T0pAdSe3HgVle8,Pipe Types:DYKA PP Binnenriolering_Afvoerbuis 5m:3045604,-
04f7WHQ7T0pAdSe3HgVleA,Pipe Types:DYKA PP Binnenriolering_Afvoerbuis 5m:3045606,-
04f7WHQ7T0pAdSe3HgVle6,Pipe Types:DYKA PP Binnenriolering_Afvoerbuis 5m:3045610,-
04f7WHQ7T0pAdSe3HgVleS,Pipe Types:DYKA PP Binnenriolering_Afvoerbuis 5m:3045616,-
04f7WHQ7T0pAdSe3HgVleQ,Pipe Types:DYKA PP Binnenriolering_Afvoerbuis 5m:3045622,-
04f7WHQ7T0pAdSe3HgVleK,Pipe Types:DYKA PP Binnenriolering_Afvoerbuis 5m:3045624,-
04f7WHQ7T0pAdSe3HgVleM,Pipe Types:DYKA PP Binnenriolering_Afvoerbuis 5m:3045626,-
04f7WHQ7T0pAdSe3HgVleH,Pipe Types:DYKA PP Binnenriolering_Afvoerbuis 5m:3045629,-
04f7WHQ7T0pAdSe3HgVllj,Pipe Types:DYKA PP Binnenriolering_Afvoerbuis 5m:3045633,-
04f7WHQ7T0pAdSe3HgVlll,Pipe Types:DYKA PP Binnenriolering_Afvoerbuis 5m:3045635,-
04f7WHQ7T0pAdSe3HgVllg,Pipe Types:DYKA PP Binnenriolering_Afvoerbuis 5m:3045638,-
04f7WHQ7T0pAdSe3HgVllq,Pipe Types:DYKA PP Binnenriolering_Afvoerbuis 5m:3045656,-
04f7WHQ7T0pAdSe3HgVll5,Pipe Types:DYKA PP Binnenriolering_Afvoerbuis 5m:3045673,-
04f7WHQ7T0pAdSe3HgVlkc,Pipe Types:DYKA PP Binnenriolering_Afvoerbuis 5m:3045706,-
04f7WHQ7T0pAdSe3HgVlkW,Pipe Types:DYKA PP Binnenriolering_Afvoerbuis 5m:3045708,-
04f7WHQ7T0pAdSe3HgVlkY,Pipe Types:DYKA PP Binnenriolering_Afvoerbuis 5m:3045710,-
04f7WHQ7T0pAdSe3HgVlky,Pipe Types:DYKA PP Binnenriolering_Afvoerbuis 5m:3045712,-
04f7WHQ7T0pAdSe3HgVlkr,Pipe Types:DYKA PP Binnenriolering_Afvoerbuis 5m:3045721,-
04f7WHQ7T0pAdSe3HgVlk8,Pipe Types:DYKA PP Binnenriolering_Afvoerbuis 5m:3045732,-
04f7WHQ7T0pAdSe3HgVlk4,Pipe Types:DYKA PP Binnenriolering_Afvoerbuis 5m:3045736,-
04f7WHQ7T0pAdSe3HgVlk2,Pipe Types:DYKA PP Binnenriolering_Afvoerbuis 5m:3045742,-
04f7WHQ7T0pAdSe3HgVlkT,Pipe Types:DYKA PP Binnenriolering_Afvoerbuis 5m:3045745,-
04f7WHQ7T0pAdSe3HgVlje,Pipe Types:DYKA PP Binnenriolering_Afvoerbuis 5m:3045764,-
04f7WHQ7T0pAdSe3HgVljC,Pipe Types:DYKA PP Binnenriolering_Afvoerbuis 5m:3045792,-
04f7WHQ7T0pAdSe3HgVljE,Pipe Types:DYKA PP Binnenriolering_Afvoerbuis 5m:3045794,-
04f7WHQ7T0pAdSe3HgVlj8,Pipe Types:DYKA PP Binnenriolering_Afvoerbuis 5m:3045796,-
04f7WHQ7T0pAdSe3HgVlj4,Pipe Types:DYKA PP Binnenriolering_Afvoerbuis 5m:3045800,-
04f7WHQ7T0pAdSe3HgVlj6,Pipe Types:DYKA PP Binnenriolering_Afvoerbuis 5m:3045802,-
04f7WHQ7T0pAdSe3HgVljM,Pipe Types:DYKA PP Binnenriolering_Afvoerbuis 5m:3045818,-
04f7WHQ7T0pAdSe3HgVljG,Pipe Types:DYKA PP Binnenriolering_Afvoerbuis 5m:3045820,-
04f7WHQ7T0pAdSe3HgVlii,Pipe Types:DYKA PP Binnenriolering_Afvoerbuis 5m:3045824,-
04f7WHQ7T0pAdSe3HgVlig,Pipe Types:DYKA PP Binnenriolering_Afvoerbuis 5m:3045830,-
04f7WHQ7T0pAdSe3HgVliW,Pipe Types:DYKA PP Binnenriolering_Afvoerbuis 5m:3045836,-
04f7WHQ7T0pAdSe3HgVliY,Pipe Types:DYKA PP Binnenriolering_Afvoerbuis 5m:3045838,-
04f7WHQ7T0pAdSe3HgVliy,Pipe Types:DYKA PP Binnenriolering_Afvoerbuis 5m:3045840,-
04f7WHQ7T0pAdSe3HgVli$,Pipe Types:DYKA PP Binnenriolering_Afvoerbuis 5m:3045843,-
04f7WHQ7T0pAdSe3HgVlix,Pipe Types:DYKA PP Binnenriolering_Afvoerbuis 5m:3045847,-
04f7WHQ7T0pAdSe3HgVlir,Pipe Types:DYKA PP Binnenriolering_Afvoerbuis 5m:3045849,-
04f7WHQ7T0pAdSe3HgVlim,Pipe Types:DYKA PP Binnenriolering_Afvoerbuis 5m:3045852,-
04f7WHQ7T0pAdSe3HgVliS,Pipe Types:DYKA PP Binnenriolering_Afvoerbuis 5m:3045872,-
04f7WHQ7T0pAdSe3HgVliV,Pipe Types:DYKA PP Binnenriolering_Afvoerbuis 5m:3045875,-
04f7WHQ7T0pAdSe3HgVliJ,Pipe Types:DYKA PP Binnenriolering_Afvoerbuis 5m:3045887,-
04f7WHQ7T0pAdSe3HgVlZC,Pipe Types:DYKA PP Binnenriolering_Afvoerbuis 5m:3045920,-
04f7WHQ7T0pAdSe3HgVlZE,Pipe Types:DYKA PP Binnenriolering_Afvoerbuis 5m:3045922,-
04f7WHQ7T0pAdSe3HgVlZ8,Pipe Types:DYKA PP Binnenriolering_Afvoerbuis 5m:3045924,-
04f7WHQ7T0pAdSe3HgVlZA,Pipe Types:DYKA PP Binnenriolering_Afvoerbuis 5m:3045926,-
04f7WHQ7T0pAdSe3HgVlZ3,Pipe Types:DYKA PP Binnenriolering_Afvoerbuis 5m:3045935,-
04f7WHQ7T0pAdSe3HgVlZM,Pipe Types:DYKA PP Binnenriolering_Afvoerbuis 5m:3045946,-
04f7WHQ7T0pAdSe3HgVlZI,Pipe Types:DYKA PP Binnenriolering_Afvoerbuis 5m:3045950,-
04f7WHQ7T0pAdSe3HgVlYe,Pipe Types:DYKA PP Binnenriolering_Afvoerbuis 5m:3045956,-
04f7WHQ7T0pAdSe3HgVlYh,Pipe Types:DYKA PP Binnenriolering_Afvoerbuis 5m:3045959,-
1GX2mCxe520AQDxCV2Tznn,Pipe Types:DYKA PP Binnenriolering_Afvoerbuis 5m:3046056,-
1GX2mCxe520AQDxCV2Tznp,Pipe Types:DYKA PP Binnenriolering_Afvoerbuis 5m:3046058,-
1GX2mCxe520AQDxCV2Tznr,Pipe Types:DYKA PP Binnenriolering_Afvoerbuis 5m:3046060,-
1GX2mCxe520AQDxCV2Tznt,Pipe Types:DYKA PP Binnenriolering_Afvoerbuis 5m:3046062,-
1GX2mCxe520AQDxCV2Tzne,Pipe Types:DYKA PP Binnenriolering_Afvoerbuis 5m:3046065,-
1GX2mCxe520AQDxCV2TzmT,Pipe Types:DYKA PP Binnenriolering_Afvoerbuis 5m:3046084,-
1GX2mCxe520AQDxCV2TzmV,Pipe Types:DYKA PP Binnenriolering_Afvoerbuis 5m:3046086,-
1GX2mCxe520AQDxCV2Tzmp,Pipe Types:DYKA PP Binnenriolering_Afvoerbuis 5m:3046122,-
1GX2mCxe520AQDxCV2Tzmr,Pipe Types:DYKA PP Binnenriolering_Afvoerbuis 5m:3046124,-
1GX2mCxe520AQDxCV2Tzmt,Pipe Types:DYKA PP Binnenriolering_Afvoerbuis 5m:3046126,-
1GX2mCxe520AQDxCV2Tzmh,Pipe Types:DYKA PP Binnenriolering_Afvoerbuis 5m:3046130,-
1GX2mCxe520AQDxCV2Tzt9,Pipe Types:DYKA PP Binnenriolering_Afvoerbuis 5m:3046160,-
1GX2mCxe520AQDxCV2TztF,Pipe Types:DYKA PP Binnenriolering_Afvoerbuis 5m:3046166,-
1GX2mCxe520AQDxCV2Tzt7,Pipe Types:DYKA PP Binnenriolering_Afvoerbuis 5m:3046174,-
1GX2mCxe520AQDxCV2Tztv,Pipe Types:DYKA PP Binnenriolering_Afvoerbuis 5m:3046176,-
1GX2mCxe520AQDxCV2Tzty,Pipe Types:DYKA PP Binnenriolering_Afvoerbuis 5m:3046181,-
1GX2mCxe520AQDxCV2Tztp,Pipe Types:DYKA PP Binnenriolering_Afvoerbuis 5m:3046186,-
1GX2mCxe520AQDxCV2Tzte,Pipe Types:DYKA PP Binnenriolering_Afvoerbuis 5m:3046193,-
1GX2mCxe520AQDxCV2Tztg,Pipe Types:DYKA PP Binnenriolering_Afvoerbuis 5m:3046195,-
1GX2mCxe520AQDxCV2Tztl,Pipe Types:DYKA PP Binnenriolering_Afvoerbuis 5m:3046198,-
1GX2mCxe520AQDxCV2Tztd,Pipe Types:DYKA PP Binnenriolering_Afvoerbuis 5m:3046206,-
1GX2mCxe520AQDxCV2TzsP,Pipe Types:DYKA PP Binnenriolering_Afvoerbuis 5m:3046208,-
1GX2mCxe520AQDxCV2TzsT,Pipe Types:DYKA PP Binnenriolering_Afvoerbuis 5m:3046212,-
1GX2mCxe520AQDxCV2TzsJ,Pipe Types:DYKA PP Binnenriolering_Afvoerbuis 5m:3046218,-
1GX2mCxe520AQDxCV2TzsE,Pipe Types:DYKA PP Binnenriolering_Afvoerbuis 5m:3046231,-
1GX2mCxe520AQDxCV2Tzsx,Pipe Types:DYKA PP Binnenriolering_Afvoerbuis 5m:3046242,-
1GX2mCxe520AQDxCV2Tzsq,Pipe Types:DYKA PP Binnenriolering_Afvoerbuis 5m:3046253,-
1GX2mCxe520AQDxCV2Tzss,Pipe Types:DYKA PP Binnenriolering_Afvoerbuis 5m:3046255,-
1GX2mCxe520AQDxCV2Tzse,Pipe Types:DYKA PP Binnenriolering_Afvoerbuis 5m:3046257,-
1GX2mCxe520AQDxCV2Tzsg,Pipe Types:DYKA PP Binnenriolering_Afvoerbuis 5m:3046259,-
1GX2mCxe520AQDxCV2Tzsl,Pipe Types:DYKA PP Binnenriolering_Afvoerbuis 5m:3046262,-
1GX2mCxe520AQDxCV2TzrG,Pipe Types:DYKA PP Binnenriolering_Afvoerbuis 5m:3046281,-
1GX2mCxe520AQDxCV2TzrI,Pipe Types:DYKA PP Binnenriolering_Afvoerbuis 5m:3046283,-
1GX2mCxe520AQDxCV2Tzrs,Pipe Types:DYKA PP Binnenriolering_Afvoerbuis 5m:3046319,-
1GX2mCxe520AQDxCV2Tzre,Pipe Types:DYKA PP Binnenriolering_Afvoerbuis 5m:3046321,-
1GX2mCxe520AQDxCV2Tzrg,Pipe Types:DYKA PP Binnenriolering_Afvoerbuis 5m:3046323,-
1GX2mCxe520AQDxCV2Tzrk,Pipe Types:DYKA PP Binnenriolering_Afvoerbuis 5m:3046327,-
1GX2mCxe520AQDxCV2TzqC,Pipe Types:DYKA PP Binnenriolering_Afvoerbuis 5m:3046357,-
1GX2mCxe520AQDxCV2Tzq2,Pipe Types:DYKA PP Binnenriolering_Afvoerbuis 5m:3046363,-
1GX2mCxe520AQDxCV2Tzqw,Pipe Types:DYKA PP Binnenriolering_Afvoerbuis 5m:3046371,-
1GX2mCxe520AQDxCV2Tzqy,Pipe Types:DYKA PP Binnenriolering_Afvoerbuis 5m:3046373,-
1GX2mCxe520AQDxCV2Tzqp,Pipe Types:DYKA PP Binnenriolering_Afvoerbuis 5m:3046378,-
1GX2mCxe520AQDxCV2Tzqs,Pipe Types:DYKA PP Binnenriolering_Afvoerbuis 5m:3046383,-
1GX2mCxe520AQDxCV2Tzql,Pipe Types:DYKA PP Binnenriolering_Afvoerbuis 5m:3046390,-
1GX2mCxe520AQDxCV2TzqX,Pipe Types:DYKA PP Binnenriolering_Afvoerbuis 5m:3046392,-
1GX2mCxe520AQDxCV2TzqY,Pipe Types:DYKA PP Binnenriolering_Afvoerbuis 5m:3046395,-
1GX2mCxe520AQDxCV2TzhQ,Pipe Types:DYKA PP Binnenriolering_Afvoerbuis 5m:3046403,-
1GX2mCxe520AQDxCV2TzhS,Pipe Types:DYKA PP Binnenriolering_Afvoerbuis 5m:3046405,-
1GX2mCxe520AQDxCV2TzhG,Pipe Types:DYKA PP Binnenriolering_Afvoerbuis 5m:3046409,-
1GX2mCxe520AQDxCV2TzhM,Pipe Types:DYKA PP Binnenriolering_Afvoerbuis 5m:3046415,-
1GX2mCxe520AQDxCV2Tzh5,Pipe Types:DYKA PP Binnenriolering_Afvoerbuis 5m:3046428,-
1GX2mCxe520AQDxCV2Tzh_,Pipe Types:DYKA PP Binnenriolering_Afvoerbuis 5m:3046439,-
1GX2mCxe520AQDxCV2Tzk$,Pipe Types:DYKA PP Binnenriolering_Afvoerbuis 5m:3046758,-
1GX2mCxe520AQDxCV2Tzkl,Pipe Types:DYKA PP Binnenriolering_Afvoerbuis 5m:3046774,-
1GdHY8r_93zuI6_7AuBF6a,Pipe Types:DYKA PP Binnenriolering_Afvoerbuis 5m:3047202,-
1GdHY8r_93zuI6_7AuBF6u,Pipe Types:DYKA PP Binnenriolering_Afvoerbuis 5m:3047230,-
1GdHY8r_93zuI6_7AuBF76,Pipe Types:DYKA PP Binnenriolering_Afvoerbuis 5m:3047232,-
1GdHY8r_93zuI6_7AuBF70,Pipe Types:DYKA PP Binnenriolering_Afvoerbuis 5m:3047238,-
1GdHY8r_93zuI6_7AuBF7E,Pipe Types:DYKA PP Binnenriolering_Afvoerbuis 5m:3047240,-
1GdHY8r_93zuI6_7AuBF7U,Pipe Types:DYKA PP Binnenriolering_Afvoerbuis 5m:3047256,-
1GdHY8r_93zuI6_7AuBF7S,Pipe Types:DYKA PP Binnenriolering_Afvoerbuis 5m:3047258,-
1GdHY8r_93zuI6_7AuBF7O,Pipe Types:DYKA PP Binnenriolering_Afvoerbuis 5m:3047262,-
1GdHY8r_93zuI6_7AuBF7Y,Pipe Types:DYKA PP Binnenriolering_Afvoerbuis 5m:3047268,-
1GdHY8r_93zuI6_7AuBF7i,Pipe Types:DYKA PP Binnenriolering_Afvoerbuis 5m:3047274,-
1GdHY8r_93zuI6_7AuBF7g,Pipe Types:DYKA PP Binnenriolering_Afvoerbuis 5m:3047276,-
1GdHY8r_93zuI6_7AuBF7e,Pipe Types:DYKA PP Binnenriolering_Afvoerbuis 5m:3047278,-
1GdHY8r_93zuI6_7AuBF7t,Pipe Types:DYKA PP Binnenriolering_Afvoerbuis 5m:3047281,-
1GdHY8r_93zuI6_7AuBF7p,Pipe Types:DYKA PP Binnenriolering_Afvoerbuis 5m:3047285,-
1GdHY8r_93zuI6_7AuBF7n,Pipe Types:DYKA PP Binnenriolering_Afvoerbuis 5m:3047287,-
1GdHY8r_93zuI6_7AuBF7y,Pipe Types:DYKA PP Binnenriolering_Afvoerbuis 5m:3047290,-
1GdHY8r_93zuI6_7AuBF4A,Pipe Types:DYKA PP Binnenriolering_Afvoerbuis 5m:3047308,-
1GdHY8r_93zuI6_7AuBF4R,Pipe Types:DYKA PP Binnenriolering_Afvoerbuis 5m:3047325,-
1GdHY8r_93zuI6_7AuBF4u,Pipe Types:DYKA PP Binnenriolering_Afvoerbuis 5m:3047358,-
1GdHY8r_93zuI6_7AuBF56,Pipe Types:DYKA PP Binnenriolering_Afvoerbuis 5m:3047360,-
1GdHY8r_93zuI6_7AuBF54,Pipe Types:DYKA PP Binnenriolering_Afvoerbuis 5m:3047362,-
1GdHY8r_93zuI6_7AuBF52,Pipe Types:DYKA PP Binnenriolering_Afvoerbuis 5m:3047364,-
1GdHY8r_93zuI6_7AuBF5B,Pipe Types:DYKA PP Binnenriolering_Afvoerbuis 5m:3047373,-
1GdHY8r_93zuI6_7AuBF5U,Pipe Types:DYKA PP Binnenriolering_Afvoerbuis 5m:3047384,-
1GdHY8r_93zuI6_7AuBF5Q,Pipe Types:DYKA PP Binnenriolering_Afvoerbuis 5m:3047388,-
1GdHY8r_93zuI6_7AuBF5a,Pipe Types:DYKA PP Binnenriolering_Afvoerbuis 5m:3047394,-
1GdHY8r_93zuI6_7AuBF5Z,Pipe Types:DYKA PP Binnenriolering_Afvoerbuis 5m:3047397,-
1GdHY8r_93zuI6_7AuBF5_,Pipe Types:DYKA PP Binnenriolering_Afvoerbuis 5m:3047416,-
1GdHY8r_93zuI6_7AuB0wI,Pipe Types:DYKA PP Binnenriolering_Afvoerbuis 5m:3047444,-
1GdHY8r_93zuI6_7AuB0wG,Pipe Types:DYKA PP Binnenriolering_Afvoerbuis 5m:3047446,-
1GdHY8r_93zuI6_7AuB0wU,Pipe Types:DYKA PP Binnenriolering_Afvoerbuis 5m:3047448,-
1GdHY8r_93zuI6_7AuB0wQ,Pipe Types:DYKA PP Binnenriolering_Afvoerbuis 5m:3047452,-
1GdHY8r_93zuI6_7AuB0wO,Pipe Types:DYKA PP Binnenriolering_Afvoerbuis 5m:3047454,-
1GdHY8r_93zuI6_7AuB0we,Pipe Types:DYKA PP Binnenriolering_Afvoerbuis 5m:3047470,-
1GdHY8r_93zuI6_7AuB0ws,Pipe Types:DYKA PP Binnenriolering_Afvoerbuis 5m:3047472,-
1GdHY8r_93zuI6_7AuB0wo,Pipe Types:DYKA PP Binnenriolering_Afvoerbuis 5m:3047476,-
1GdHY8r_93zuI6_7AuB0wy,Pipe Types:DYKA PP Binnenriolering_Afvoerbuis 5m:3047482,-
1GdHY8r_93zuI6_7AuB0x6,Pipe Types:DYKA PP Binnenriolering_Afvoerbuis 5m:3047488,-
1GdHY8r_93zuI6_7AuB0x4,Pipe Types:DYKA PP Binnenriolering_Afvoerbuis 5m:3047490,-
1GdHY8r_93zuI6_7AuB0x2,Pipe Types:DYKA PP Binnenriolering_Afvoerbuis 5m:3047492,-
1GdHY8r_93zuI6_7AuB0x1,Pipe Types:DYKA PP Binnenriolering_Afvoerbuis 5m:3047495,-
1GdHY8r_93zuI6_7AuB0xD,Pipe Types:DYKA PP Binnenriolering_Afvoerbuis 5m:3047499,-
1GdHY8r_93zuI6_7AuB0xB,Pipe Types:DYKA PP Binnenriolering_Afvoerbuis 5m:3047501,-
1GdHY8r_93zuI6_7AuB0xM,Pipe Types:DYKA PP Binnenriolering_Afvoerbuis 5m:3047504,-
1GdHY8r_93zuI6_7AuB0xY,Pipe Types:DYKA PP Binnenriolering_Afvoerbuis 5m:3047524,-
1GdHY8r_93zuI6_7AuB0xX,Pipe Types:DYKA PP Binnenriolering_Afvoerbuis 5m:3047527,-
1GdHY8r_93zuI6_7AuB0xr,Pipe Types:DYKA PP Binnenriolering_Afvoerbuis 5m:3047539,-
1GdHY8r_93zuI6_7AuB0uI,Pipe Types:DYKA PP Binnenriolering_Afvoerbuis 5m:3047572,-
1GdHY8r_93zuI6_7AuB0uG,Pipe Types:DYKA PP Binnenriolering_Afvoerbuis 5m:3047574,-
1GdHY8r_93zuI6_7AuB0uU,Pipe Types:DYKA PP Binnenriolering_Afvoerbuis 5m:3047576,-
1GdHY8r_93zuI6_7AuB0uS,Pipe Types:DYKA PP Binnenriolering_Afvoerbuis 5m:3047578,-
1GdHY8r_93zuI6_7AuB0ub,Pipe Types:DYKA PP Binnenriolering_Afvoerbuis 5m:3047587,-
1GdHY8r_93zuI6_7AuB0ue,Pipe Types:DYKA PP Binnenriolering_Afvoerbuis 5m:3047598,-
1GdHY8r_93zuI6_7AuB0uq,Pipe Types:DYKA PP Binnenriolering_Afvoerbuis 5m:3047602,-
1GdHY8r_93zuI6_7AuB0u_,Pipe Types:DYKA PP Binnenriolering_Afvoerbuis 5m:3047608,-
1GdHY8r_93zuI6_7AuB0uz,Pipe Types:DYKA PP Binnenriolering_Afvoerbuis 5m:3047611,-
1GepsDZZf3sA6naH6Ld4Ap,Pipe Types:DYKA PP Binnenriolering_Afvoerbuis 5m:3047749,-
1GepsDZZf3sA6naH6Ld4An,Pipe Types:DYKA PP Binnenriolering_Afvoerbuis 5m:3047751,-
1GepsDZZf3sA6naH6Ld4Ay,Pipe Types:DYKA PP Binnenriolering_Afvoerbuis 5m:3047754,-
1GepsDZZf3sA6naH6Ld48K,Pipe Types:DYKA PP Binnenriolering_Afvoerbuis 5m:3047906,-
1GepsDZZf3sA6naH6Ld48I,Pipe Types:DYKA PP Binnenriolering_Afvoerbuis 5m:3047908,-
1GepsDZZf3sA6naH6Ld48H,Pipe Types:DYKA PP Binnenriolering_Afvoerbuis 5m:3047911,-
1GepsDZZf3sA6naH6Ld4RP,Pipe Types:DYKA PP Binnenriolering_Afvoerbuis 5m:3048751,-
1GepsDZZf3sA6naH6Ld4R9,Pipe Types:DYKA PP Binnenriolering_Afvoerbuis 5m:3048767,-
1GepsDZZf3sA6naH6Ld4On,Pipe Types:DYKA PP Binnenriolering_Afvoerbuis 5m:3048903,-
1GepsDZZf3sA6naH6Ld4NN,Pipe Types:DYKA PP Binnenriolering_Afvoerbuis 5m:3048993,-
3sNlzCHh52T8mFDI12KojW,Pipe Types:DYKA PP Binnenriolering_Afvoerbuis 5m:3049898,-
3sNlzCHh52T8mFDI12Koj_,Pipe Types:DYKA PP Binnenriolering_Afvoerbuis 5m:3049908,-
3sNlzCHh52T8mFDI12KoiS,Pipe Types:DYKA PP Binnenriolering_Afvoerbuis 5m:3049942,-
3sNlzCHh52T8mFDI12KpE_,Pipe Types:DYKA PP Binnenriolering_Afvoerbuis 5m:3051892,-
3sNlzCHh52T8mFDI12KpEy,Pipe Types:DYKA PP Binnenriolering_Afvoerbuis 5m:3051894,-
3sNlzCHh52T8mFDI12KpEp,Pipe Types:DYKA PP Binnenriolering_Afvoerbuis 5m:3051897,-
3sNlzCHh52T8mFDI12KpEt,Pipe Types:DYKA PP Binnenriolering_Afvoerbuis 5m:3051901,-
3sNlzCHh52T8mFDI12KpEr,Pipe Types:DYKA PP Binnenriolering_Afvoerbuis 5m:3051903,-
3sNlzCHh52T8mFDI12KpD8,Pipe Types:DYKA PP Binnenriolering_Afvoerbuis 5m:3051906,-
3sNlzCHh52T8mFDI12KpD0,Pipe Types:DYKA PP Binnenriolering_Afvoerbuis 5m:3051914,-
3sNlzCHh52T8mFDI12KpD6,Pipe Types:DYKA PP Binnenriolering_Afvoerbuis 5m:3051916,-
3sNlzCHh52T8mFDI12KpDV,Pipe Types:DYKA PP Binnenriolering_Afvoerbuis 5m:3051925,-
3sNlzCHh52T8mFDI12KpDM,Pipe Types:DYKA PP Binnenriolering_Afvoerbuis 5m:3051932,-
3sNlzCHh52T8mFDI12KpDk,Pipe Types:DYKA PP Binnenriolering_Afvoerbuis 5m:3051940,-
3sNlzCHh52T8mFDI12KpDi,Pipe Types:DYKA PP Binnenriolering_Afvoerbuis 5m:3051942,-
3sNlzCHh52T8mFDI12KpDZ,Pipe Types:DYKA PP Binnenriolering_Afvoerbuis 5m:3051945,-
1rQ5HW3393RQh556j6xDFV,Pipe Types:DYKA PP Binnenriolering_Afvoerbuis 5m:3052004,-
1rQ5HW3393RQh556j6xDFT,Pipe Types:DYKA PP Binnenriolering_Afvoerbuis 5m:3052006,-
1rQ5HW3393RQh556j6xD2J,Pipe Types:DYKA PP Binnenriolering_Afvoerbuis 5m:3052200,-
3ypA2vapLA6BcsRDhILVLv,Pipe Types:DYKA PP Binnenriolering_Afvoerbuis 5m:3052675,-
3ypA2vapLA6BcsRDhILVKo,Pipe Types:DYKA PP Binnenriolering_Afvoerbuis 5m:3052744,-
3ypA2vapLA6BcsRDhILVKg,Pipe Types:DYKA PP Binnenriolering_Afvoerbuis 5m:3052752,-
3Hds$$lT11AxKt6S$YSYaf,Pipe Types:DYKA PP Binnenriolering_Afvoerbuis 5m:3052967,-
3Hds$$lT11AxKt6S$YSYIB,Pipe Types:DYKA PP Binnenriolering_Afvoerbuis 5m:3053573,-
3Hds$$lT11AxKt6S$YSYI7,Pipe Types:DYKA PP Binnenriolering_Afvoerbuis 5m:3053577,-
3Hds$$lT11AxKt6S$YSYII,Pipe Types:DYKA PP Binnenriolering_Afvoerbuis 5m:3053596,-
39Ydn7aVL8QR5ScPe2Cgep,Pipe Types:DYKA PP Binnenriolering_Afvoerbuis 5m:3054375,-
39Ydn7aVL8QR5ScPe2CgrH,Pipe Types:DYKA PP Binnenriolering_Afvoerbuis 5m:3054661,-
39Ydn7aVL8QR5ScPe2Cgnn,Pipe Types:DYKA PP Binnenriolering_Afvoerbuis 5m:3054949,-
1wA4Rc0Jf7efOeiEgNIPc0,Pipe Types:DYKA PP Binnenriolering_Afvoerbuis 5m:3058366,-
3sy4PbtEP5Xe9US22DjRoH,Pipe Types:DYKA PP Binnenriolering_Afvoerbuis 5m:3059127,-
3sy4PbtEP5Xe9US22DjRoV,Pipe Types:DYKA PP Binnenriolering_Afvoerbuis 5m:3059129,-
3sy4PbtEP5Xe9US22DjRoP,Pipe Types:DYKA PP Binnenriolering_Afvoerbuis 5m:3059135,-
3sy4PbtEP5Xe9US22DjRpb,Pipe Types:DYKA PP Binnenriolering_Afvoerbuis 5m:3059139,-
3sy4PbtEP5Xe9US22DjRpZ,Pipe Types:DYKA PP Binnenriolering_Afvoerbuis 5m:3059141,-
3sy4PbtEP5Xe9US22DjRpX,Pipe Types:DYKA PP Binnenriolering_Afvoerbuis 5m:3059143,-
3sy4PbtEP5Xe9US22DjRpp,Pipe Types:DYKA PP Binnenriolering_Afvoerbuis 5m:3059157,-
3sy4PbtEP5Xe9US22DjRpz,Pipe Types:DYKA PP Binnenriolering_Afvoerbuis 5m:3059163,-
3sy4PbtEP5Xe9US22DjRpv,Pipe Types:DYKA PP Binnenriolering_Afvoerbuis 5m:3059167,-
3sy4PbtEP5Xe9US22DjRp7,Pipe Types:DYKA PP Binnenriolering_Afvoerbuis 5m:3059169,-
3sy4PbtEP5Xe9US22DjRpH,Pipe Types:DYKA PP Binnenriolering_Afvoerbuis 5m:3059191,-
3sy4PbtEP5Xe9US22DjRpV,Pipe Types:DYKA PP Binnenriolering_Afvoerbuis 5m:3059193,-
3sy4PbtEP5Xe9US22DjRyd,Pipe Types:DYKA PP Binnenriolering_Afvoerbuis 5m:3059201,-
3sy4PbtEP5Xe9US22DjRyn,Pipe Types:DYKA PP Binnenriolering_Afvoerbuis 5m:3059223,-
2u9Ytzkcf5u8p6s2vF2P97,Pipe Types:DYKA PP Binnenriolering_Afvoerbuis 5m:3059364,-
2u9Ytzkcf5u8p6s2vF2P95,Pipe Types:DYKA PP Binnenriolering_Afvoerbuis 5m:3059366,-
2u9Ytzkcf5u8p6s2vF2P9D,Pipe Types:DYKA PP Binnenriolering_Afvoerbuis 5m:3059374,-
2u9Ytzkcf5u8p6s2vF2P8a,Pipe Types:DYKA PP Binnenriolering_Afvoerbuis 5m:3059399,-
2u9Ytzkcf5u8p6s2vF2PC5,Pipe Types:DYKA PP Binnenriolering_Afvoerbuis 5m:3059686,-
2u9Ytzkcf5u8p6s2vF2PCB,Pipe Types:DYKA PP Binnenriolering_Afvoerbuis 5m:3059688,-
2u9Ytzkcf5u8p6s2vF2PC8,Pipe Types:DYKA PP Binnenriolering_Afvoerbuis 5m:3059691,-
2u9Ytzkcf5u8p6s2vF2OqS,Pipe Types:DYKA PP Binnenriolering_Afvoerbuis 5m:3060223,-
2u9Ytzkcf5u8p6s2vF2OMc,Pipe Types:DYKA PP Binnenriolering_Afvoerbuis 5m:3062085,-
2u9Ytzkcf5u8p6s2vF2OMa,Pipe Types:DYKA PP Binnenriolering_Afvoerbuis 5m:3062087,-
2u9Ytzkcf5u8p6s2vF2OMi,Pipe Types:DYKA PP Binnenriolering_Afvoerbuis 5m:3062095,-
2u9Ytzkcf5u8p6s2vF2OMu,Pipe Types:DYKA PP Binnenriolering_Afvoerbuis 5m:3062107,-
2u9Ytzkcf5u8p6s2vF2OMy,Pipe Types:DYKA PP Binnenriolering_Afvoerbuis 5m:3062111,-
2u9Ytzkcf5u8p6s2vF2OM2,Pipe Types:DYKA PP Binnenriolering_Afvoerbuis 5m:3062113,-
2u9Ytzkcf5u8p6s2vF2OM7,Pipe Types:DYKA PP Binnenriolering_Afvoerbuis 5m:3062116,-
2u9Ytzkcf5u8p6s2vF2OMB,Pipe Types:DYKA PP Binnenriolering_Afvoerbuis 5m:3062120,-
1jinAW4lH5M8RzTX8mLMyr,Pipe Types:DYKA PP Binnenriolering_Afvoerbuis 5m:3063519,-
1jinAW4lH5M8RzTX8mLMyB,Pipe Types:DYKA PP Binnenriolering_Afvoerbuis 5m:3063521,-
1jinAW4lH5M8RzTX8mLH5E,Pipe Types:DYKA PP Binnenriolering_Afvoerbuis 5m:3063972,-
1jinAW4lH5M8RzTX8mLH5C,Pipe Types:DYKA PP Binnenriolering_Afvoerbuis 5m:3063974,-
1jinAW4lH5M8RzTX8mLH53,Pipe Types:DYKA PP Binnenriolering_Afvoerbuis 5m:3063977,-
1jinAW4lH5M8RzTX8mLH5Q,Pipe Types:DYKA PP Binnenriolering_Afvoerbuis 5m:3063984,-
0zvqSv$PbF7fg_YdIgWClw,Pipe Types:DYKA PP Binnenriolering_Afvoerbuis 5m:3066616,-
0zvqSv$PbF7fg_YdIgWCe4,Pipe Types:DYKA PP Binnenriolering_Afvoerbuis 5m:3066630,-
0zvqSv$PbF7fg_YdIgWCqV,Pipe Types:DYKA PP Binnenriolering_Afvoerbuis 5m:3066909,-
0zvqSv$PbF7fg_YdIgWCqd,Pipe Types:DYKA PP Binnenriolering_Afvoerbuis 5m:3066917,-
0zvqSv$PbF7fg_YdIgWCrV,Pipe Types:DYKA PP Binnenriolering_Afvoerbuis 5m:3066973,-
0zvqSv$PbF7fg_YdIgWCse,Pipe Types:DYKA PP Binnenriolering_Afvoerbuis 5m:3067050,-
0zvqSv$PbF7fg_YdIgWCt4,Pipe Types:DYKA PP Binnenriolering_Afvoerbuis 5m:3067078,-
0zvqSv$PbF7fg_YdIgWDFD,Pipe Types:DYKA PP Binnenriolering_Afvoerbuis 5m:3068623,-
0zvqSv$PbF7fg_YdIgWDFO,Pipe Types:DYKA PP Binnenriolering_Afvoerbuis 5m:3068634,-
0zvqSv$PbF7fg_YdIgWDFw,Pipe Types:DYKA PP Binnenriolering_Afvoerbuis 5m:3068664,-
0zvqSv$PbF7fg_YdIgWD8b,Pipe Types:DYKA PP Binnenriolering_Afvoerbuis 5m:3068711,-
0zvqSv$PbF7fg_YdIgWD8j,Pipe Types:DYKA PP Binnenriolering_Afvoerbuis 5m:3068719,-
0zvqSv$PbF7fg_YdIgWD8_,Pipe Types:DYKA PP Binnenriolering_Afvoerbuis 5m:3068732,-
0zvqSv$PbF7fg_YdIgWDNS,Pipe Types:DYKA PP Binnenriolering_Afvoerbuis 5m:3069150,-
0zvqSv$PbF7fg_YdIgWDHW,Pipe Types:DYKA PP Binnenriolering_Afvoerbuis 5m:3069282,-
0zvqSv$PbF7fg_YdIgWDHa,Pipe Types:DYKA PP Binnenriolering_Afvoerbuis 5m:3069286,-
0zvqSv$PbF7fg_YdIgWDHi,Pipe Types:DYKA PP Binnenriolering_Afvoerbuis 5m:3069294,-
0zvqSv$PbF7fg_YdIgWDHs,Pipe Types:DYKA PP Binnenriolering_Afvoerbuis 5m:3069300,-
0zvqSv$PbF7fg_YdIgWDHq,Pipe Types:DYKA PP Binnenriolering_Afvoerbuis 5m:3069302,-
0zvqSv$PbF7fg_YdIgWDHx,Pipe Types:DYKA PP Binnenriolering_Afvoerbuis 5m:3069305,-
0zvqSv$PbF7fg_YdIgWDPS,Pipe Types:DYKA PP Binnenriolering_Afvoerbuis 5m:3069790,-
0zvqSv$PbF7fg_YdIgWDPY,Pipe Types:DYKA PP Binnenriolering_Afvoerbuis 5m:3069792,-
0zvqSv$PbF7fg_YdIgWDaN,Pipe Types:DYKA PP Binnenriolering_Afvoerbuis 5m:3069973,-
0zvqSv$PbF7fg_YdIgWDp0,Pipe Types:DYKA PP Binnenriolering_Afvoerbuis 5m:3071426,-
0zvqSv$PbF7fg_YdIgWDp8,Pipe Types:DYKA PP Binnenriolering_Afvoerbuis 5m:3071434,-
0zvqSv$PbF7fg_YdIgWDpN,Pipe Types:DYKA PP Binnenriolering_Afvoerbuis 5m:3071445,-
0zvqSv$PbF7fg_YdIgWDzZ,Pipe Types:DYKA PP Binnenriolering_Afvoerbuis 5m:3071585,-
0zvqSv$PbF7fg_YdIgWDzX,Pipe Types:DYKA PP Binnenriolering_Afvoerbuis 5m:3071587,-
0zvqSv$PbF7fg_YdIgWDzb,Pipe Types:DYKA PP Binnenriolering_Afvoerbuis 5m:3071591,-
0BgdV8k8vEMRpb7pLj5FXg,Pipe Types:DYKA PP Binnenriolering_Afvoerbuis 5m:3071930,-
0BgdV8k8vEMRpb7pLj5FXi,Pipe Types:DYKA PP Binnenriolering_Afvoerbuis 5m:3071932,-
0BgdV8k8vEMRpb7pLj5FWG,Pipe Types:DYKA PP Binnenriolering_Afvoerbuis 5m:3071936,-
0BgdV8k8vEMRpb7pLj5FWO,Pipe Types:DYKA PP Binnenriolering_Afvoerbuis 5m:3071944,-
0BgdV8k8vEMRpb7pLj5FWQ,Pipe Types:DYKA PP Binnenriolering_Afvoerbuis 5m:3071946,-
0BgdV8k8vEMRpb7pLj5FWS,Pipe Types:DYKA PP Binnenriolering_Afvoerbuis 5m:3071948,-
0BgdV8k8vEMRpb7pLj5FWV,Pipe Types:DYKA PP Binnenriolering_Afvoerbuis 5m:3071951,-
0BgdV8k8vEMRpb7pLj5FWq,Pipe Types:DYKA PP Binnenriolering_Afvoerbuis 5m:3071972,-
0BgdV8k8vEMRpb7pLj5FWs,Pipe Types:DYKA PP Binnenriolering_Afvoerbuis 5m:3071974,-
0BgdV8k8vEMRpb7pLj5FWg,Pipe Types:DYKA PP Binnenriolering_Afvoerbuis 5m:3071994,-
0BgdV8k8vEMRpb7pLj5CVK,Pipe Types:DYKA PP Binnenriolering_Afvoerbuis 5m:3072004,-
0BgdV8k8vEMRpb7pLj5CVM,Pipe Types:DYKA PP Binnenriolering_Afvoerbuis 5m:3072006,-
0BgdV8k8vEMRpb7pLj5CVP,Pipe Types:DYKA PP Binnenriolering_Afvoerbuis 5m:3072009,-
0BgdV8k8vEMRpb7pLj5CV4,Pipe Types:DYKA PP Binnenriolering_Afvoerbuis 5m:3072020,-
0BgdV8k8vEMRpb7pLj5CV6,Pipe Types:DYKA PP Binnenriolering_Afvoerbuis 5m:3072022,-
0BgdV8k8vEMRpb7pLj5CV8,Pipe Types:DYKA PP Binnenriolering_Afvoerbuis 5m:3072024,-
0BgdV8k8vEMRpb7pLj5CHh,Pipe Types:DYKA PP Binnenriolering_Afvoerbuis 5m:3072955,-
0BgdV8k8vEMRpb7pLj5CHj,Pipe Types:DYKA PP Binnenriolering_Afvoerbuis 5m:3072957,-
0BgdV8k8vEMRpb7pLj5CGH,Pipe Types:DYKA PP Binnenriolering_Afvoerbuis 5m:3072961,-
0BgdV8k8vEMRpb7pLj5CGJ,Pipe Types:DYKA PP Binnenriolering_Afvoerbuis 5m:3072963,-
0BgdV8k8vEMRpb7pLj5CGM,Pipe Types:DYKA PP Binnenriolering_Afvoerbuis 5m:3072966,-
0BgdV8k8vEMRpb7pLj5CGQ,Pipe Types:DYKA PP Binnenriolering_Afvoerbuis 5m:3072970,-
0BgdV8k8vEMRpb7pLj5CG4,Pipe Types:DYKA PP Binnenriolering_Afvoerbuis 5m:3072980,-
0BgdV8k8vEMRpb7pLj5CG6,Pipe Types:DYKA PP Binnenriolering_Afvoerbuis 5m:3072982,-
0BgdV8k8vEMRpb7pLj5CGq,Pipe Types:DYKA PP Binnenriolering_Afvoerbuis 5m:3072996,-
0BgdV8k8vEMRpb7pLj5CGs,Pipe Types:DYKA PP Binnenriolering_Afvoerbuis 5m:3072998,-
0BgdV8k8vEMRpb7pLj5CGv,Pipe Types:DYKA PP Binnenriolering_Afvoerbuis 5m:3073001,-
0BgdV8k8vEMRpb7pLj5CGe,Pipe Types:DYKA PP Binnenriolering_Afvoerbuis 5m:3073016,-
0BgdV8k8vEMRpb7pLj5CGi,Pipe Types:DYKA PP Binnenriolering_Afvoerbuis 5m:3073020,-
0BgdV8k8vEMRpb7pLj5CFK,Pipe Types:DYKA PP Binnenriolering_Afvoerbuis 5m:3073028,-
0BgdV8k8vEMRpb7pLj5CFM,Pipe Types:DYKA PP Binnenriolering_Afvoerbuis 5m:3073030,-
0BgdV8k8vEMRpb7pLj5CFP,Pipe Types:DYKA PP Binnenriolering_Afvoerbuis 5m:3073033,-
0BgdV8k8vEMRpb7pLj5CF2,Pipe Types:DYKA PP Binnenriolering_Afvoerbuis 5m:3073042,-
0BgdV8k8vEMRpb7pLj5CF4,Pipe Types:DYKA PP Binnenriolering_Afvoerbuis 5m:3073044,-
0BgdV8k8vEMRpb7pLj5CF7,Pipe Types:DYKA PP Binnenriolering_Afvoerbuis 5m:3073047,-
0d3althGvAtBdGUCfUYA3W,Pipe Types:DYKA PP Binnenriolering_Afvoerbuis 5m:3127238,-
01_atmCUj229vkDbt3SQxT,Pipe Types:DYKA PP Binnenriolering_Afvoerbuis 5m:3147568,-
01_atmCUj229vkDbt3SQGL,Pipe Types:DYKA PP Binnenriolering_Afvoerbuis 5m:3149304,-
01_atmCUj229vkDbt3SRfq,Pipe Types:DYKA PP Binnenriolering_Afvoerbuis 5m:3150745,-
01_atmCUj229vkDbt3SRfA,Pipe Types:DYKA PP Binnenriolering_Afvoerbuis 5m:3150759,-
01_atmCUj229vkDbt3SRLv,Pipe Types:DYKA PP Binnenriolering_Afvoerbuis 5m:3153044,-
01_atmCUj229vkDbt3SOpB,Pipe Types:DYKA PP Binnenriolering_Afvoerbuis 5m:3155238,-
01_atmCUj229vkDbt3SOp3,Pipe Types:DYKA PP Binnenriolering_Afvoerbuis 5m:3155246,-
01_atmCUj229vkDbt3SOMg,Pipe Types:DYKA PP Binnenriolering_Afvoerbuis 5m:3157063,-
01_atmCUj229vkDbt3SOID,Pipe Types:DYKA PP Binnenriolering_Afvoerbuis 5m:3157344,-
01_atmCUj229vkDbt3SPXm,Pipe Types:DYKA PP Binnenriolering_Afvoerbuis 5m:3158429,-
2z9cIL5gz00PJk5Wh$7dn$,Pipe Types:DYKA PP Binnenriolering_Afvoerbuis 5m:3163051,-
3s9AeseiX7aBojVzRMKIzD,Pipe Types:DYKA PP Binnenriolering_Afvoerbuis 5m:3167659,-
3s9AeseiX7aBojVzRMKIRP,Pipe Types:DYKA PP Binnenriolering_Afvoerbuis 5m:3169343,-
3s9AeseiX7aBojVzRMKIPQ,Pipe Types:DYKA PP Binnenriolering_Afvoerbuis 5m:3169468,-
3s9AeseiX7aBojVzRMKIKh,Pipe Types:DYKA PP Binnenriolering_Afvoerbuis 5m:3170253,-
2o75syCSjAKhSfyKDo0cHA,Pipe Types:DYKA PP Binnenriolering_Afvoerbuis 5m:3171827,-
2o75syCSjAKhSfyKDo0cUp,Pipe Types:DYKA PP Binnenriolering_Afvoerbuis 5m:3171850,-
2o75syCSjAKhSfyKDo0cUk,Pipe Types:DYKA PP Binnenriolering_Afvoerbuis 5m:3171863,-
2o75syCSjAKhSfyKDo0cRm,Pipe Types:DYKA PP Binnenriolering_Afvoerbuis 5m:3172169,-
2o75syCSjAKhSfyKDo0cRr,Pipe Types:DYKA PP Binnenriolering_Afvoerbuis 5m:3172172,-
2o75syCSjAKhSfyKDo0cRf,Pipe Types:DYKA PP Binnenriolering_Afvoerbuis 5m:3172176,-
2o75syCSjAKhSfyKDo0cRh,Pipe Types:DYKA PP Binnenriolering_Afvoerbuis 5m:3172178,-
2o75syCSjAKhSfyKDo0cRi,Pipe Types:DYKA PP Binnenriolering_Afvoerbuis 5m:3172181,-
2o75syCSjAKhSfyKDo0cYh,Pipe Types:DYKA PP Binnenriolering_Afvoerbuis 5m:3172626,-
2o75syCSjAKhSfyKDo0cYi,Pipe Types:DYKA PP Binnenriolering_Afvoerbuis 5m:3172629,-
2o75syCSjAKhSfyKDo0cYk,Pipe Types:DYKA PP Binnenriolering_Afvoerbuis 5m:3172631,-
2o75syCSjAKhSfyKDo0cYW,Pipe Types:DYKA PP Binnenriolering_Afvoerbuis 5m:3172633,-
2o75syCSjAKhSfyKDo0cYb,Pipe Types:DYKA PP Binnenriolering_Afvoerbuis 5m:3172636,-
2o75syCSjAKhSfyKDo0crQ,Pipe Types:DYKA PP Binnenriolering_Afvoerbuis 5m:3173603,-
2o75syCSjAKhSfyKDo0crV,Pipe Types:DYKA PP Binnenriolering_Afvoerbuis 5m:3173606,-
2o75syCSjAKhSfyKDo0crH,Pipe Types:DYKA PP Binnenriolering_Afvoerbuis 5m:3173608,-
2o75syCSjAKhSfyKDo0crJ,Pipe Types:DYKA PP Binnenriolering_Afvoerbuis 5m:3173610,-
2o75syCSjAKhSfyKDo0crK,Pipe Types:DYKA PP Binnenriolering_Afvoerbuis 5m:3173613,-
2o75syCSjAKhSfyKDo0coR,Pipe Types:DYKA PP Binnenriolering_Afvoerbuis 5m:3173666,-
2o75syCSjAKhSfyKDo0coS,Pipe Types:DYKA PP Binnenriolering_Afvoerbuis 5m:3173669,-
2o75syCSjAKhSfyKDo0coU,Pipe Types:DYKA PP Binnenriolering_Afvoerbuis 5m:3173671,-
2o75syCSjAKhSfyKDo0coG,Pipe Types:DYKA PP Binnenriolering_Afvoerbuis 5m:3173673,-
2o75syCSjAKhSfyKDo0coL,Pipe Types:DYKA PP Binnenriolering_Afvoerbuis 5m:3173676,-
2o75syCSjAKhSfyKDo0cp9,Pipe Types:DYKA PP Binnenriolering_Afvoerbuis 5m:3173744,-
2o75syCSjAKhSfyKDo0cpB,Pipe Types:DYKA PP Binnenriolering_Afvoerbuis 5m:3173746,-
2o75syCSjAKhSfyKDo0cpD,Pipe Types:DYKA PP Binnenriolering_Afvoerbuis 5m:3173748,-
2o75syCSjAKhSfyKDo0cpE,Pipe Types:DYKA PP Binnenriolering_Afvoerbuis 5m:3173751,-
2o75syCSjAKhSfyKDo0c_5,Pipe Types:DYKA PP Binnenriolering_Afvoerbuis 5m:3173948,-
2o75syCSjAKhSfyKDo0c$z,Pipe Types:DYKA PP Binnenriolering_Afvoerbuis 5m:3173956,-
2o75syCSjAKhSfyKDo0cys,Pipe Types:DYKA PP Binnenriolering_Afvoerbuis 5m:3174031,-
074zSck8T8hQGP0TeNTiTD,Pipe Types:DYKA PP Binnenriolering_Afvoerbuis 5m:3174735,-
074zSck8T8hQGP0TeNTi95,Pipe Types:DYKA PP Binnenriolering_Afvoerbuis 5m:3175495,-
074zSck8T8hQGP0TeNTiA_,Pipe Types:DYKA PP Binnenriolering_Afvoerbuis 5m:3175612,-
2ybxYTuhXBfv2Sd$Nn3epo,Pipe Types:DYKA PP Binnenriolering_Afvoerbuis 5m:3175788,-
2ybxYTuhXBfv2Sd$Nn3e_3,Pipe Types:DYKA PP Binnenriolering_Afvoerbuis 5m:3175965,-
2ybxYTuhXBfv2Sd$Nn3ezR,Pipe Types:DYKA PP Binnenriolering_Afvoerbuis 5m:3176133,-
2ybxYTuhXBfv2Sd$Nn3euE,Pipe Types:DYKA PP Binnenriolering_Afvoerbuis 5m:3176336,-
2ybxYTuhXBfv2Sd$Nn3e6h,Pipe Types:DYKA PP Binnenriolering_Afvoerbuis 5m:3176501,-
2ybxYTuhXBfv2Sd$Nn3e49,Pipe Types:DYKA PP Binnenriolering_Afvoerbuis 5m:3176599,-
2ybxYTuhXBfv2Sd$Nn3e2d,Pipe Types:DYKA PP Binnenriolering_Afvoerbuis 5m:3176761,-
2ybxYTuhXBfv2Sd$Nn3eG6,Pipe Types:DYKA PP Binnenriolering_Afvoerbuis 5m:3177880,-
2ybxYTuhXBfv2Sd$Nn3eG3,Pipe Types:DYKA PP Binnenriolering_Afvoerbuis 5m:3177885,-
2ybxYTuhXBfv2Sd$Nn3eG1,Pipe Types:DYKA PP Binnenriolering_Afvoerbuis 5m:3177887,-
2ybxYTuhXBfv2Sd$Nn3eGw,Pipe Types:DYKA PP Binnenriolering_Afvoerbuis 5m:3177892,-
2ybxYTuhXBfv2Sd$Nn3eGv,Pipe Types:DYKA PP Binnenriolering_Afvoerbuis 5m:3177895,-
2ybxYTuhXBfv2Sd$Nn3eGn,Pipe Types:DYKA PP Binnenriolering_Afvoerbuis 5m:3177903,-
2ybxYTuhXBfv2Sd$Nn3eGj,Pipe Types:DYKA PP Binnenriolering_Afvoerbuis 5m:3177907,-
2ybxYTuhXBfv2Sd$Nn3eGh,Pipe Types:DYKA PP Binnenriolering_Afvoerbuis 5m:3177909,-
2ybxYTuhXBfv2Sd$Nn3eGc,Pipe Types:DYKA PP Binnenriolering_Afvoerbuis 5m:3177912,-
2ybxYTuhXBfv2Sd$Nn3eHS,Pipe Types:DYKA PP Binnenriolering_Afvoerbuis 5m:3177922,-
2ybxYTuhXBfv2Sd$Nn3eHR,Pipe Types:DYKA PP Binnenriolering_Afvoerbuis 5m:3177925,-
2ybxYTuhXBfv2Sd$Nn3eHP,Pipe Types:DYKA PP Binnenriolering_Afvoerbuis 5m:3177927,-
2ybxYTuhXBfv2Sd$Nn3eHI,Pipe Types:DYKA PP Binnenriolering_Afvoerbuis 5m:3177932,-
2ybxYTuhXBfv2Sd$Nn3eH4,Pipe Types:DYKA PP Binnenriolering_Afvoerbuis 5m:3177946,-
2ybxYTuhXBfv2Sd$Nn3eH3,Pipe Types:DYKA PP Binnenriolering_Afvoerbuis 5m:3177949,-
2ybxYTuhXBfv2Sd$Nn3eH1,Pipe Types:DYKA PP Binnenriolering_Afvoerbuis 5m:3177951,-
2ybxYTuhXBfv2Sd$Nn3eH$,Pipe Types:DYKA PP Binnenriolering_Afvoerbuis 5m:3177953,-
2ybxYTuhXBfv2Sd$Nn3eHw,Pipe Types:DYKA PP Binnenriolering_Afvoerbuis 5m:3177956,-
2ybxYTuhXBfv2Sd$Nn3eUU,Pipe Types:DYKA PP Binnenriolering_Afvoerbuis 5m:3177984,-
2ybxYTuhXBfv2Sd$Nn3eUT,Pipe Types:DYKA PP Binnenriolering_Afvoerbuis 5m:3177987,-
2ybxYTuhXBfv2Sd$Nn3eUR,Pipe Types:DYKA PP Binnenriolering_Afvoerbuis 5m:3177989,-
2ybxYTuhXBfv2Sd$Nn3eUP,Pipe Types:DYKA PP Binnenriolering_Afvoerbuis 5m:3177991,-
2ybxYTuhXBfv2Sd$Nn3eUK,Pipe Types:DYKA PP Binnenriolering_Afvoerbuis 5m:3177994,-
2ybxYTuhXBfv2Sd$Nn3eU8,Pipe Types:DYKA PP Binnenriolering_Afvoerbuis 5m:3178006,-
2ybxYTuhXBfv2Sd$Nn3eU7,Pipe Types:DYKA PP Binnenriolering_Afvoerbuis 5m:3178009,-
2ybxYTuhXBfv2Sd$Nn3eU5,Pipe Types:DYKA PP Binnenriolering_Afvoerbuis 5m:3178011,-
2ybxYTuhXBfv2Sd$Nn3eU3,Pipe Types:DYKA PP Binnenriolering_Afvoerbuis 5m:3178013,-
2ybxYTuhXBfv2Sd$Nn3eU_,Pipe Types:DYKA PP Binnenriolering_Afvoerbuis 5m:3178016,-
2ybxYTuhXBfv2Sd$Nn3eUp,Pipe Types:DYKA PP Binnenriolering_Afvoerbuis 5m:3178029,-
2ybxYTuhXBfv2Sd$Nn3eUn,Pipe Types:DYKA PP Binnenriolering_Afvoerbuis 5m:3178031,-
2ybxYTuhXBfv2Sd$Nn3eUl,Pipe Types:DYKA PP Binnenriolering_Afvoerbuis 5m:3178033,-
2ybxYTuhXBfv2Sd$Nn3eUg,Pipe Types:DYKA PP Binnenriolering_Afvoerbuis 5m:3178036,-
2ybxYTuhXBfv2Sd$Nn3eV5,Pipe Types:DYKA PP Binnenriolering_Afvoerbuis 5m:3178075,-
2ybxYTuhXBfv2Sd$Nn3eV3,Pipe Types:DYKA PP Binnenriolering_Afvoerbuis 5m:3178077,-
2ybxYTuhXBfv2Sd$Nn3eVx,Pipe Types:DYKA PP Binnenriolering_Afvoerbuis 5m:3178085,-
2ybxYTuhXBfv2Sd$Nn3eVt,Pipe Types:DYKA PP Binnenriolering_Afvoerbuis 5m:3178089,-
2ybxYTuhXBfv2Sd$Nn3eVr,Pipe Types:DYKA PP Binnenriolering_Afvoerbuis 5m:3178091,-
2ybxYTuhXBfv2Sd$Nn3eVp,Pipe Types:DYKA PP Binnenriolering_Afvoerbuis 5m:3178093,-
2ybxYTuhXBfv2Sd$Nn3eVY,Pipe Types:DYKA PP Binnenriolering_Afvoerbuis 5m:3178108,-
2ybxYTuhXBfv2Sd$Nn3eSL,Pipe Types:DYKA PP Binnenriolering_Afvoerbuis 5m:3178123,-
2ybxYTuhXBfv2Sd$Nn3eSH,Pipe Types:DYKA PP Binnenriolering_Afvoerbuis 5m:3178127,-
2ybxYTuhXBfv2Sd$Nn3eSD,Pipe Types:DYKA PP Binnenriolering_Afvoerbuis 5m:3178131,-
2ybxYTuhXBfv2Sd$Nn3eS9,Pipe Types:DYKA PP Binnenriolering_Afvoerbuis 5m:3178135,-
2ybxYTuhXBfv2Sd$Nn3eS5,Pipe Types:DYKA PP Binnenriolering_Afvoerbuis 5m:3178139,-
2ybxYTuhXBfv2Sd$Nn3eS1,Pipe Types:DYKA PP Binnenriolering_Afvoerbuis 5m:3178143,-
3uZK_uMTTC$ei2jAMXFfti,Pipe Types:DYKA PP Binnenriolering_Afvoerbuis 5m:3178964,-
3uZK_uMTTC$ei2jAMXFfwW,Pipe Types:DYKA PP Binnenriolering_Afvoerbuis 5m:3179160,-
3uZK_uMTTC$ei2jAMXFfwa,Pipe Types:DYKA PP Binnenriolering_Afvoerbuis 5m:3179164,-
3uZK_uMTTC$ei2jAMXFfwG,Pipe Types:DYKA PP Binnenriolering_Afvoerbuis 5m:3179176,-
3uZK_uMTTC$ei2jAMXFfxp,Pipe Types:DYKA PP Binnenriolering_Afvoerbuis 5m:3179211,-
3uZK_uMTTC$ei2jAMXFfxr,Pipe Types:DYKA PP Binnenriolering_Afvoerbuis 5m:3179213,-
3uZK_uMTTC$ei2jAMXFfxZ,Pipe Types:DYKA PP Binnenriolering_Afvoerbuis 5m:3179227,-
3uZK_uMTTC$ei2jAMXFfxb,Pipe Types:DYKA PP Binnenriolering_Afvoerbuis 5m:3179229,-
3uZK_uMTTC$ei2jAMXFfxd,Pipe Types:DYKA PP Binnenriolering_Afvoerbuis 5m:3179231,-
3uZK_uMTTC$ei2jAMXFfxN,Pipe Types:DYKA PP Binnenriolering_Afvoerbuis 5m:3179247,-
3uZK_uMTTC$ei2jAMXFfyi,Pipe Types:DYKA PP Binnenriolering_Afvoerbuis 5m:3179284,-
3uZK_uMTTC$ei2jAMXFfzJ,Pipe Types:DYKA PP Binnenriolering_Afvoerbuis 5m:3179371,-
3uZK_uMTTC$ei2jAMXFffs,Pipe Types:DYKA PP Binnenriolering_Afvoerbuis 5m:3180110,-
12SWQsHpD1tQ4L8J$1aImT,Pipe Types:DYKA PP Binnenriolering_Afvoerbuis 5m:3182084,-
37j7q8NJ180fEFOzdntD_8,Pipe Types:DYKA PP Binnenriolering_Afvoerbuis 5m:3185782,-
37j7q8NJ180fEFOzdntD_7,Pipe Types:DYKA PP Binnenriolering_Afvoerbuis 5m:3185785,-
37j7q8NJ180fEFOzdntDzo,Pipe Types:DYKA PP Binnenriolering_Afvoerbuis 5m:3185804,-
37j7q8NJ180fEFOzdntDzn,Pipe Types:DYKA PP Binnenriolering_Afvoerbuis 5m:3185807,-
37j7q8NJ180fEFOzdntDzi,Pipe Types:DYKA PP Binnenriolering_Afvoerbuis 5m:3185810,-
1w8OnqC9j6AOvpteOrw9WM,Pipe Types:DYKA PP Binnenriolering_Afvoerbuis 5m:3217969,-
1w8OnqC9j6AOvpteOrw9WJ,Pipe Types:DYKA PP Binnenriolering_Afvoerbuis 5m:3217972,-
1w8OnqC9j6AOvpteOrw9X_,Pipe Types:DYKA PP Binnenriolering_Afvoerbuis 5m:3218009,-
1w8OnqC9j6AOvpteOrw9Xy,Pipe Types:DYKA PP Binnenriolering_Afvoerbuis 5m:3218011,-
1w8OnqC9j6AOvpteOrw9Xv,Pipe Types:DYKA PP Binnenriolering_Afvoerbuis 5m:3218014,-
35uVXkEFL7MwH$8RWmLrlh,Pipe Types:DYKA PP Binnenriolering_Afvoerbuis 5m:3317415,-
35uVXkEFL7MwH$8RWmLrlb,Pipe Types:DYKA PP Binnenriolering_Afvoerbuis 5m:3317417,-
35uVXkEFL7MwH$8RWmLrlX,Pipe Types:DYKA PP Binnenriolering_Afvoerbuis 5m:3317421,-
35uVXkEFL7MwH$8RWmLrlZ,Pipe Types:DYKA PP Binnenriolering_Afvoerbuis 5m:3317423,-
35uVXkEFL7MwH$8RWmLrl_,Pipe Types:DYKA PP Binnenriolering_Afvoerbuis 5m:3317426,-
0cgsUXmcf6P9GpsryLRKzg,Pipe Types:DYKA PP Binnenriolering_Afvoerbuis 5m:3580381,-
0cgsUXmcf6P9GpsryLRKzM,Pipe Types:DYKA PP Binnenriolering_Afvoerbuis 5m:3580385,-
0cgsUXmcf6P9GpsryLRKzK,Pipe Types:DYKA PP Binnenriolering_Afvoerbuis 5m:3580387,-
0cgsUXmcf6P9GpsryLRKzI,Pipe Types:DYKA PP Binnenriolering_Afvoerbuis 5m:3580389,-
0cgsUXmcf6P9GpsryLRKzV,Pipe Types:DYKA PP Binnenriolering_Afvoerbuis 5m:3580392,-
0cgsUXmcf6P9GpsryLRKzO,Pipe Types:DYKA PP Binnenriolering_Afvoerbuis 5m:3580399,-
0cgsUXmcf6P9GpsryLRKz2,Pipe Types:DYKA PP Binnenriolering_Afvoerbuis 5m:3580405,-
0cgsUXmcf6P9GpsryLRKzE,Pipe Types:DYKA PP Binnenriolering_Afvoerbuis 5m:3580409,-
0cgsUXmcf6P9GpsryLRKzA,Pipe Types:DYKA PP Binnenriolering_Afvoerbuis 5m:3580413,-
0cgsUXmcf6P9GpsryLRKoq,Pipe Types:DYKA PP Binnenriolering_Afvoerbuis 5m:3580419,-
0cgsUXmcf6P9GpsryLRKom,Pipe Types:DYKA PP Binnenriolering_Afvoerbuis 5m:3580423,-
0cgsUXmcf6P9GpsryLRKo_,Pipe Types:DYKA PP Binnenriolering_Afvoerbuis 5m:3580425,-
0cgsUXmcf6P9GpsryLRKou,Pipe Types:DYKA PP Binnenriolering_Afvoerbuis 5m:3580431,-
0cgsUXmcf6P9GpsryLRKoW,Pipe Types:DYKA PP Binnenriolering_Afvoerbuis 5m:3580439,-
0cgsUXmcf6P9GpsryLRKoT,Pipe Types:DYKA PP Binnenriolering_Afvoerbuis 5m:3580458,-
0cgsUXmcf6P9GpsryLRKoA,Pipe Types:DYKA PP Binnenriolering_Afvoerbuis 5m:3580477,-
0cgsUXmcf6P9GpsryLRKpN,Pipe Types:DYKA PP Binnenriolering_Afvoerbuis 5m:3580512,-
0cgsUXmcf6P9GpsryLRKpT,Pipe Types:DYKA PP Binnenriolering_Afvoerbuis 5m:3580522,-
0cgsUXmcf6P9GpsryLRKpR,Pipe Types:DYKA PP Binnenriolering_Afvoerbuis 5m:3580524,-
0cgsUXmcf6P9GpsryLRKpP,Pipe Types:DYKA PP Binnenriolering_Afvoerbuis 5m:3580526,-
0cgsUXmcf6P9GpsryLRKp7,Pipe Types:DYKA PP Binnenriolering_Afvoerbuis 5m:3580528,-
0cgsUXmcf6P9GpsryLRKp4,Pipe Types:DYKA PP Binnenriolering_Afvoerbuis 5m:3580531,-
0cgsUXmcf6P9GpsryLRKpF,Pipe Types:DYKA PP Binnenriolering_Afvoerbuis 5m:3580536,-
0cgsUXmcf6P9GpsryLRKpD,Pipe Types:DYKA PP Binnenriolering_Afvoerbuis 5m:3580538,-
0cgsUXmcf6P9GpsryLRKmt,Pipe Types:DYKA PP Binnenriolering_Afvoerbuis 5m:3580544,-
0cgsUXmcf6P9GpsryLRKmp,Pipe Types:DYKA PP Binnenriolering_Afvoerbuis 5m:3580548,-
0cgsUXmcf6P9GpsryLRKm$,Pipe Types:DYKA PP Binnenriolering_Afvoerbuis 5m:3580552,-
0cgsUXmcf6P9GpsryLRKmv,Pipe Types:DYKA PP Binnenriolering_Afvoerbuis 5m:3580558,-
0cgsUXmcf6P9GpsryLRKmb,Pipe Types:DYKA PP Binnenriolering_Afvoerbuis 5m:3580562,-
0cgsUXmcf6P9GpsryLRKmZ,Pipe Types:DYKA PP Binnenriolering_Afvoerbuis 5m:3580564,-
0cgsUXmcf6P9GpsryLRKml,Pipe Types:DYKA PP Binnenriolering_Afvoerbuis 5m:3580568,-
0cgsUXmcf6P9GpsryLRKmg,Pipe Types:DYKA PP Binnenriolering_Afvoerbuis 5m:3580573,-
0cgsUXmcf6P9GpsryLRKmN,Pipe Types:DYKA PP Binnenriolering_Afvoerbuis 5m:3580576,-
0cgsUXmcf6P9GpsryLRKm0,Pipe Types:DYKA PP Binnenriolering_Afvoerbuis 5m:3580599,-
0cgsUXmcf6P9GpsryLRKnz,Pipe Types:DYKA PP Binnenriolering_Afvoerbuis 5m:3580618,-
3daArt3wv54OhFidSO2qtx,Pipe Types:DYKA PP Binnenriolering_Afvoerbuis 5m:3668551,-
3daArt3wv54OhFidSO2qts,Pipe Types:DYKA PP Binnenriolering_Afvoerbuis 5m:3668554,-
3daArt3wv54OhFidSO2qtp,Pipe Types:DYKA PP Binnenriolering_Afvoerbuis 5m:3668559,-
3daArt3wv54OhFidSO2qtk,Pipe Types:DYKA PP Binnenriolering_Afvoerbuis 5m:3668562,-
3daArt3wv54OhFidSO2qth,Pipe Types:DYKA PP Binnenriolering_Afvoerbuis 5m:3668567,-
3daArt3wv54OhFidSO2qtc,Pipe Types:DYKA PP Binnenriolering_Afvoerbuis 5m:3668570,-
3daArt3wv54OhFidSO2qtZ,Pipe Types:DYKA PP Binnenriolering_Afvoerbuis 5m:3668575,-
3daArt3wv54OhFidSO2qtU,Pipe Types:DYKA PP Binnenriolering_Afvoerbuis 5m:3668578,-
3daArt3wv54OhFidSO2qtR,Pipe Types:DYKA PP Binnenriolering_Afvoerbuis 5m:3668583,-
3daArt3wv54OhFidSO2qtM,Pipe Types:DYKA PP Binnenriolering_Afvoerbuis 5m:3668586,-
3daArt3wv54OhFidSO2qtJ,Pipe Types:DYKA PP Binnenriolering_Afvoerbuis 5m:3668591,-
3daArt3wv54OhFidSO2qtE,Pipe Types:DYKA PP Binnenriolering_Afvoerbuis 5m:3668594,-
3daArt3wv54OhFidSO2qtB,Pipe Types:DYKA PP Binnenriolering_Afvoerbuis 5m:3668599,-
3daArt3wv54OhFidSO2qt6,Pipe Types:DYKA PP Binnenriolering_Afvoerbuis 5m:3668602,-
3daArt3wv54OhFidSO2qt3,Pipe Types:DYKA PP Binnenriolering_Afvoerbuis 5m:3668607,-
3daArt3wv54OhFidSO2qq_,Pipe Types:DYKA PP Binnenriolering_Afvoerbuis 5m:3668610,-
3daArt3wv54OhFidSO2qqx,Pipe Types:DYKA PP Binnenriolering_Afvoerbuis 5m:3668615,-
3daArt3wv54OhFidSO2qqs,Pipe Types:DYKA PP Binnenriolering_Afvoerbuis 5m:3668618,-
0bH4HOq7jFReGnkoIGtkXW,Pipe Types:DYKA PP Binnenriolering_Afvoerbuis 5m:3669000,-
0bH4HOq7jFReGnkoIGtkaw,Pipe Types:DYKA PP Binnenriolering_Afvoerbuis 5m:3669330,-
0bH4HOq7jFReGnkoIGtkh$,Pipe Types:DYKA PP Binnenriolering_Afvoerbuis 5m:3669655,-
0bH4HOq7jFReGnkoIGtkhn,Pipe Types:DYKA PP Binnenriolering_Afvoerbuis 5m:3669657,-
1u7Hb2R0v4oOiId326cXWs,Pipe Types:DYKA PP Binnenriolering_Afvoerbuis 5m:3670617,-
1u7Hb2R0v4oOiId326cXWq,Pipe Types:DYKA PP Binnenriolering_Afvoerbuis 5m:3670619,-
1u7Hb2R0v4oOiId326cXWG,Pipe Types:DYKA PP Binnenriolering_Afvoerbuis 5m:3670655,-
1u7Hb2R0v4oOiId326cXZI,Pipe Types:DYKA PP Binnenriolering_Afvoerbuis 5m:3670717,-
13$3H_qUfEIBrleKcILK9t,Pipe Types:DYKA PP Binnenriolering_Afvoerbuis 5m:3675446,-
13$3H_qUfEIBrleKcILK85,Pipe Types:DYKA PP Binnenriolering_Afvoerbuis 5m:3675460,-
13$3H_qUfEIBrleKcILK74,Pipe Types:DYKA PP Binnenriolering_Afvoerbuis 5m:3675781,-
13$3H_qUfEIBrleKcILK7A,Pipe Types:DYKA PP Binnenriolering_Afvoerbuis 5m:3675787,-
2AaVAoOlb8bQiBGM_Gc8_z,Pipe Types:DYKA PP Binnenriolering_Afvoerbuis 5m:3679051,-
2AaVAoOlb8bQiBGM_Gc8_Z,Pipe Types:DYKA PP Binnenriolering_Afvoerbuis 5m:3679061,-
2AaVAoOlb8bQiBGM_Gc8_f,Pipe Types:DYKA PP Binnenriolering_Afvoerbuis 5m:3679071,-
2AaVAoOlb8bQiBGM_Gc8_V,Pipe Types:DYKA PP Binnenriolering_Afvoerbuis 5m:3679081,-
2AaVAoOlb8bQiBGM_Gc8_1,Pipe Types:DYKA PP Binnenriolering_Afvoerbuis 5m:3679095,-
1Ow6c83S562xR2ejDQFivX,Pipe Types:DYKA PP Binnenriolering_Afvoerbuis 5m:3686903,-
2YwQ3b5D551uvo1sxYkkMy,Pipe Types:DYKA PP Binnenriolering_Afvoerbuis 5m:3687314,-
2Tkkb7gfnCWfrOsdqGwj2z,Pipe Types:DYKA PP Binnenriolering_Afvoerbuis 5m:3687492,-
0uhy1fr7jDkRWphwnoMANs,Pipe Types:DYKA PP Binnenriolering_Afvoerbuis 5m:3706767,-
0uhy1fr7jDkRWphwnoMAMx,Pipe Types:DYKA PP Binnenriolering_Afvoerbuis 5m:3706818,-
1xbieVE0HFDAvEicbXKgi4,Pipe Types:DYKA PP Binnenriolering_Afvoerbuis 5m:3719947,-
3YvRMIZezC5gveG027qC06,Pipe Types:DYKA PP Binnenriolering_Afvoerbuis 5m:3720057,-
3YvRMIZezC5gveG027qC33,Pipe Types:DYKA PP Binnenriolering_Afvoerbuis 5m:3720124,-
3YvRMIZezC5gveG027qCTU,Pipe Types:DYKA PP Binnenriolering_Afvoerbuis 5m:3720225,-
3YvRMIZezC5gveG027qCPe,Pipe Types:DYKA PP Binnenriolering_Afvoerbuis 5m:3720471,-
3YvRMIZezC5gveG027qCjj,Pipe Types:DYKA PP Binnenriolering_Afvoerbuis 5m:3721234,-
3YvRMIZezC5gveG027qCiL,Pipe Types:DYKA PP Binnenriolering_Afvoerbuis 5m:3721322,-
3YvRMIZezC5gveG027qCiD,Pipe Types:DYKA PP Binnenriolering_Afvoerbuis 5m:3721330,-
3YvRMIZezC5gveG027qClQ,Pipe Types:DYKA PP Binnenriolering_Afvoerbuis 5m:3721381,-
3YvRMIZezC5gveG027qD1G,Pipe Types:DYKA PP Binnenriolering_Afvoerbuis 5m:3724079,-
3YvRMIZezC5gveG027qD1C,Pipe Types:DYKA PP Binnenriolering_Afvoerbuis 5m:3724083,-
3YvRMIZezC5gveG027qD19,Pipe Types:DYKA PP Binnenriolering_Afvoerbuis 5m:3724086,-
3YvRMIZezC5gveG027qD12,Pipe Types:DYKA PP Binnenriolering_Afvoerbuis 5m:3724093,-
3YvRMIZezC5gveG027qD0y,Pipe Types:DYKA PP Binnenriolering_Afvoerbuis 5m:3724099,-
3YvRMIZezC5gveG027qD0w,Pipe Types:DYKA PP Binnenriolering_Afvoerbuis 5m:3724101,-
3YvRMIZezC5gveG027qD0t,Pipe Types:DYKA PP Binnenriolering_Afvoerbuis 5m:3724104,-
3YvRMIZezC5gveG027qD0U,Pipe Types:DYKA PP Binnenriolering_Afvoerbuis 5m:3724129,-
3YvRMIZezC5gveG027qD0Q,Pipe Types:DYKA PP Binnenriolering_Afvoerbuis 5m:3724133,-
3YvRMIZezC5gveG027qD0N,Pipe Types:DYKA PP Binnenriolering_Afvoerbuis 5m:3724136,-
3YvRMIZezC5gveG027qD0G,Pipe Types:DYKA PP Binnenriolering_Afvoerbuis 5m:3724143,-
3YvRMIZezC5gveG027qD0A,Pipe Types:DYKA PP Binnenriolering_Afvoerbuis 5m:3724149,-
3YvRMIZezC5gveG027qD08,Pipe Types:DYKA PP Binnenriolering_Afvoerbuis 5m:3724151,-
3YvRMIZezC5gveG027qD05,Pipe Types:DYKA PP Binnenriolering_Afvoerbuis 5m:3724154,-
3YvRMIZezC5gveG027qD3i,Pipe Types:DYKA PP Binnenriolering_Afvoerbuis 5m:3724179,-
3YvRMIZezC5gveG027qD3e,Pipe Types:DYKA PP Binnenriolering_Afvoerbuis 5m:3724183,-
3YvRMIZezC5gveG027qD3b,Pipe Types:DYKA PP Binnenriolering_Afvoerbuis 5m:3724186,-
3YvRMIZezC5gveG027qD3U,Pipe Types:DYKA PP Binnenriolering_Afvoerbuis 5m:3724193,-
3YvRMIZezC5gveG027qD3O,Pipe Types:DYKA PP Binnenriolering_Afvoerbuis 5m:3724199,-
3YvRMIZezC5gveG027qD3M,Pipe Types:DYKA PP Binnenriolering_Afvoerbuis 5m:3724201,-
3YvRMIZezC5gveG027qD3J,Pipe Types:DYKA PP Binnenriolering_Afvoerbuis 5m:3724204,-
3YvRMIZezC5gveG027qD2w,Pipe Types:DYKA PP Binnenriolering_Afvoerbuis 5m:3724229,-
3YvRMIZezC5gveG027qD2s,Pipe Types:DYKA PP Binnenriolering_Afvoerbuis 5m:3724233,-
3YvRMIZezC5gveG027qD2p,Pipe Types:DYKA PP Binnenriolering_Afvoerbuis 5m:3724236,-
3YvRMIZezC5gveG027qD2i,Pipe Types:DYKA PP Binnenriolering_Afvoerbuis 5m:3724243,-
3YvRMIZezC5gveG027qD2c,Pipe Types:DYKA PP Binnenriolering_Afvoerbuis 5m:3724249,-
3YvRMIZezC5gveG027qD2a,Pipe Types:DYKA PP Binnenriolering_Afvoerbuis 5m:3724251,-
3YvRMIZezC5gveG027qD2X,Pipe Types:DYKA PP Binnenriolering_Afvoerbuis 5m:3724254,-
3YvRMIZezC5gveG027qD28,Pipe Types:DYKA PP Binnenriolering_Afvoerbuis 5m:3724279,-
3YvRMIZezC5gveG027qD24,Pipe Types:DYKA PP Binnenriolering_Afvoerbuis 5m:3724283,-
3YvRMIZezC5gveG027qD21,Pipe Types:DYKA PP Binnenriolering_Afvoerbuis 5m:3724286,-
3YvRMIZezC5gveG027qDTw,Pipe Types:DYKA PP Binnenriolering_Afvoerbuis 5m:3724293,-
3YvRMIZezC5gveG027qDTq,Pipe Types:DYKA PP Binnenriolering_Afvoerbuis 5m:3724299,-
3YvRMIZezC5gveG027qDTo,Pipe Types:DYKA PP Binnenriolering_Afvoerbuis 5m:3724301,-
3YvRMIZezC5gveG027qDTl,Pipe Types:DYKA PP Binnenriolering_Afvoerbuis 5m:3724304,-
3YvRMIZezC5gveG027qDTM,Pipe Types:DYKA PP Binnenriolering_Afvoerbuis 5m:3724329,-
3YvRMIZezC5gveG027qDTI,Pipe Types:DYKA PP Binnenriolering_Afvoerbuis 5m:3724333,-
3YvRMIZezC5gveG027qDTF,Pipe Types:DYKA PP Binnenriolering_Afvoerbuis 5m:3724336,-
3YvRMIZezC5gveG027qDT8,Pipe Types:DYKA PP Binnenriolering_Afvoerbuis 5m:3724343,-
3YvRMIZezC5gveG027qDT2,Pipe Types:DYKA PP Binnenriolering_Afvoerbuis 5m:3724349,-
3YvRMIZezC5gveG027qDT0,Pipe Types:DYKA PP Binnenriolering_Afvoerbuis 5m:3724351,-
3YvRMIZezC5gveG027qDSz,Pipe Types:DYKA PP Binnenriolering_Afvoerbuis 5m:3724354,-
3YvRMIZezC5gveG027qDSa,Pipe Types:DYKA PP Binnenriolering_Afvoerbuis 5m:3724379,-
3YvRMIZezC5gveG027qDSW,Pipe Types:DYKA PP Binnenriolering_Afvoerbuis 5m:3724383,-
3YvRMIZezC5gveG027qDST,Pipe Types:DYKA PP Binnenriolering_Afvoerbuis 5m:3724386,-
3YvRMIZezC5gveG027qDSM,Pipe Types:DYKA PP Binnenriolering_Afvoerbuis 5m:3724393,-
3YvRMIZezC5gveG027qDSG,Pipe Types:DYKA PP Binnenriolering_Afvoerbuis 5m:3724399,-
3YvRMIZezC5gveG027qDSE,Pipe Types:DYKA PP Binnenriolering_Afvoerbuis 5m:3724401,-
3YvRMIZezC5gveG027qDSB,Pipe Types:DYKA PP Binnenriolering_Afvoerbuis 5m:3724404,-
3YvRMIZezC5gveG027qDVo,Pipe Types:DYKA PP Binnenriolering_Afvoerbuis 5m:3724429,-
3YvRMIZezC5gveG027qDVk,Pipe Types:DYKA PP Binnenriolering_Afvoerbuis 5m:3724433,-
3YvRMIZezC5gveG027qDVh,Pipe Types:DYKA PP Binnenriolering_Afvoerbuis 5m:3724436,-
3YvRMIZezC5gveG027qDVa,Pipe Types:DYKA PP Binnenriolering_Afvoerbuis 5m:3724443,-
3YvRMIZezC5gveG027qDVU,Pipe Types:DYKA PP Binnenriolering_Afvoerbuis 5m:3724449,-
3YvRMIZezC5gveG027qDVS,Pipe Types:DYKA PP Binnenriolering_Afvoerbuis 5m:3724451,-
3YvRMIZezC5gveG027qDVP,Pipe Types:DYKA PP Binnenriolering_Afvoerbuis 5m:3724454,-
3YvRMIZezC5gveG027qDV0,Pipe Types:DYKA PP Binnenriolering_Afvoerbuis 5m:3724479,-
3YvRMIZezC5gveG027qDUy,Pipe Types:DYKA PP Binnenriolering_Afvoerbuis 5m:3724483,-
3YvRMIZezC5gveG027qDUv,Pipe Types:DYKA PP Binnenriolering_Afvoerbuis 5m:3724486,-
3YvRMIZezC5gveG027qDUo,Pipe Types:DYKA PP Binnenriolering_Afvoerbuis 5m:3724493,-
3YvRMIZezC5gveG027qDUi,Pipe Types:DYKA PP Binnenriolering_Afvoerbuis 5m:3724499,-
3YvRMIZezC5gveG027qDUg,Pipe Types:DYKA PP Binnenriolering_Afvoerbuis 5m:3724501,-
3YvRMIZezC5gveG027qDUd,Pipe Types:DYKA PP Binnenriolering_Afvoerbuis 5m:3724504,-
3YvRMIZezC5gveG027qDUE,Pipe Types:DYKA PP Binnenriolering_Afvoerbuis 5m:3724529,-
3YvRMIZezC5gveG027qDUA,Pipe Types:DYKA PP Binnenriolering_Afvoerbuis 5m:3724533,-
3YvRMIZezC5gveG027qDU7,Pipe Types:DYKA PP Binnenriolering_Afvoerbuis 5m:3724536,-
3YvRMIZezC5gveG027qDU0,Pipe Types:DYKA PP Binnenriolering_Afvoerbuis 5m:3724543,-
3YvRMIZezC5gveG027qDPw,Pipe Types:DYKA PP Binnenriolering_Afvoerbuis 5m:3724549,-
3YvRMIZezC5gveG027qDPu,Pipe Types:DYKA PP Binnenriolering_Afvoerbuis 5m:3724551,-
3YvRMIZezC5gveG027qDPr,Pipe Types:DYKA PP Binnenriolering_Afvoerbuis 5m:3724554,-
3YvRMIZezC5gveG027qDPS,Pipe Types:DYKA PP Binnenriolering_Afvoerbuis 5m:3724579,-
3YvRMIZezC5gveG027qDPO,Pipe Types:DYKA PP Binnenriolering_Afvoerbuis 5m:3724583,-
3YvRMIZezC5gveG027qDPL,Pipe Types:DYKA PP Binnenriolering_Afvoerbuis 5m:3724586,-
3YvRMIZezC5gveG027qDPE,Pipe Types:DYKA PP Binnenriolering_Afvoerbuis 5m:3724593,-
3YvRMIZezC5gveG027qDP8,Pipe Types:DYKA PP Binnenriolering_Afvoerbuis 5m:3724599,-
3YvRMIZezC5gveG027qDP6,Pipe Types:DYKA PP Binnenriolering_Afvoerbuis 5m:3724601,-
3YvRMIZezC5gveG027qDP3,Pipe Types:DYKA PP Binnenriolering_Afvoerbuis 5m:3724604,-
3YvRMIZezC5gveG027qDOg,Pipe Types:DYKA PP Binnenriolering_Afvoerbuis 5m:3724629,-
3YvRMIZezC5gveG027qDOc,Pipe Types:DYKA PP Binnenriolering_Afvoerbuis 5m:3724633,-
3YvRMIZezC5gveG027qDOZ,Pipe Types:DYKA PP Binnenriolering_Afvoerbuis 5m:3724636,-
3YvRMIZezC5gveG027qDOS,Pipe Types:DYKA PP Binnenriolering_Afvoerbuis 5m:3724643,-
3YvRMIZezC5gveG027qDOM,Pipe Types:DYKA PP Binnenriolering_Afvoerbuis 5m:3724649,-
3YvRMIZezC5gveG027qDOK,Pipe Types:DYKA PP Binnenriolering_Afvoerbuis 5m:3724651,-
3YvRMIZezC5gveG027qDOH,Pipe Types:DYKA PP Binnenriolering_Afvoerbuis 5m:3724654,-
3YvRMIZezC5gveG027qDRu,Pipe Types:DYKA PP Binnenriolering_Afvoerbuis 5m:3724679,-
3YvRMIZezC5gveG027qDRq,Pipe Types:DYKA PP Binnenriolering_Afvoerbuis 5m:3724683,-
3YvRMIZezC5gveG027qDRn,Pipe Types:DYKA PP Binnenriolering_Afvoerbuis 5m:3724686,-
3YvRMIZezC5gveG027qDRg,Pipe Types:DYKA PP Binnenriolering_Afvoerbuis 5m:3724693,-
3YvRMIZezC5gveG027qDRa,Pipe Types:DYKA PP Binnenriolering_Afvoerbuis 5m:3724699,-
3YvRMIZezC5gveG027qDRY,Pipe Types:DYKA PP Binnenriolering_Afvoerbuis 5m:3724701,-
3YvRMIZezC5gveG027qDRV,Pipe Types:DYKA PP Binnenriolering_Afvoerbuis 5m:3724704,-
2NrQjZk3T4Qgq1snH57cP8,Pipe Types:DYKA PP Binnenriolering_Afvoerbuis 5m:3725267,-
2NrQjZk3T4Qgq1snH57cPu,Pipe Types:DYKA PP Binnenriolering_Afvoerbuis 5m:3725283,-
2NrQjZk3T4Qgq1snH57cPY,Pipe Types:DYKA PP Binnenriolering_Afvoerbuis 5m:3725305,-
2NrQjZk3T4Qgq1snH57brS,Pipe Types:DYKA PP Binnenriolering_Afvoerbuis 5m:3730631,-
2NrQjZk3T4Qgq1snH57brI,Pipe Types:DYKA PP Binnenriolering_Afvoerbuis 5m:3730633,-
2NrQjZk3T4Qgq1snH57brK,Pipe Types:DYKA PP Binnenriolering_Afvoerbuis 5m:3730639,-
2NrQjZk3T4Qgq1snH57brm,Pipe Types:DYKA PP Binnenriolering_Afvoerbuis 5m:3730667,-
2NrQjZk3T4Qgq1snH57brs,Pipe Types:DYKA PP Binnenriolering_Afvoerbuis 5m:3730669,-
2NrQjZk3T4Qgq1snH57bre,Pipe Types:DYKA PP Binnenriolering_Afvoerbuis 5m:3730675,-
2NrQjZk3T4Qgq1snH57boK,Pipe Types:DYKA PP Binnenriolering_Afvoerbuis 5m:3730703,-
2NrQjZk3T4Qgq1snH57boA,Pipe Types:DYKA PP Binnenriolering_Afvoerbuis 5m:3730705,-
2NrQjZk3T4Qgq1snH57boC,Pipe Types:DYKA PP Binnenriolering_Afvoerbuis 5m:3730711,-
2NrQjZk3T4Qgq1snH57boe,Pipe Types:DYKA PP Binnenriolering_Afvoerbuis 5m:3730739,-
2NrQjZk3T4Qgq1snH57bok,Pipe Types:DYKA PP Binnenriolering_Afvoerbuis 5m:3730741,-
2NrQjZk3T4Qgq1snH57boW,Pipe Types:DYKA PP Binnenriolering_Afvoerbuis 5m:3730747,-
2NrQjZk3T4Qgq1snH57bpC,Pipe Types:DYKA PP Binnenriolering_Afvoerbuis 5m:3730775,-
2NrQjZk3T4Qgq1snH57bp2,Pipe Types:DYKA PP Binnenriolering_Afvoerbuis 5m:3730777,-
2NrQjZk3T4Qgq1snH57bp4,Pipe Types:DYKA PP Binnenriolering_Afvoerbuis 5m:3730783,-
2NrQjZk3T4Qgq1snH57bpW,Pipe Types:DYKA PP Binnenriolering_Afvoerbuis 5m:3730811,-
2NrQjZk3T4Qgq1snH57bpc,Pipe Types:DYKA PP Binnenriolering_Afvoerbuis 5m:3730813,-
2NrQjZk3T4Qgq1snH57bmO,Pipe Types:DYKA PP Binnenriolering_Afvoerbuis 5m:3730819,-
2NrQjZk3T4Qgq1snH57bm4,Pipe Types:DYKA PP Binnenriolering_Afvoerbuis 5m:3730847,-
2NrQjZk3T4Qgq1snH57bmw,Pipe Types:DYKA PP Binnenriolering_Afvoerbuis 5m:3730849,-
2NrQjZk3T4Qgq1snH57bmy,Pipe Types:DYKA PP Binnenriolering_Afvoerbuis 5m:3730855,-
2NrQjZk3T4Qgq1snH57bnO,Pipe Types:DYKA PP Binnenriolering_Afvoerbuis 5m:3730883,-
2NrQjZk3T4Qgq1snH57bnU,Pipe Types:DYKA PP Binnenriolering_Afvoerbuis 5m:3730885,-
2NrQjZk3T4Qgq1snH57bnG,Pipe Types:DYKA PP Binnenriolering_Afvoerbuis 5m:3730891,-
2NrQjZk3T4Qgq1snH57bny,Pipe Types:DYKA PP Binnenriolering_Afvoerbuis 5m:3730919,-
2NrQjZk3T4Qgq1snH57bno,Pipe Types:DYKA PP Binnenriolering_Afvoerbuis 5m:3730921,-
2NrQjZk3T4Qgq1snH57bnq,Pipe Types:DYKA PP Binnenriolering_Afvoerbuis 5m:3730927,-
2NrQjZk3T4Qgq1snH57b_G,Pipe Types:DYKA PP Binnenriolering_Afvoerbuis 5m:3730955,-
2NrQjZk3T4Qgq1snH57b_M,Pipe Types:DYKA PP Binnenriolering_Afvoerbuis 5m:3730957,-
2NrQjZk3T4Qgq1snH57b_8,Pipe Types:DYKA PP Binnenriolering_Afvoerbuis 5m:3730963,-
2NrQjZk3T4Qgq1snH57b_q,Pipe Types:DYKA PP Binnenriolering_Afvoerbuis 5m:3730991,-
2NrQjZk3T4Qgq1snH57b_g,Pipe Types:DYKA PP Binnenriolering_Afvoerbuis 5m:3730993,-
2NrQjZk3T4Qgq1snH57b_i,Pipe Types:DYKA PP Binnenriolering_Afvoerbuis 5m:3730999,-
2NrQjZk3T4Qgq1snH57b$8,Pipe Types:DYKA PP Binnenriolering_Afvoerbuis 5m:3731027,-
2NrQjZk3T4Qgq1snH57b$E,Pipe Types:DYKA PP Binnenriolering_Afvoerbuis 5m:3731029,-
2NrQjZk3T4Qgq1snH57b$0,Pipe Types:DYKA PP Binnenriolering_Afvoerbuis 5m:3731035,-
2NrQjZk3T4Qgq1snH57akw,Pipe Types:DYKA PP Binnenriolering_Afvoerbuis 5m:3734049,-
2NrQjZk3T4Qgq1snH57ar1,Pipe Types:DYKA PP Binnenriolering_Afvoerbuis 5m:3734746,-
2NrQjZk3T4Qgq1snH57arn,Pipe Types:DYKA PP Binnenriolering_Afvoerbuis 5m:3734762,-
2NrQjZk3T4Qgq1snH57arX,Pipe Types:DYKA PP Binnenriolering_Afvoerbuis 5m:3734778,-
2NrQjZk3T4Qgq1snH57aoH,Pipe Types:DYKA PP Binnenriolering_Afvoerbuis 5m:3734794,-
2NrQjZk3T4Qgq1snH57ao1,Pipe Types:DYKA PP Binnenriolering_Afvoerbuis 5m:3734810,-
2NrQjZk3T4Qgq1snH57aon,Pipe Types:DYKA PP Binnenriolering_Afvoerbuis 5m:3734826,-
2NrQjZk3T4Qgq1snH57aoX,Pipe Types:DYKA PP Binnenriolering_Afvoerbuis 5m:3734842,-
2NrQjZk3T4Qgq1snH57apH,Pipe Types:DYKA PP Binnenriolering_Afvoerbuis 5m:3734858,-
2NrQjZk3T4Qgq1snH57ap1,Pipe Types:DYKA PP Binnenriolering_Afvoerbuis 5m:3734874,-
2NrQjZk3T4Qgq1snH57apn,Pipe Types:DYKA PP Binnenriolering_Afvoerbuis 5m:3734890,-
2NrQjZk3T4Qgq1snH57apX,Pipe Types:DYKA PP Binnenriolering_Afvoerbuis 5m:3734906,-
2NrQjZk3T4Qgq1snH57amH,Pipe Types:DYKA PP Binnenriolering_Afvoerbuis 5m:3734922,-
2DCeM0xdL9SO$lFO_qpxY7,Pipe Types:DYKA PP Binnenriolering_Afvoerbuis 5m:3736818,-
2DCeM0xdL9SO$lFO_qpxbG,Pipe Types:DYKA PP Binnenriolering_Afvoerbuis 5m:3736869,-
2DCeM0xdL9SO$lFO_qpxIO,Pipe Types:DYKA PP Binnenriolering_Afvoerbuis 5m:3737837,-
2DCeM0xdL9SO$lFO_qpxMb,Pipe Types:DYKA PP Binnenriolering_Afvoerbuis 5m:3738064,-
2DCeM0xdL9SO$lFO_qpxOI,Pipe Types:DYKA PP Binnenriolering_Afvoerbuis 5m:3738215,-
2DCeM0xdL9SO$lFO_qpxO5,Pipe Types:DYKA PP Binnenriolering_Afvoerbuis 5m:3738224,-
2DCeM0xdL9SO$lFO_qpxBr,Pipe Types:DYKA PP Binnenriolering_Afvoerbuis 5m:3739264,-
2DCeM0xdL9SO$lFO_qpxBt,Pipe Types:DYKA PP Binnenriolering_Afvoerbuis 5m:3739266,-
2DCeM0xdL9SO$lFO_qpxBX,Pipe Types:DYKA PP Binnenriolering_Afvoerbuis 5m:3739284,-
2DCeM0xdL9SO$lFO_qpxBl,Pipe Types:DYKA PP Binnenriolering_Afvoerbuis 5m:3739290,-
2DCeM0xdL9SO$lFO_qpxBN,Pipe Types:DYKA PP Binnenriolering_Afvoerbuis 5m:3739298,-
2DCeM0xdL9SO$lFO_qpxBG,Pipe Types:DYKA PP Binnenriolering_Afvoerbuis 5m:3739301,-
2DCeM0xdL9SO$lFO_qpxBC,Pipe Types:DYKA PP Binnenriolering_Afvoerbuis 5m:3739321,-
2DCeM0xdL9SO$lFO_qpxBE,Pipe Types:DYKA PP Binnenriolering_Afvoerbuis 5m:3739323,-
2DCeM0xdL9SO$lFO_qpxAu,Pipe Types:DYKA PP Binnenriolering_Afvoerbuis 5m:3739341,-
2DCeM0xdL9SO$lFO_qpxAc,Pipe Types:DYKA PP Binnenriolering_Afvoerbuis 5m:3739347,-
2DCeM0xdL9SO$lFO_qpxAk,Pipe Types:DYKA PP Binnenriolering_Afvoerbuis 5m:3739355,-
2DCeM0xdL9SO$lFO_qpxAh,Pipe Types:DYKA PP Binnenriolering_Afvoerbuis 5m:3739358,-
2DCeM0xdL9SO$lFO_qpxA7,Pipe Types:DYKA PP Binnenriolering_Afvoerbuis 5m:3739378,-
2DCeM0xdL9SO$lFO_qpxA1,Pipe Types:DYKA PP Binnenriolering_Afvoerbuis 5m:3739380,-
2DCeM0xdL9SO$lFO_qpxDp,Pipe Types:DYKA PP Binnenriolering_Afvoerbuis 5m:3739398,-
2DCeM0xdL9SO$lFO_qpxDv,Pipe Types:DYKA PP Binnenriolering_Afvoerbuis 5m:3739404,-
2DCeM0xdL9SO$lFO_qpxDX,Pipe Types:DYKA PP Binnenriolering_Afvoerbuis 5m:3739412,-
2DCeM0xdL9SO$lFO_qpxDY,Pipe Types:DYKA PP Binnenriolering_Afvoerbuis 5m:3739415,-
2DCeM0xdL9SO$lFO_qpxDU,Pipe Types:DYKA PP Binnenriolering_Afvoerbuis 5m:3739435,-
2DCeM0xdL9SO$lFO_qpxDO,Pipe Types:DYKA PP Binnenriolering_Afvoerbuis 5m:3739437,-
2DCeM0xdL9SO$lFO_qpxDA,Pipe Types:DYKA PP Binnenriolering_Afvoerbuis 5m:3739455,-
2DCeM0xdL9SO$lFO_qpxCm,Pipe Types:DYKA PP Binnenriolering_Afvoerbuis 5m:3739461,-
2DCeM0xdL9SO$lFO_qpxCu,Pipe Types:DYKA PP Binnenriolering_Afvoerbuis 5m:3739469,-
2DCeM0xdL9SO$lFO_qpxCb,Pipe Types:DYKA PP Binnenriolering_Afvoerbuis 5m:3739472,-
06m7k5xOv6C9V17ZI83Yer,Pipe Types:DYKA PP Binnenriolering_Afvoerbuis 5m:3740931,-
06m7k5xOv6C9V17ZI83YgF,Pipe Types:DYKA PP Binnenriolering_Afvoerbuis 5m:3741113,-
06m7k5xOv6C9V17ZI83YgB,Pipe Types:DYKA PP Binnenriolering_Afvoerbuis 5m:3741117,-
06m7k5xOv6C9V17ZI83Yht,Pipe Types:DYKA PP Binnenriolering_Afvoerbuis 5m:3741121,-
06m7k5xOv6C9V17ZI83Yhp,Pipe Types:DYKA PP Binnenriolering_Afvoerbuis 5m:3741125,-
29PVPAJ2f0cx4Th7G4QGdc,Pipe Types:DYKA PP Binnenriolering_Afvoerbuis 5m:3744148,-
29PVPAJ2f0cx4Th7G4QGdg,Pipe Types:DYKA PP Binnenriolering_Afvoerbuis 5m:3744152,-
29PVPAJ2f0cx4Th7G4QGdf,Pipe Types:DYKA PP Binnenriolering_Afvoerbuis 5m:3744155,-
29PVPAJ2f0cx4Th7G4QGdj,Pipe Types:DYKA PP Binnenriolering_Afvoerbuis 5m:3744159,-
29PVPAJ2f0cx4Th7G4QGdN,Pipe Types:DYKA PP Binnenriolering_Afvoerbuis 5m:3744165,-
29PVPAJ2f0cx4Th7G4QGdL,Pipe Types:DYKA PP Binnenriolering_Afvoerbuis 5m:3744167,-
29PVPAJ2f0cx4Th7G4QGdR,Pipe Types:DYKA PP Binnenriolering_Afvoerbuis 5m:3744169,-
29PVPAJ2f0cx4Th7G4QGdB,Pipe Types:DYKA PP Binnenriolering_Afvoerbuis 5m:3744185,-
29PVPAJ2f0cx4Th7G4QGdD,Pipe Types:DYKA PP Binnenriolering_Afvoerbuis 5m:3744191,-
29PVPAJ2f0cx4Th7G4QGcr,Pipe Types:DYKA PP Binnenriolering_Afvoerbuis 5m:3744199,-
29PVPAJ2f0cx4Th7G4QGcu,Pipe Types:DYKA PP Binnenriolering_Afvoerbuis 5m:3744202,-
29PVPAJ2f0cx4Th7G4QGcd,Pipe Types:DYKA PP Binnenriolering_Afvoerbuis 5m:3744213,-
29PVPAJ2f0cx4Th7G4QGcS,Pipe Types:DYKA PP Binnenriolering_Afvoerbuis 5m:3744238,-
29PVPAJ2f0cx4Th7G4QGkz,Pipe Types:DYKA PP Binnenriolering_Afvoerbuis 5m:3744719,-
29PVPAJ2f0cx4Th7G4QGkd,Pipe Types:DYKA PP Binnenriolering_Afvoerbuis 5m:3744725,-
29PVPAJ2f0cx4Th7G4QGkf,Pipe Types:DYKA PP Binnenriolering_Afvoerbuis 5m:3744731,-
29PVPAJ2f0cx4Th7G4QGkJ,Pipe Types:DYKA PP Binnenriolering_Afvoerbuis 5m:3744737,-
29PVPAJ2f0cx4Th7G4QGtB,Pipe Types:DYKA PP Binnenriolering_Afvoerbuis 5m:3745209,-
29PVPAJ2f0cx4Th7G4QGtF,Pipe Types:DYKA PP Binnenriolering_Afvoerbuis 5m:3745213,-
29PVPAJ2f0cx4Th7G4QGso,Pipe Types:DYKA PP Binnenriolering_Afvoerbuis 5m:3745216,-
29PVPAJ2f0cx4Th7G4QGss,Pipe Types:DYKA PP Binnenriolering_Afvoerbuis 5m:3745220,-
29PVPAJ2f0cx4Th7G4QGsu,Pipe Types:DYKA PP Binnenriolering_Afvoerbuis 5m:3745226,-
29PVPAJ2f0cx4Th7G4QGs_,Pipe Types:DYKA PP Binnenriolering_Afvoerbuis 5m:3745228,-
29PVPAJ2f0cx4Th7G4QGsy,Pipe Types:DYKA PP Binnenriolering_Afvoerbuis 5m:3745230,-
29PVPAJ2f0cx4Th7G4QGsi,Pipe Types:DYKA PP Binnenriolering_Afvoerbuis 5m:3745246,-
29PVPAJ2f0cx4Th7G4QGsM,Pipe Types:DYKA PP Binnenriolering_Afvoerbuis 5m:3745252,-
29PVPAJ2f0cx4Th7G4QGsU,Pipe Types:DYKA PP Binnenriolering_Afvoerbuis 5m:3745260,-
29PVPAJ2f0cx4Th7G4QGsT,Pipe Types:DYKA PP Binnenriolering_Afvoerbuis 5m:3745263,-
29PVPAJ2f0cx4Th7G4QGs8,Pipe Types:DYKA PP Binnenriolering_Afvoerbuis 5m:3745274,-
29PVPAJ2f0cx4Th7G4QGvt,Pipe Types:DYKA PP Binnenriolering_Afvoerbuis 5m:3745285,-
29PVPAJ2f0cx4Th7G4QGvx,Pipe Types:DYKA PP Binnenriolering_Afvoerbuis 5m:3745289,-
29PVPAJ2f0cx4Th7G4QGv_,Pipe Types:DYKA PP Binnenriolering_Afvoerbuis 5m:3745292,-
29PVPAJ2f0cx4Th7G4QGvY,Pipe Types:DYKA PP Binnenriolering_Afvoerbuis 5m:3745296,-
29PVPAJ2f0cx4Th7G4QGva,Pipe Types:DYKA PP Binnenriolering_Afvoerbuis 5m:3745302,-
29PVPAJ2f0cx4Th7G4QGvg,Pipe Types:DYKA PP Binnenriolering_Afvoerbuis 5m:3745304,-
29PVPAJ2f0cx4Th7G4QGve,Pipe Types:DYKA PP Binnenriolering_Afvoerbuis 5m:3745306,-
29PVPAJ2f0cx4Th7G4QGvO,Pipe Types:DYKA PP Binnenriolering_Afvoerbuis 5m:3745322,-
29PVPAJ2f0cx4Th7G4QGv2,Pipe Types:DYKA PP Binnenriolering_Afvoerbuis 5m:3745328,-
29PVPAJ2f0cx4Th7G4QGvA,Pipe Types:DYKA PP Binnenriolering_Afvoerbuis 5m:3745336,-
29PVPAJ2f0cx4Th7G4QGv9,Pipe Types:DYKA PP Binnenriolering_Afvoerbuis 5m:3745339,-
29PVPAJ2f0cx4Th7G4QGuq,Pipe Types:DYKA PP Binnenriolering_Afvoerbuis 5m:3745350,-
29PVPAJ2f0cx4Th7G4QGuZ,Pipe Types:DYKA PP Binnenriolering_Afvoerbuis 5m:3745361,-
29PVPAJ2f0cx4Th7G4QGud,Pipe Types:DYKA PP Binnenriolering_Afvoerbuis 5m:3745365,-
29PVPAJ2f0cx4Th7G4QGug,Pipe Types:DYKA PP Binnenriolering_Afvoerbuis 5m:3745368,-
29PVPAJ2f0cx4Th7G4QGuk,Pipe Types:DYKA PP Binnenriolering_Afvoerbuis 5m:3745372,-
29PVPAJ2f0cx4Th7G4QGuG,Pipe Types:DYKA PP Binnenriolering_Afvoerbuis 5m:3745378,-
29PVPAJ2f0cx4Th7G4QGuM,Pipe Types:DYKA PP Binnenriolering_Afvoerbuis 5m:3745380,-
29PVPAJ2f0cx4Th7G4QGuK,Pipe Types:DYKA PP Binnenriolering_Afvoerbuis 5m:3745382,-
29PVPAJ2f0cx4Th7G4QGu4,Pipe Types:DYKA PP Binnenriolering_Afvoerbuis 5m:3745398,-
29PVPAJ2f0cx4Th7G4QGuE,Pipe Types:DYKA PP Binnenriolering_Afvoerbuis 5m:3745404,-
29PVPAJ2f0cx4Th7G4QGxs,Pipe Types:DYKA PP Binnenriolering_Afvoerbuis 5m:3745412,-
29PVPAJ2f0cx4Th7G4QGxr,Pipe Types:DYKA PP Binnenriolering_Afvoerbuis 5m:3745415,-
29PVPAJ2f0cx4Th7G4QGxW,Pipe Types:DYKA PP Binnenriolering_Afvoerbuis 5m:3745426,-
29PVPAJ2f0cx4Th7G4QGxl,Pipe Types:DYKA PP Binnenriolering_Afvoerbuis 5m:3745437,-
29PVPAJ2f0cx4Th7G4QGxJ,Pipe Types:DYKA PP Binnenriolering_Afvoerbuis 5m:3745441,-
29PVPAJ2f0cx4Th7G4QGxM,Pipe Types:DYKA PP Binnenriolering_Afvoerbuis 5m:3745444,-
29PVPAJ2f0cx4Th7G4QGxQ,Pipe Types:DYKA PP Binnenriolering_Afvoerbuis 5m:3745448,-
29PVPAJ2f0cx4Th7G4QGxS,Pipe Types:DYKA PP Binnenriolering_Afvoerbuis 5m:3745454,-
29PVPAJ2f0cx4Th7G4QGx2,Pipe Types:DYKA PP Binnenriolering_Afvoerbuis 5m:3745456,-
29PVPAJ2f0cx4Th7G4QGx0,Pipe Types:DYKA PP Binnenriolering_Afvoerbuis 5m:3745458,-
29PVPAJ2f0cx4Th7G4QGwm,Pipe Types:DYKA PP Binnenriolering_Afvoerbuis 5m:3745474,-
29PVPAJ2f0cx4Th7G4QGww,Pipe Types:DYKA PP Binnenriolering_Afvoerbuis 5m:3745480,-
29PVPAJ2f0cx4Th7G4QGwY,Pipe Types:DYKA PP Binnenriolering_Afvoerbuis 5m:3745488,-
29PVPAJ2f0cx4Th7G4QGwX,Pipe Types:DYKA PP Binnenriolering_Afvoerbuis 5m:3745491,-
29PVPAJ2f0cx4Th7G4QGwi,Pipe Types:DYKA PP Binnenriolering_Afvoerbuis 5m:3745502,-
1B4B42rEv6bxJr6oMMH0yr,Pipe Types:DYKA PP Binnenriolering_Afvoerbuis 5m:3745577,-
1B4B42rEv6bxJr6oMMH06F,Pipe Types:DYKA PP Binnenriolering_Afvoerbuis 5m:3746195,-
1B4B42rEv6bxJr6oMMH065,Pipe Types:DYKA PP Binnenriolering_Afvoerbuis 5m:3746201,-
1B4B42rEv6bxJr6oMMH063,Pipe Types:DYKA PP Binnenriolering_Afvoerbuis 5m:3746207,-
1B4B42rEv6bxJr6oMMH06v,Pipe Types:DYKA PP Binnenriolering_Afvoerbuis 5m:3746213,-
0DtjJo3VjDR8nazjl2ADWM,Pipe Types:DYKA PP Binnenriolering_Afvoerbuis 5m:4000254,-
0DtjJo3VjDR8nazjl2ADle,Pipe Types:DYKA PP Binnenriolering_Afvoerbuis 5m:4000256,-
0DtjJo3VjDR8nazjl2ADlg,Pipe Types:DYKA PP Binnenriolering_Afvoerbuis 5m:4000258,-
0DtjJo3VjDR8nazjl2ADli,Pipe Types:DYKA PP Binnenriolering_Afvoerbuis 5m:4000260,-
0DtjJo3VjDR8nazjl2ADlk,Pipe Types:DYKA PP Binnenriolering_Afvoerbuis 5m:4000262,-
0DtjJo3VjDR8nazjl2ADla,Pipe Types:DYKA PP Binnenriolering_Afvoerbuis 5m:4000268,-
0DtjJo3VjDR8nazjl2ADld,Pipe Types:DYKA PP Binnenriolering_Afvoerbuis 5m:4000271,-
0DtjJo3VjDR8nazjl2ADlo,Pipe Types:DYKA PP Binnenriolering_Afvoerbuis 5m:4000282,-
0DtjJo3VjDR8nazjl2ADl8,Pipe Types:DYKA PP Binnenriolering_Afvoerbuis 5m:4000288,-
0DtjJo3VjDR8nazjl2ADlA,Pipe Types:DYKA PP Binnenriolering_Afvoerbuis 5m:4000290,-
0DtjJo3VjDR8nazjl2ADlE,Pipe Types:DYKA PP Binnenriolering_Afvoerbuis 5m:4000294,-
0DtjJo3VjDR8nazjl2ADl0,Pipe Types:DYKA PP Binnenriolering_Afvoerbuis 5m:4000296,-
0DtjJo3VjDR8nazjl2ADl4,Pipe Types:DYKA PP Binnenriolering_Afvoerbuis 5m:4000300,-
0DtjJo3VjDR8nazjl2ADlR,Pipe Types:DYKA PP Binnenriolering_Afvoerbuis 5m:4000307,-
0DtjJo3VjDR8nazjl2ADlL,Pipe Types:DYKA PP Binnenriolering_Afvoerbuis 5m:4000317,-
0DtjJo3VjDR8nazjl2ADka,Pipe Types:DYKA PP Binnenriolering_Afvoerbuis 5m:4000332,-
0DtjJo3VjDR8nazjl2ADkc,Pipe Types:DYKA PP Binnenriolering_Afvoerbuis 5m:4000334,-
0DtjJo3VjDR8nazjl2ADku,Pipe Types:DYKA PP Binnenriolering_Afvoerbuis 5m:4000336,-
0DtjJo3VjDR8nazjl2ADky,Pipe Types:DYKA PP Binnenriolering_Afvoerbuis 5m:4000340,-
0DtjJo3VjDR8nazjl2ADkn,Pipe Types:DYKA PP Binnenriolering_Afvoerbuis 5m:4000345,-
0DtjJo3VjDR8nazjl2ADkp,Pipe Types:DYKA PP Binnenriolering_Afvoerbuis 5m:4000347,-
0DtjJo3VjDR8nazjl2ADk3,Pipe Types:DYKA PP Binnenriolering_Afvoerbuis 5m:4000363,-
0DtjJo3VjDR8nazjl2ADk6,Pipe Types:DYKA PP Binnenriolering_Afvoerbuis 5m:4000366,-
0DtjJo3VjDR8nazjl2ADkQ,Pipe Types:DYKA PP Binnenriolering_Afvoerbuis 5m:4000370,-
0DtjJo3VjDR8nazjl2ADkT,Pipe Types:DYKA PP Binnenriolering_Afvoerbuis 5m:4000373,-
0DtjJo3VjDR8nazjl2ADjh,Pipe Types:DYKA PP Binnenriolering_Afvoerbuis 5m:4000387,-
0DtjJo3VjDR8nazjl2ADv7,Pipe Types:DYKA PP Binnenriolering_Afvoerbuis 5m:4001711,-
0DtjJo3VjDR8nazjl2ADvT,Pipe Types:DYKA PP Binnenriolering_Afvoerbuis 5m:4001717,-
0DtjJo3VjDR8nazjl2AC6B,Pipe Types:DYKA PP Binnenriolering_Afvoerbuis 5m:4001891,-
0DtjJo3VjDR8nazjl2AC6D,Pipe Types:DYKA PP Binnenriolering_Afvoerbuis 5m:4001893,-
0DtjJo3VjDR8nazjl2ACF$,Pipe Types:DYKA PP Binnenriolering_Afvoerbuis 5m:4002327,-
0DtjJo3VjDR8nazjl2ACFr,Pipe Types:DYKA PP Binnenriolering_Afvoerbuis 5m:4002333,-
0DtjJo3VjDR8nazjl2ACCn,Pipe Types:DYKA PP Binnenriolering_Afvoerbuis 5m:4002521,-
0DtjJo3VjDR8nazjl2ACCp,Pipe Types:DYKA PP Binnenriolering_Afvoerbuis 5m:4002523,-
0CFQRRRbDEkfn5sZRdOBZh,Pipe Types:DYKA PP Binnenriolering_Afvoerbuis 5m:4004380,-
0CFQRRRbDEkfn5sZRdOBYs,Pipe Types:DYKA PP Binnenriolering_Afvoerbuis 5m:4004417,-
0CFQRRRbDEkfn5sZRdOBWj,Pipe Types:DYKA PP Binnenriolering_Afvoerbuis 5m:4004570,-
0CFQRRRbDEkfn5sZRdOBd4,Pipe Types:DYKA PP Binnenriolering_Afvoerbuis 5m:4004659,-
0CFQRRRbDEkfn5sZRdOBcq,Pipe Types:DYKA PP Binnenriolering_Afvoerbuis 5m:4004675,-
2QnWhfdtj9rxv0_kyM8eia,Pipe Types:DYKA PP Binnenriolering_Afvoerbuis 5m:4005067,-
2QnWhfdtj9rxv0_kyM8eis,Pipe Types:DYKA PP Binnenriolering_Afvoerbuis 5m:4005081,-
2QnWhfdtj9rxv0_kyM8edx,Pipe Types:DYKA PP Binnenriolering_Afvoerbuis 5m:4005396,-
2QnWhfdtj9rxv0_kyM8ecr,Pipe Types:DYKA PP Binnenriolering_Afvoerbuis 5m:4005466,-
2QnWhfdtj9rxv0_kyM8ec5,Pipe Types:DYKA PP Binnenriolering_Afvoerbuis 5m:4005482,-
2QnWhfdtj9rxv0_kyM8hLL,Pipe Types:DYKA PP Binnenriolering_Afvoerbuis 5m:4006586,-
2QnWhfdtj9rxv0_kyM8hKh,Pipe Types:DYKA PP Binnenriolering_Afvoerbuis 5m:4006596,-
2QnWhfdtj9rxv0_kyM8hK2,Pipe Types:DYKA PP Binnenriolering_Afvoerbuis 5m:4006637,-
2QnWhfdtj9rxv0_kyM8hKM,Pipe Types:DYKA PP Binnenriolering_Afvoerbuis 5m:4006649,-
2QnWhfdtj9rxv0_kyM8hEP,Pipe Types:DYKA PP Binnenriolering_Afvoerbuis 5m:4007030,-
2QnWhfdtj9rxv0_kyM8hEH,Pipe Types:DYKA PP Binnenriolering_Afvoerbuis 5m:4007038,-
2QnWhfdtj9rxv0_kyM8hDF,Pipe Types:DYKA PP Binnenriolering_Afvoerbuis 5m:4007072,-
2QnWhfdtj9rxv0_kyM8hD3,Pipe Types:DYKA PP Binnenriolering_Afvoerbuis 5m:4007084,-
2QnWhfdtj9rxv0_kyM8jCK,Pipe Types:DYKA PP Binnenriolering_Afvoerbuis 5m:4015355,-
2QnWhfdtj9rxv0_kyM8jB$,Pipe Types:DYKA PP Binnenriolering_Afvoerbuis 5m:4015376,-
2QnWhfdtj9rxv0_kyM8jA_,Pipe Types:DYKA PP Binnenriolering_Afvoerbuis 5m:4015441,-
2QnWhfdtj9rxv0_kyM8j3$,Pipe Types:DYKA PP Binnenriolering_Afvoerbuis 5m:4015888,-
2QnWhfdtj9rxv0_kyM8j3v,Pipe Types:DYKA PP Binnenriolering_Afvoerbuis 5m:4015894,-
2QnWhfdtj9rxv0_kyM8j3o,Pipe Types:DYKA PP Binnenriolering_Afvoerbuis 5m:4015901,-
2QnWhfdtj9rxv0_kyM8j34,Pipe Types:DYKA PP Binnenriolering_Afvoerbuis 5m:4015915,-
2QnWhfdtj9rxv0_kyM8j3U,Pipe Types:DYKA PP Binnenriolering_Afvoerbuis 5m:4015921,-
2QnWhfdtj9rxv0_kyM8j3N,Pipe Types:DYKA PP Binnenriolering_Afvoerbuis 5m:4015928,-
0YHP_z$l14ywWQBK6RD$5W,Pipe Types:DYKA PP Binnenriolering_Afvoerbuis 5m:4016534,-
0YHP_z$l14ywWQBK6RD$8C,Pipe Types:DYKA PP Binnenriolering_Afvoerbuis 5m:4016890,-
0YHP_z$l14ywWQBK6RD$Fu,Pipe Types:DYKA PP Binnenriolering_Afvoerbuis 5m:4016910,-
0YHP_z$l14ywWQBK6RD$Ef,Pipe Types:DYKA PP Binnenriolering_Afvoerbuis 5m:4016991,-
0YHP_z$l14ywWQBK6RD$E7,Pipe Types:DYKA PP Binnenriolering_Afvoerbuis 5m:4017009,-
0YHP_z$l14ywWQBK6RD$Dz,Pipe Types:DYKA PP Binnenriolering_Afvoerbuis 5m:4017035,-
0YHP_z$l14ywWQBK6RD$Dd,Pipe Types:DYKA PP Binnenriolering_Afvoerbuis 5m:4017041,-
0YHP_z$l14ywWQBK6RD$NA,Pipe Types:DYKA PP Binnenriolering_Afvoerbuis 5m:4017468,-
0YHP_z$l14ywWQBK6RD$Mt,Pipe Types:DYKA PP Binnenriolering_Afvoerbuis 5m:4017473,-
0YHP_z$l14ywWQBK6RD$M_,Pipe Types:DYKA PP Binnenriolering_Afvoerbuis 5m:4017480,-
0YHP_z$l14ywWQBK6RD$My,Pipe Types:DYKA PP Binnenriolering_Afvoerbuis 5m:4017482,-
0YHP_z$l14ywWQBK6RD$Mk,Pipe Types:DYKA PP Binnenriolering_Afvoerbuis 5m:4017496,-
0YHP_z$l14ywWQBK6RD$Mh,Pipe Types:DYKA PP Binnenriolering_Afvoerbuis 5m:4017501,-
0YHP_z$l14ywWQBK6RD$MI,Pipe Types:DYKA PP Binnenriolering_Afvoerbuis 5m:4017508,-
0YHP_z$l14ywWQBK6RD$MG,Pipe Types:DYKA PP Binnenriolering_Afvoerbuis 5m:4017510,-
1aSn07BFX4fhyYo1G4AYod,Pipe Types:DYKA PP Binnenriolering_Afvoerbuis 5m:4018024,-
1aSn07BFX4fhyYo1G4AYnz,Pipe Types:DYKA PP Binnenriolering_Afvoerbuis 5m:4018098,-
1aSn07BFX4fhyYo1G4AYmD,Pipe Types:DYKA PP Binnenriolering_Afvoerbuis 5m:4018114,-
1aSn07BFX4fhyYo1G4AZA_,Pipe Types:DYKA PP Binnenriolering_Afvoerbuis 5m:4018545,-
1aSn07BFX4fhyYo1G4AZAw,Pipe Types:DYKA PP Binnenriolering_Afvoerbuis 5m:4018549,-
1aSn07BFX4fhyYo1G4AZAp,Pipe Types:DYKA PP Binnenriolering_Afvoerbuis 5m:4018556,-
1aSn07BFX4fhyYo1G4AZ8D,Pipe Types:DYKA PP Binnenriolering_Afvoerbuis 5m:4018626,-
1aSn07BFX4fhyYo1G4AZ89,Pipe Types:DYKA PP Binnenriolering_Afvoerbuis 5m:4018630,-
1aSn07BFX4fhyYo1G4AZ82,Pipe Types:DYKA PP Binnenriolering_Afvoerbuis 5m:4018637,-
1aSn07BFX4fhyYo1G4AZ8h,Pipe Types:DYKA PP Binnenriolering_Afvoerbuis 5m:4018660,-
1aSn07BFX4fhyYo1G4AZ8d,Pipe Types:DYKA PP Binnenriolering_Afvoerbuis 5m:4018664,-
1aSn07BFX4fhyYo1G4AZ8W,Pipe Types:DYKA PP Binnenriolering_Afvoerbuis 5m:4018671,-
1aSn07BFX4fhyYo1G4AZRK,Pipe Types:DYKA PP Binnenriolering_Afvoerbuis 5m:4019483,-
1aSn07BFX4fhyYo1G4AZRi,Pipe Types:DYKA PP Binnenriolering_Afvoerbuis 5m:4019491,-
1aSn07BFX4fhyYo1G4AZQu,Pipe Types:DYKA PP Binnenriolering_Afvoerbuis 5m:4019575,-
1aSn07BFX4fhyYo1G4AZNy,Pipe Types:DYKA PP Binnenriolering_Afvoerbuis 5m:4019763,-
1aSn07BFX4fhyYo1G4AZNw,Pipe Types:DYKA PP Binnenriolering_Afvoerbuis 5m:4019765,-
1aSn07BFX4fhyYo1G4AZNp,Pipe Types:DYKA PP Binnenriolering_Afvoerbuis 5m:4019772,-
1aSn07BFX4fhyYo1G4AZMN,Pipe Types:DYKA PP Binnenriolering_Afvoerbuis 5m:4019800,-
1aSn07BFX4fhyYo1G4AZML,Pipe Types:DYKA PP Binnenriolering_Afvoerbuis 5m:4019802,-
1aSn07BFX4fhyYo1G4AZMk,Pipe Types:DYKA PP Binnenriolering_Afvoerbuis 5m:4019809,-
1aSn07BFX4fhyYo1G4AZMb,Pipe Types:DYKA PP Binnenriolering_Afvoerbuis 5m:4019818,-
1aSn07BFX4fhyYo1G4AZMZ,Pipe Types:DYKA PP Binnenriolering_Afvoerbuis 5m:4019820,-
1aSn07BFX4fhyYo1G4AZMy,Pipe Types:DYKA PP Binnenriolering_Afvoerbuis 5m:4019827,-
1rKAkEdQn2xuTiQGzd8BtL,Pipe Types:DYKA PP Binnenriolering_Afvoerbuis 5m:4021405,-
1rKAkEdQn2xuTiQGzd8Bn_,Pipe Types:DYKA PP Binnenriolering_Afvoerbuis 5m:4021558,-
1rKAkEdQn2xuTiQGzd8Bm4,Pipe Types:DYKA PP Binnenriolering_Afvoerbuis 5m:4021580,-
1rKAkEdQn2xuTiQGzd8B$8,Pipe Types:DYKA PP Binnenriolering_Afvoerbuis 5m:4021888,-
1rKAkEdQn2xuTiQGzd8B_$,Pipe Types:DYKA PP Binnenriolering_Afvoerbuis 5m:4022007,-
2qAEFMyWfFWP6ttXL3a_uv,Pipe Types:DYKA PP Binnenriolering_Afvoerbuis 5m:4022446,-
2qAEFMyWfFWP6ttXL3a_vT,Pipe Types:DYKA PP Binnenriolering_Afvoerbuis 5m:4022474,-
2qAEFMyWfFWP6ttXL3a_$u,Pipe Types:DYKA PP Binnenriolering_Afvoerbuis 5m:4022639,-
2qAEFMyWfFWP6ttXL3a_sz,Pipe Types:DYKA PP Binnenriolering_Afvoerbuis 5m:4023082,-
2qAEFMyWfFWP6ttXL3a_sb,Pipe Types:DYKA PP Binnenriolering_Afvoerbuis 5m:4023090,-
2qAEFMyWfFWP6ttXL3a_qH,Pipe Types:DYKA PP Binnenriolering_Afvoerbuis 5m:4023174,-
2qAEFMyWfFWP6ttXL3a_gg,Pipe Types:DYKA PP Binnenriolering_Afvoerbuis 5m:4023357,-
2qAEFMyWfFWP6ttXL3a_hS,Pipe Types:DYKA PP Binnenriolering_Afvoerbuis 5m:4023371,-
2WgJU1C5X2bf9PxkhtKbrF,Pipe Types:DYKA PP Binnenriolering_Afvoerbuis 5m:4023542,-
1s3PM7CLP0We4evoULRuQO,Pipe Types:DYKA PP Binnenriolering_Afvoerbuis 5m:4235178,-
0gonQrG859ERS213aD8Fy1,Pipe Types:DYKA PP Binnenriolering_Afvoerbuis 5m:4277715,-
0gonQrG859ERS213aD8FyW,Pipe Types:DYKA PP Binnenriolering_Afvoerbuis 5m:4277746,-
0pwscweo1BkenWWTbM9rZ7,Pipe Types:DYKA PP Binnenriolering_Afvoerbuis 5m:4286121,-
1GhhtJLTj2oOf9e8ntf3Wx,Pipe Types:DYKA PP Binnenriolering_Afvoerbuis 5m:4294295,-
1GhhtJLTj2oOf9e8ntf3OY,Pipe Types:DYKA PP Binnenriolering_Afvoerbuis 5m:4294798,-
1GhhtJLTj2oOf9e8ntf3VM,Pipe Types:DYKA PP Binnenriolering_Afvoerbuis 5m:4295034,-
1GhhtJLTj2oOf9e8ntf3Sk,Pipe Types:DYKA PP Binnenriolering_Afvoerbuis 5m:4295042,-
1GhhtJLTj2oOf9e8ntf3Sr,Pipe Types:DYKA PP Binnenriolering_Afvoerbuis 5m:4295065,-
1GhhtJLTj2oOf9e8ntf3SG,Pipe Types:DYKA PP Binnenriolering_Afvoerbuis 5m:4295100,-
1GhhtJLTj2oOf9e8ntf3EU,Pipe Types:DYKA PP Binnenriolering_Afvoerbuis 5m:4295986,-
1GhhtJLTj2oOf9e8ntf3EK,Pipe Types:DYKA PP Binnenriolering_Afvoerbuis 5m:4295992,-
1GhhtJLTj2oOf9e8ntf3F3,Pipe Types:DYKA PP Binnenriolering_Afvoerbuis 5m:4296047,-
1GhhtJLTj2oOf9e8ntf3Ca,Pipe Types:DYKA PP Binnenriolering_Afvoerbuis 5m:4296072,-
2nL3z7y5n3RfUMfEkOcwAH,Pipe Types:DYKA PP Binnenriolering_Afvoerbuis 5m:4297751,-
2nL3z7y5n3RfUMfEkOcuTN,Pipe Types:DYKA PP Binnenriolering_Afvoerbuis 5m:4305361,-
1ih0tX9Dz9V88cG2ozSMVC,Pipe Types:DYKA PP Binnenriolering_Afvoerbuis 5m:4311130,-
1ih0tX9Dz9V88cG2ozSMVh,Pipe Types:DYKA PP Binnenriolering_Afvoerbuis 5m:4311165,-
1ih0tX9Dz9V88cG2ozSMS7,Pipe Types:DYKA PP Binnenriolering_Afvoerbuis 5m:4311185,-
1ih0tX9Dz9V88cG2ozSMHY,Pipe Types:DYKA PP Binnenriolering_Afvoerbuis 5m:4312052,-
1ih0tX9Dz9V88cG2ozSMHW,Pipe Types:DYKA PP Binnenriolering_Afvoerbuis 5m:4312054,-
1ih0tX9Dz9V88cG2ozSMHh,Pipe Types:DYKA PP Binnenriolering_Afvoerbuis 5m:4312061,-
1ih0tX9Dz9V88cG2ozSMEI,Pipe Types:DYKA PP Binnenriolering_Afvoerbuis 5m:4312068,-
1ih0tX9Dz9V88cG2ozSMEG,Pipe Types:DYKA PP Binnenriolering_Afvoerbuis 5m:4312070,-
1ih0tX9Dz9V88cG2ozSMER,Pipe Types:DYKA PP Binnenriolering_Afvoerbuis 5m:4312077,-
1ih0tX9Dz9V88cG2ozSME2,Pipe Types:DYKA PP Binnenriolering_Afvoerbuis 5m:4312084,-
1ih0tX9Dz9V88cG2ozSME0,Pipe Types:DYKA PP Binnenriolering_Afvoerbuis 5m:4312086,-
1ih0tX9Dz9V88cG2ozSMEB,Pipe Types:DYKA PP Binnenriolering_Afvoerbuis 5m:4312093,-
1ih0tX9Dz9V88cG2ozSMEo,Pipe Types:DYKA PP Binnenriolering_Afvoerbuis 5m:4312100,-
1ih0tX9Dz9V88cG2ozSMEm,Pipe Types:DYKA PP Binnenriolering_Afvoerbuis 5m:4312102,-
1ih0tX9Dz9V88cG2ozSMEx,Pipe Types:DYKA PP Binnenriolering_Afvoerbuis 5m:4312109,-
1ih0tX9Dz9V88cG2ozSMEY,Pipe Types:DYKA PP Binnenriolering_Afvoerbuis 5m:4312116,-
1ih0tX9Dz9V88cG2ozSMEW,Pipe Types:DYKA PP Binnenriolering_Afvoerbuis 5m:4312118,-
1ih0tX9Dz9V88cG2ozSMEh,Pipe Types:DYKA PP Binnenriolering_Afvoerbuis 5m:4312125,-
1ih0tX9Dz9V88cG2ozSMFI,Pipe Types:DYKA PP Binnenriolering_Afvoerbuis 5m:4312132,-
1ih0tX9Dz9V88cG2ozSMFG,Pipe Types:DYKA PP Binnenriolering_Afvoerbuis 5m:4312134,-
1ih0tX9Dz9V88cG2ozSMFR,Pipe Types:DYKA PP Binnenriolering_Afvoerbuis 5m:4312141,-
1ih0tX9Dz9V88cG2ozSMF2,Pipe Types:DYKA PP Binnenriolering_Afvoerbuis 5m:4312148,-
1ih0tX9Dz9V88cG2ozSMF0,Pipe Types:DYKA PP Binnenriolering_Afvoerbuis 5m:4312150,-
1ih0tX9Dz9V88cG2ozSMFB,Pipe Types:DYKA PP Binnenriolering_Afvoerbuis 5m:4312157,-
1ih0tX9Dz9V88cG2ozSMFo,Pipe Types:DYKA PP Binnenriolering_Afvoerbuis 5m:4312164,-
1ih0tX9Dz9V88cG2ozSMFm,Pipe Types:DYKA PP Binnenriolering_Afvoerbuis 5m:4312166,-
1ih0tX9Dz9V88cG2ozSMFx,Pipe Types:DYKA PP Binnenriolering_Afvoerbuis 5m:4312173,-
1ih0tX9Dz9V88cG2ozSMFY,Pipe Types:DYKA PP Binnenriolering_Afvoerbuis 5m:4312180,-
1ih0tX9Dz9V88cG2ozSMFW,Pipe Types:DYKA PP Binnenriolering_Afvoerbuis 5m:4312182,-
1ih0tX9Dz9V88cG2ozSMFh,Pipe Types:DYKA PP Binnenriolering_Afvoerbuis 5m:4312189,-
1ih0tX9Dz9V88cG2ozSMCI,Pipe Types:DYKA PP Binnenriolering_Afvoerbuis 5m:4312196,-
1ih0tX9Dz9V88cG2ozSMCG,Pipe Types:DYKA PP Binnenriolering_Afvoerbuis 5m:4312198,-
1ih0tX9Dz9V88cG2ozSMCR,Pipe Types:DYKA PP Binnenriolering_Afvoerbuis 5m:4312205,-
1ih0tX9Dz9V88cG2ozSMC2,Pipe Types:DYKA PP Binnenriolering_Afvoerbuis 5m:4312212,-
1ih0tX9Dz9V88cG2ozSMC0,Pipe Types:DYKA PP Binnenriolering_Afvoerbuis 5m:4312214,-
1ih0tX9Dz9V88cG2ozSMCB,Pipe Types:DYKA PP Binnenriolering_Afvoerbuis 5m:4312221,-
1ih0tX9Dz9V88cG2ozSMCo,Pipe Types:DYKA PP Binnenriolering_Afvoerbuis 5m:4312228,-
1ih0tX9Dz9V88cG2ozSMCm,Pipe Types:DYKA PP Binnenriolering_Afvoerbuis 5m:4312230,-
1ih0tX9Dz9V88cG2ozSMCx,Pipe Types:DYKA PP Binnenriolering_Afvoerbuis 5m:4312237,-
3y4zq$yoP3zxbB3x_5rOuh,Pipe Types:DYKA PP Binnenriolering_Afvoerbuis 5m:4329505,-
3y4zq$yoP3zxbB3x_5rOuX,Pipe Types:DYKA PP Binnenriolering_Afvoerbuis 5m:4329515,-
3y4zq$yoP3zxbB3x_5rOHY,Pipe Types:DYKA PP Binnenriolering_Afvoerbuis 5m:4332136,-
3y4zq$yoP3zxbB3x_5rOHX,Pipe Types:DYKA PP Binnenriolering_Afvoerbuis 5m:4332139,-
3y4zq$yoP3zxbB3x_5rOHq,Pipe Types:DYKA PP Binnenriolering_Afvoerbuis 5m:4332158,-
3y4zq$yoP3zxbB3x_5rOIB,Pipe Types:DYKA PP Binnenriolering_Afvoerbuis 5m:4332161,-
3y4zq$yoP3zxbB3x_5rOIU,Pipe Types:DYKA PP Binnenriolering_Afvoerbuis 5m:4332180,-
3y4zq$yoP3zxbB3x_5rOIT,Pipe Types:DYKA PP Binnenriolering_Afvoerbuis 5m:4332183,-
3y4zq$yoP3zxbB3x_5rOIW,Pipe Types:DYKA PP Binnenriolering_Afvoerbuis 5m:4332202,-
3y4zq$yoP3zxbB3x_5rOId,Pipe Types:DYKA PP Binnenriolering_Afvoerbuis 5m:4332205,-
3y4zq$yoP3zxbB3x_5rOJA,Pipe Types:DYKA PP Binnenriolering_Afvoerbuis 5m:4332224,-
3y4zq$yoP3zxbB3x_5rOJ9,Pipe Types:DYKA PP Binnenriolering_Afvoerbuis 5m:4332227,-
3y4zq$yoP3zxbB3x_5rOJS,Pipe Types:DYKA PP Binnenriolering_Afvoerbuis 5m:4332246,-
3y4zq$yoP3zxbB3x_5rOJJ,Pipe Types:DYKA PP Binnenriolering_Afvoerbuis 5m:4332249,-
3y4zq$yoP3zxbB3x_5rOJc,Pipe Types:DYKA PP Binnenriolering_Afvoerbuis 5m:4332268,-
3y4zq$yoP3zxbB3x_5rOJb,Pipe Types:DYKA PP Binnenriolering_Afvoerbuis 5m:4332271,-
3y4zq$yoP3zxbB3x_5rOK8,Pipe Types:DYKA PP Binnenriolering_Afvoerbuis 5m:4332290,-
3y4zq$yoP3zxbB3x_5rOKF,Pipe Types:DYKA PP Binnenriolering_Afvoerbuis 5m:4332293,-
3y4zq$yoP3zxbB3x_5rOKI,Pipe Types:DYKA PP Binnenriolering_Afvoerbuis 5m:4332312,-
3y4zq$yoP3zxbB3x_5rOKH,Pipe Types:DYKA PP Binnenriolering_Afvoerbuis 5m:4332315,-
3y4zq$yoP3zxbB3x_5rOKa,Pipe Types:DYKA PP Binnenriolering_Afvoerbuis 5m:4332334,-
3y4zq$yoP3zxbB3x_5rOKx,Pipe Types:DYKA PP Binnenriolering_Afvoerbuis 5m:4332337,-
3y4zq$yoP3zxbB3x_5rOLE,Pipe Types:DYKA PP Binnenriolering_Afvoerbuis 5m:4332356,-
3y4zq$yoP3zxbB3x_5rOLD,Pipe Types:DYKA PP Binnenriolering_Afvoerbuis 5m:4332359,-
3y4zq$yoP3zxbB3x_5rOLG,Pipe Types:DYKA PP Binnenriolering_Afvoerbuis 5m:4332378,-
3y4zq$yoP3zxbB3x_5rOLN,Pipe Types:DYKA PP Binnenriolering_Afvoerbuis 5m:4332381,-
0XpF$qIS50Jw7BS5efQD$9,Pipe Types:DYKA PVC Binnenriolering_Dunwandig 5m:2157086,-
0XpF$qIS50Jw7BS5efQD$y,Pipe Types:DYKA PVC Binnenriolering_Dunwandig 5m:2157099,-
0XpF$qIS50Jw7BS5efQDyK,Pipe Types:DYKA PVC Binnenriolering_Dunwandig 5m:2157251,-
0XpF$qIS50Jw7BS5efQDy7,Pipe Types:DYKA PVC Binnenriolering_Dunwandig 5m:2157264,-
0XpF$qIS50Jw7BS5efQDv7,Pipe Types:DYKA PVC Binnenriolering_Dunwandig 5m:2157456,-
0XpF$qIS50Jw7BS5efQDvA,Pipe Types:DYKA PVC Binnenriolering_Dunwandig 5m:2157469,-
0XpF$qIS50Jw7BS5efQDdX,Pipe Types:DYKA PVC Binnenriolering_Dunwandig 5m:2157622,-
0XpF$qIS50Jw7BS5efQDdl,Pipe Types:DYKA PVC Binnenriolering_Dunwandig 5m:2157624,-
0XpF$qIS50Jw7BS5efQDcK,Pipe Types:DYKA PVC Binnenriolering_Dunwandig 5m:2157635,-
0jRzzDpS90Kh2GSQVJxLe_,Pipe Types:DYKA PVC Binnenriolering_Dunwandig 5m:2820170,-
0jRzzDpS90Kh2GSQVJxLkB,Pipe Types:DYKA PVC Binnenriolering_Dunwandig 5m:2820607,-
0jRzzDpS90Kh2GSQVJxLck,Pipe Types:DYKA PVC Binnenriolering_Dunwandig 5m:2821082,-
0jRzzDpS90Kh2GSQVJxK8u,Pipe Types:DYKA PVC Binnenriolering_Dunwandig 5m:2822220,-
0jRzzDpS90Kh2GSQVJxKB_,Pipe Types:DYKA PVC Binnenriolering_Dunwandig 5m:2822282,-
0jRzzDpS90Kh2GSQVJxKAr,Pipe Types:DYKA PVC Binnenriolering_Dunwandig 5m:2822337,-
0jRzzDpS90Kh2GSQVJxKAD,Pipe Types:DYKA PVC Binnenriolering_Dunwandig 5m:2822393,-
0jRzzDpS90Kh2GSQVJxK9m,Pipe Types:DYKA PVC Binnenriolering_Ultra-3 2m:2822148,-
37j7q8NJ180fEFOzdntDtK,Pipe Types:DYKA PVC Binnenriolering_Ultra-3 4m:3186218,-
37j7q8NJ180fEFOzdntEBR,Pipe Types:DYKA PVC Binnenriolering_Ultra-3 4m:3186981,-
0b13hXuP99Qu14VQCmMBSU,Pipe Types:DYKA PVC Binnenriolering_Ultra-3 4m:3684320,-
0jRzzDpS90Kh2GSQVJxL2W,Pipe Types:DYKA PVC Binnenriolering_Ultra-3 5m:2818772,-
0jRzzDpS90Kh2GSQVJxL2G,Pipe Types:DYKA PVC Binnenriolering_Ultra-3 5m:2818788,-
0jRzzDpS90Kh2GSQVJxLfa,Pipe Types:DYKA PVC Binnenriolering_Ultra-3 5m:2820112,-
0jRzzDpS90Kh2GSQVJxLfi,Pipe Types:DYKA PVC Binnenriolering_Ultra-3 5m:2820120,-
0jRzzDpS90Kh2GSQVJxLkn,Pipe Types:DYKA PVC Binnenriolering_Ultra-3 5m:2820549,-
0jRzzDpS90Kh2GSQVJxLkv,Pipe Types:DYKA PVC Binnenriolering_Ultra-3 5m:2820557,-
0jRzzDpS90Kh2GSQVJxLdY,Pipe Types:DYKA PVC Binnenriolering_Ultra-3 5m:2821014,-
0jRzzDpS90Kh2GSQVJxLxc,Pipe Types:DYKA PVC Binnenriolering_Ultra-3 5m:2821266,-
0jRzzDpS90Kh2GSQVJxLxk,Pipe Types:DYKA PVC Binnenriolering_Ultra-3 5m:2821274,-
0jRzzDpS90Kh2GSQVJxLyB,Pipe Types:DYKA PVC Binnenriolering_Ultra-3 5m:2821503,-
0jRzzDpS90Kh2GSQVJxL$p,Pipe Types:DYKA PVC Binnenriolering_Ultra-3 5m:2821511,-
0jRzzDpS90Kh2GSQVJxKFp,Pipe Types:DYKA PVC Binnenriolering_Ultra-3 5m:2822535,-
0jRzzDpS90Kh2GSQVJxKFb,Pipe Types:DYKA PVC Binnenriolering_Ultra-3 5m:2822545,-
0jRzzDpS90Kh2GSQVJxKEG,Pipe Types:DYKA PVC Binnenriolering_Ultra-3 5m:2822628,-
0jRzzDpS90Kh2GSQVJxKEO,Pipe Types:DYKA PVC Binnenriolering_Ultra-3 5m:2822636,-
0jRzzDpS90Kh2GSQVJxK3Y,Pipe Types:DYKA PVC Binnenriolering_Ultra-3 5m:2822806,-
0jRzzDpS90Kh2GSQVJxK3e,Pipe Types:DYKA PVC Binnenriolering_Ultra-3 5m:2822812,-
0jRzzDpS90Kh2GSQVJxK5t,Pipe Types:DYKA PVC Binnenriolering_Ultra-3 5m:2822915,-
11mfTnHkXENgmi1IWIpxf_,Pipe Types:DYKA PVC Binnenriolering_Ultra-3 5m:3123090,-
3uZK_uMTTC$ei2jAMXFfiH,Pipe Types:DYKA PVC Binnenriolering_Ultra-3 5m:3180329,-
37j7q8NJ180fEFOzdntEwz,Pipe Types:DYKA PVC Binnenriolering_Ultra-3 5m:3190083,-
37j7q8NJ180fEFOzdntEwu,Pipe Types:DYKA PVC Binnenriolering_Ultra-3 5m:3190086,-
37j7q8NJ180fEFOzdntEwt,Pipe Types:DYKA PVC Binnenriolering_Ultra-3 5m:3190089,-
37j7q8NJ180fEFOzdntEwf,Pipe Types:DYKA PVC Binnenriolering_Ultra-3 5m:3190103,-
37j7q8NJ180fEFOzdntEwa,Pipe Types:DYKA PVC Binnenriolering_Ultra-3 5m:3190106,-
00fEK$o1X2x9GxsW6j9fXg,Pipe Types:DYKA PVC Binnenriolering_Ultra-3 5m:3190229,-
0d3althGvAtBdGUCfUYAyF,Pipe Types:DYKA PVC Hemelwaterafvoer_HWA 6m:3127337,-
27cn24JaX2bg90UQiF$1Ba,Pipe Types:DYKA PVC Hemelwaterafvoer_HWA 6m:3144084,-
27cn24JaX2bg90UQiF$1BH,Pipe Types:DYKA PVC Hemelwaterafvoer_HWA 6m:3144097,-
27cn24JaX2bg90UQiF$13J,Pipe Types:DYKA PVC Hemelwaterafvoer_HWA 6m:3144611,-
27cn24JaX2bg90UQiF$1S8,Pipe Types:DYKA PVC Hemelwaterafvoer_HWA 6m:3144824,-
27cn24JaX2bg90UQiF$1SA,Pipe Types:DYKA PVC Hemelwaterafvoer_HWA 6m:3144826,-
27cn24JaX2bg90UQiF$1Vm,Pipe Types:DYKA PVC Hemelwaterafvoer_HWA 6m:3144832,-
27cn24JaX2bg90UQiF$1VW,Pipe Types:DYKA PVC Hemelwaterafvoer_HWA 6m:3144848,-
27cn24JaX2bg90UQiF$1VY,Pipe Types:DYKA PVC Hemelwaterafvoer_HWA 6m:3144850,-
27cn24JaX2bg90UQiF$1Ve,Pipe Types:DYKA PVC Hemelwaterafvoer_HWA 6m:3144856,-
27cn24JaX2bg90UQiF$1VO,Pipe Types:DYKA PVC Hemelwaterafvoer_HWA 6m:3144872,-
27cn24JaX2bg90UQiF$1VQ,Pipe Types:DYKA PVC Hemelwaterafvoer_HWA 6m:3144874,-
27cn24JaX2bg90UQiF$1V0,Pipe Types:DYKA PVC Hemelwaterafvoer_HWA 6m:3144880,-
27cn24JaX2bg90UQiF$1Um,Pipe Types:DYKA PVC Hemelwaterafvoer_HWA 6m:3144896,-
27cn24JaX2bg90UQiF$1Uo,Pipe Types:DYKA PVC Hemelwaterafvoer_HWA 6m:3144898,-
27cn24JaX2bg90UQiF$1Uu,Pipe Types:DYKA PVC Hemelwaterafvoer_HWA 6m:3144904,-
27cn24JaX2bg90UQiF$1Ue,Pipe Types:DYKA PVC Hemelwaterafvoer_HWA 6m:3144920,-
27cn24JaX2bg90UQiF$1Ug,Pipe Types:DYKA PVC Hemelwaterafvoer_HWA 6m:3144922,-
27cn24JaX2bg90UQiF$1UG,Pipe Types:DYKA PVC Hemelwaterafvoer_HWA 6m:3144928,-
27cn24JaX2bg90UQiF$1U0,Pipe Types:DYKA PVC Hemelwaterafvoer_HWA 6m:3144944,-
27cn24JaX2bg90UQiF$1U2,Pipe Types:DYKA PVC Hemelwaterafvoer_HWA 6m:3144946,-
27cn24JaX2bg90UQiF$1U8,Pipe Types:DYKA PVC Hemelwaterafvoer_HWA 6m:3144952,-
27cn24JaX2bg90UQiF$1Pu,Pipe Types:DYKA PVC Hemelwaterafvoer_HWA 6m:3144968,-
27cn24JaX2bg90UQiF$1Pw,Pipe Types:DYKA PVC Hemelwaterafvoer_HWA 6m:3144970,-
27cn24JaX2bg90UQiF$1PW,Pipe Types:DYKA PVC Hemelwaterafvoer_HWA 6m:3144976,-
27cn24JaX2bg90UQiF$1PG,Pipe Types:DYKA PVC Hemelwaterafvoer_HWA 6m:3144992,-
27cn24JaX2bg90UQiF$1PI,Pipe Types:DYKA PVC Hemelwaterafvoer_HWA 6m:3144994,-
27cn24JaX2bg90UQiF$1PO,Pipe Types:DYKA PVC Hemelwaterafvoer_HWA 6m:3145000,-
27cn24JaX2bg90UQiF$1P8,Pipe Types:DYKA PVC Hemelwaterafvoer_HWA 6m:3145016,-
27cn24JaX2bg90UQiF$1PA,Pipe Types:DYKA PVC Hemelwaterafvoer_HWA 6m:3145018,-
27cn24JaX2bg90UQiF$1Om,Pipe Types:DYKA PVC Hemelwaterafvoer_HWA 6m:3145024,-
27cn24JaX2bg90UQiF$1OY,Pipe Types:DYKA PVC Hemelwaterafvoer_HWA 6m:3145042,-
27cn24JaX2bg90UQiF$1Oa,Pipe Types:DYKA PVC Hemelwaterafvoer_HWA 6m:3145044,-
27cn24JaX2bg90UQiF$1Og,Pipe Types:DYKA PVC Hemelwaterafvoer_HWA 6m:3145050,-
27cn24JaX2bg90UQiF$1OQ,Pipe Types:DYKA PVC Hemelwaterafvoer_HWA 6m:3145066,-
27cn24JaX2bg90UQiF$1OS,Pipe Types:DYKA PVC Hemelwaterafvoer_HWA 6m:3145068,-
27cn24JaX2bg90UQiF$1OU,Pipe Types:DYKA PVC Hemelwaterafvoer_HWA 6m:3145070,-
27cn24JaX2bg90UQiF$1O4,Pipe Types:DYKA PVC Hemelwaterafvoer_HWA 6m:3145076,-
27cn24JaX2bg90UQiF$1Js,Pipe Types:DYKA PVC Hemelwaterafvoer_HWA 6m:3145606,-
27cn24JaX2bg90UQiF$1Ju,Pipe Types:DYKA PVC Hemelwaterafvoer_HWA 6m:3145608,-
01_atmCUj229vkDbt3SQxR,Pipe Types:DYKA PVC Hemelwaterafvoer_HWA 6m:3147574,-
01_atmCUj229vkDbt3SQxH,Pipe Types:DYKA PVC Hemelwaterafvoer_HWA 6m:3147580,-
01_atmCUj229vkDbt3SQxJ,Pipe Types:DYKA PVC Hemelwaterafvoer_HWA 6m:3147582,-
01_atmCUj229vkDbt3SQwf,Pipe Types:DYKA PVC Hemelwaterafvoer_HWA 6m:3147588,-
01_atmCUj229vkDbt3SQwg,Pipe Types:DYKA PVC Hemelwaterafvoer_HWA 6m:3147591,-
01_atmCUj229vkDbt3SQwa,Pipe Types:DYKA PVC Hemelwaterafvoer_HWA 6m:3147593,-
01_atmCUj229vkDbt3SQwY,Pipe Types:DYKA PVC Hemelwaterafvoer_HWA 6m:3147599,-
01_atmCUj229vkDbt3SQw$,Pipe Types:DYKA PVC Hemelwaterafvoer_HWA 6m:3147602,-
01_atmCUj229vkDbt3SQwv,Pipe Types:DYKA PVC Hemelwaterafvoer_HWA 6m:3147604,-
01_atmCUj229vkDbt3SQwt,Pipe Types:DYKA PVC Hemelwaterafvoer_HWA 6m:3147610,-
01_atmCUj229vkDbt3SQwm,Pipe Types:DYKA PVC Hemelwaterafvoer_HWA 6m:3147613,-
01_atmCUj229vkDbt3SQwo,Pipe Types:DYKA PVC Hemelwaterafvoer_HWA 6m:3147615,-
01_atmCUj229vkDbt3SQw8,Pipe Types:DYKA PVC Hemelwaterafvoer_HWA 6m:3147621,-
01_atmCUj229vkDbt3SQw5,Pipe Types:DYKA PVC Hemelwaterafvoer_HWA 6m:3147624,-
01_atmCUj229vkDbt3SQw7,Pipe Types:DYKA PVC Hemelwaterafvoer_HWA 6m:3147626,-
01_atmCUj229vkDbt3SQwT,Pipe Types:DYKA PVC Hemelwaterafvoer_HWA 6m:3147632,-
01_atmCUj229vkDbt3SQwU,Pipe Types:DYKA PVC Hemelwaterafvoer_HWA 6m:3147635,-
01_atmCUj229vkDbt3SQwO,Pipe Types:DYKA PVC Hemelwaterafvoer_HWA 6m:3147637,-
01_atmCUj229vkDbt3SQwM,Pipe Types:DYKA PVC Hemelwaterafvoer_HWA 6m:3147643,-
01_atmCUj229vkDbt3SQwJ,Pipe Types:DYKA PVC Hemelwaterafvoer_HWA 6m:3147646,-
01_atmCUj229vkDbt3SQvj,Pipe Types:DYKA PVC Hemelwaterafvoer_HWA 6m:3147648,-
01_atmCUj229vkDbt3SQvh,Pipe Types:DYKA PVC Hemelwaterafvoer_HWA 6m:3147654,-
01_atmCUj229vkDbt3SQva,Pipe Types:DYKA PVC Hemelwaterafvoer_HWA 6m:3147657,-
01_atmCUj229vkDbt3SQvc,Pipe Types:DYKA PVC Hemelwaterafvoer_HWA 6m:3147659,-
01_atmCUj229vkDbt3SQvy,Pipe Types:DYKA PVC Hemelwaterafvoer_HWA 6m:3147665,-
01_atmCUj229vkDbt3SQ6U,Pipe Types:DYKA PVC Hemelwaterafvoer_HWA 6m:3147891,-
01_atmCUj229vkDbt3SQ6R,Pipe Types:DYKA PVC Hemelwaterafvoer_HWA 6m:3147894,-
01_atmCUj229vkDbt3SQ6L,Pipe Types:DYKA PVC Hemelwaterafvoer_HWA 6m:3147896,-
01_atmCUj229vkDbt3SQGJ,Pipe Types:DYKA PVC Hemelwaterafvoer_HWA 6m:3149310,-
01_atmCUj229vkDbt3SQVf,Pipe Types:DYKA PVC Hemelwaterafvoer_HWA 6m:3149316,-
01_atmCUj229vkDbt3SQVh,Pipe Types:DYKA PVC Hemelwaterafvoer_HWA 6m:3149318,-
01_atmCUj229vkDbt3SQVX,Pipe Types:DYKA PVC Hemelwaterafvoer_HWA 6m:3149324,-
01_atmCUj229vkDbt3SQVY,Pipe Types:DYKA PVC Hemelwaterafvoer_HWA 6m:3149327,-
01_atmCUj229vkDbt3SQVy,Pipe Types:DYKA PVC Hemelwaterafvoer_HWA 6m:3149329,-
01_atmCUj229vkDbt3SQVw,Pipe Types:DYKA PVC Hemelwaterafvoer_HWA 6m:3149335,-
01_atmCUj229vkDbt3SQVF,Pipe Types:DYKA PVC Hemelwaterafvoer_HWA 6m:3149346,-
01_atmCUj229vkDbt3SO8A,Pipe Types:DYKA PVC Hemelwaterafvoer_HWA 6m:3156967,-
01_atmCUj229vkDbt3SO87,Pipe Types:DYKA PVC Hemelwaterafvoer_HWA 6m:3156970,-
01_atmCUj229vkDbt3SO81,Pipe Types:DYKA PVC Hemelwaterafvoer_HWA 6m:3156972,-
01_atmCUj229vkDbt3SOLL,Pipe Types:DYKA PVC Hemelwaterafvoer_HWA 6m:3157176,-
01_atmCUj229vkDbt3SOIB,Pipe Types:DYKA PVC Hemelwaterafvoer_HWA 6m:3157350,-
01_atmCUj229vkDbt3SOI1,Pipe Types:DYKA PVC Hemelwaterafvoer_HWA 6m:3157356,-
01_atmCUj229vkDbt3SOI3,Pipe Types:DYKA PVC Hemelwaterafvoer_HWA 6m:3157358,-
01_atmCUj229vkDbt3SOIP,Pipe Types:DYKA PVC Hemelwaterafvoer_HWA 6m:3157364,-
01_atmCUj229vkDbt3SOIQ,Pipe Types:DYKA PVC Hemelwaterafvoer_HWA 6m:3157367,-
01_atmCUj229vkDbt3SOIK,Pipe Types:DYKA PVC Hemelwaterafvoer_HWA 6m:3157369,-
01_atmCUj229vkDbt3SOII,Pipe Types:DYKA PVC Hemelwaterafvoer_HWA 6m:3157375,-
01_atmCUj229vkDbt3SOHl,Pipe Types:DYKA PVC Hemelwaterafvoer_HWA 6m:3157378,-
01_atmCUj229vkDbt3SOHf,Pipe Types:DYKA PVC Hemelwaterafvoer_HWA 6m:3157380,-
01_atmCUj229vkDbt3SOHd,Pipe Types:DYKA PVC Hemelwaterafvoer_HWA 6m:3157386,-
01_atmCUj229vkDbt3SOHW,Pipe Types:DYKA PVC Hemelwaterafvoer_HWA 6m:3157389,-
01_atmCUj229vkDbt3SOHY,Pipe Types:DYKA PVC Hemelwaterafvoer_HWA 6m:3157391,-
01_atmCUj229vkDbt3SOHu,Pipe Types:DYKA PVC Hemelwaterafvoer_HWA 6m:3157397,-
01_atmCUj229vkDbt3SOSh,Pipe Types:DYKA PVC Hemelwaterafvoer_HWA 6m:3157702,-
01_atmCUj229vkDbt3SOSa,Pipe Types:DYKA PVC Hemelwaterafvoer_HWA 6m:3157705,-
01_atmCUj229vkDbt3SOSc,Pipe Types:DYKA PVC Hemelwaterafvoer_HWA 6m:3157707,-
01_atmCUj229vkDbt3SPXE,Pipe Types:DYKA PVC Hemelwaterafvoer_HWA 6m:3158435,-
01_atmCUj229vkDbt3SPX4,Pipe Types:DYKA PVC Hemelwaterafvoer_HWA 6m:3158441,-
01_atmCUj229vkDbt3SPX6,Pipe Types:DYKA PVC Hemelwaterafvoer_HWA 6m:3158443,-
01_atmCUj229vkDbt3SPXS,Pipe Types:DYKA PVC Hemelwaterafvoer_HWA 6m:3158449,-
01_atmCUj229vkDbt3SPXP,Pipe Types:DYKA PVC Hemelwaterafvoer_HWA 6m:3158452,-
01_atmCUj229vkDbt3SPXR,Pipe Types:DYKA PVC Hemelwaterafvoer_HWA 6m:3158454,-
01_atmCUj229vkDbt3SPXH,Pipe Types:DYKA PVC Hemelwaterafvoer_HWA 6m:3158460,-
01_atmCUj229vkDbt3SPXI,Pipe Types:DYKA PVC Hemelwaterafvoer_HWA 6m:3158463,-
01_atmCUj229vkDbt3SPWi,Pipe Types:DYKA PVC Hemelwaterafvoer_HWA 6m:3158465,-
01_atmCUj229vkDbt3SPWg,Pipe Types:DYKA PVC Hemelwaterafvoer_HWA 6m:3158471,-
01_atmCUj229vkDbt3SPWd,Pipe Types:DYKA PVC Hemelwaterafvoer_HWA 6m:3158474,-
01_atmCUj229vkDbt3SPWX,Pipe Types:DYKA PVC Hemelwaterafvoer_HWA 6m:3158476,-
01_atmCUj229vkDbt3SPW$,Pipe Types:DYKA PVC Hemelwaterafvoer_HWA 6m:3158482,-
01_atmCUj229vkDbt3SPWv,Pipe Types:DYKA PVC Hemelwaterafvoer_HWA 6m:3158484,-
01_atmCUj229vkDbt3SPWw,Pipe Types:DYKA PVC Hemelwaterafvoer_HWA 6m:3158487,-
01_atmCUj229vkDbt3SPWq,Pipe Types:DYKA PVC Hemelwaterafvoer_HWA 6m:3158489,-
3uZK_uMTTC$ei2jAMXFftY,Pipe Types:DYKA PVC Hemelwaterafvoer_HWA 6m:3178970,-
3uZK_uMTTC$ei2jAMXFftO,Pipe Types:DYKA PVC Hemelwaterafvoer_HWA 6m:3178976,-
3uZK_uMTTC$ei2jAMXFftQ,Pipe Types:DYKA PVC Hemelwaterafvoer_HWA 6m:3178978,-
3uZK_uMTTC$ei2jAMXFftG,Pipe Types:DYKA PVC Hemelwaterafvoer_HWA 6m:3178984,-
3uZK_uMTTC$ei2jAMXFftJ,Pipe Types:DYKA PVC Hemelwaterafvoer_HWA 6m:3178987,-
3uZK_uMTTC$ei2jAMXFftL,Pipe Types:DYKA PVC Hemelwaterafvoer_HWA 6m:3178989,-
3uZK_uMTTC$ei2jAMXFftB,Pipe Types:DYKA PVC Hemelwaterafvoer_HWA 6m:3178995,-
3uZK_uMTTC$ei2jAMXFftE,Pipe Types:DYKA PVC Hemelwaterafvoer_HWA 6m:3178998,-
3uZK_uMTTC$ei2jAMXFft0,Pipe Types:DYKA PVC Hemelwaterafvoer_HWA 6m:3179000,-
3uZK_uMTTC$ei2jAMXFft6,Pipe Types:DYKA PVC Hemelwaterafvoer_HWA 6m:3179006,-
3uZK_uMTTC$ei2jAMXFfuv,Pipe Types:DYKA PVC Hemelwaterafvoer_HWA 6m:3179009,-
3uZK_uMTTC$ei2jAMXFfux,Pipe Types:DYKA PVC Hemelwaterafvoer_HWA 6m:3179011,-
3uZK_uMTTC$ei2jAMXFfun,Pipe Types:DYKA PVC Hemelwaterafvoer_HWA 6m:3179017,-
3uZK_uMTTC$ei2jAMXFfuq,Pipe Types:DYKA PVC Hemelwaterafvoer_HWA 6m:3179020,-
3uZK_uMTTC$ei2jAMXFfus,Pipe Types:DYKA PVC Hemelwaterafvoer_HWA 6m:3179022,-
3uZK_uMTTC$ei2jAMXFfui,Pipe Types:DYKA PVC Hemelwaterafvoer_HWA 6m:3179028,-
3uZK_uMTTC$ei2jAMXFful,Pipe Types:DYKA PVC Hemelwaterafvoer_HWA 6m:3179031,-
3uZK_uMTTC$ei2jAMXFfuX,Pipe Types:DYKA PVC Hemelwaterafvoer_HWA 6m:3179033,-
3uZK_uMTTC$ei2jAMXFfud,Pipe Types:DYKA PVC Hemelwaterafvoer_HWA 6m:3179039,-
3uZK_uMTTC$ei2jAMXFfuQ,Pipe Types:DYKA PVC Hemelwaterafvoer_HWA 6m:3179042,-
3uZK_uMTTC$ei2jAMXFfuS,Pipe Types:DYKA PVC Hemelwaterafvoer_HWA 6m:3179044,-
3uZK_uMTTC$ei2jAMXFfuI,Pipe Types:DYKA PVC Hemelwaterafvoer_HWA 6m:3179050,-
3uZK_uMTTC$ei2jAMXFfuL,Pipe Types:DYKA PVC Hemelwaterafvoer_HWA 6m:3179053,-
3uZK_uMTTC$ei2jAMXFfuN,Pipe Types:DYKA PVC Hemelwaterafvoer_HWA 6m:3179055,-
3uZK_uMTTC$ei2jAMXFfuD,Pipe Types:DYKA PVC Hemelwaterafvoer_HWA 6m:3179061,-
3uZK_uMTTC$ei2jAMXFfuF,Pipe Types:DYKA PVC Hemelwaterafvoer_HWA 6m:3179063,-
3uZK_uMTTC$ei2jAMXFfu2,Pipe Types:DYKA PVC Hemelwaterafvoer_HWA 6m:3179066,-
3uZK_uMTTC$ei2jAMXFfu4,Pipe Types:DYKA PVC Hemelwaterafvoer_HWA 6m:3179068,-
3uZK_uMTTC$ei2jAMXFfwM,Pipe Types:DYKA PVC Hemelwaterafvoer_HWA 6m:3179182,-
3uZK_uMTTC$ei2jAMXFfwC,Pipe Types:DYKA PVC Hemelwaterafvoer_HWA 6m:3179188,-
3uZK_uMTTC$ei2jAMXFfwE,Pipe Types:DYKA PVC Hemelwaterafvoer_HWA 6m:3179190,-
3uZK_uMTTC$ei2jAMXFfw4,Pipe Types:DYKA PVC Hemelwaterafvoer_HWA 6m:3179196,-
3uZK_uMTTC$ei2jAMXFfw7,Pipe Types:DYKA PVC Hemelwaterafvoer_HWA 6m:3179199,-
3uZK_uMTTC$ei2jAMXFfxv,Pipe Types:DYKA PVC Hemelwaterafvoer_HWA 6m:3179201,-
3uZK_uMTTC$ei2jAMXFfx$,Pipe Types:DYKA PVC Hemelwaterafvoer_HWA 6m:3179207,-
3uZK_uMTTC$ei2jAMXFfxn,Pipe Types:DYKA PVC Hemelwaterafvoer_HWA 6m:3179209,-
3uZK_uMTTC$ei2jAMXFfxT,Pipe Types:DYKA PVC Hemelwaterafvoer_HWA 6m:3179237,-
3uZK_uMTTC$ei2jAMXFfxG,Pipe Types:DYKA PVC Hemelwaterafvoer_HWA 6m:3179240,-
3uZK_uMTTC$ei2jAMXFfxI,Pipe Types:DYKA PVC Hemelwaterafvoer_HWA 6m:3179242,-
3uZK_uMTTC$ei2jAMXFfx2,Pipe Types:DYKA PVC Hemelwaterafvoer_HWA 6m:3179258,-
3uZK_uMTTC$ei2jAMXFfyY,Pipe Types:DYKA PVC Hemelwaterafvoer_HWA 6m:3179290,-
3uZK_uMTTC$ei2jAMXFfyO,Pipe Types:DYKA PVC Hemelwaterafvoer_HWA 6m:3179296,-
3uZK_uMTTC$ei2jAMXFfyQ,Pipe Types:DYKA PVC Hemelwaterafvoer_HWA 6m:3179298,-
3uZK_uMTTC$ei2jAMXFfyG,Pipe Types:DYKA PVC Hemelwaterafvoer_HWA 6m:3179304,-
3uZK_uMTTC$ei2jAMXFfyJ,Pipe Types:DYKA PVC Hemelwaterafvoer_HWA 6m:3179307,-
3uZK_uMTTC$ei2jAMXFfyL,Pipe Types:DYKA PVC Hemelwaterafvoer_HWA 6m:3179309,-
3uZK_uMTTC$ei2jAMXFfyB,Pipe Types:DYKA PVC Hemelwaterafvoer_HWA 6m:3179315,-
3uZK_uMTTC$ei2jAMXFfyE,Pipe Types:DYKA PVC Hemelwaterafvoer_HWA 6m:3179318,-
3uZK_uMTTC$ei2jAMXFfy0,Pipe Types:DYKA PVC Hemelwaterafvoer_HWA 6m:3179320,-
3uZK_uMTTC$ei2jAMXFfy6,Pipe Types:DYKA PVC Hemelwaterafvoer_HWA 6m:3179326,-
3uZK_uMTTC$ei2jAMXFfzv,Pipe Types:DYKA PVC Hemelwaterafvoer_HWA 6m:3179329,-
3uZK_uMTTC$ei2jAMXFfzx,Pipe Types:DYKA PVC Hemelwaterafvoer_HWA 6m:3179331,-
3uZK_uMTTC$ei2jAMXFfzn,Pipe Types:DYKA PVC Hemelwaterafvoer_HWA 6m:3179337,-
3uZK_uMTTC$ei2jAMXFfzp,Pipe Types:DYKA PVC Hemelwaterafvoer_HWA 6m:3179339,-
3uZK_uMTTC$ei2jAMXFfzs,Pipe Types:DYKA PVC Hemelwaterafvoer_HWA 6m:3179342,-
3uZK_uMTTC$ei2jAMXFfze,Pipe Types:DYKA PVC Hemelwaterafvoer_HWA 6m:3179344,-
3uZK_uMTTC$ei2jAMXFfz9,Pipe Types:DYKA PVC Hemelwaterafvoer_HWA 6m:3179377,-
3uZK_uMTTC$ei2jAMXFfzF,Pipe Types:DYKA PVC Hemelwaterafvoer_HWA 6m:3179383,-
3uZK_uMTTC$ei2jAMXFfz1,Pipe Types:DYKA PVC Hemelwaterafvoer_HWA 6m:3179385,-
3uZK_uMTTC$ei2jAMXFfz7,Pipe Types:DYKA PVC Hemelwaterafvoer_HWA 6m:3179391,-
3uZK_uMTTC$ei2jAMXFf_w,Pipe Types:DYKA PVC Hemelwaterafvoer_HWA 6m:3179394,-
3uZK_uMTTC$ei2jAMXFf_y,Pipe Types:DYKA PVC Hemelwaterafvoer_HWA 6m:3179396,-
3uZK_uMTTC$ei2jAMXFf_o,Pipe Types:DYKA PVC Hemelwaterafvoer_HWA 6m:3179402,-
3uZK_uMTTC$ei2jAMXFf_r,Pipe Types:DYKA PVC Hemelwaterafvoer_HWA 6m:3179405,-
3uZK_uMTTC$ei2jAMXFf_t,Pipe Types:DYKA PVC Hemelwaterafvoer_HWA 6m:3179407,-
3uZK_uMTTC$ei2jAMXFf_j,Pipe Types:DYKA PVC Hemelwaterafvoer_HWA 6m:3179413,-
3uZK_uMTTC$ei2jAMXFf_W,Pipe Types:DYKA PVC Hemelwaterafvoer_HWA 6m:3179416,-
3uZK_uMTTC$ei2jAMXFf_Y,Pipe Types:DYKA PVC Hemelwaterafvoer_HWA 6m:3179418,-
3uZK_uMTTC$ei2jAMXFf_O,Pipe Types:DYKA PVC Hemelwaterafvoer_HWA 6m:3179424,-
3uZK_uMTTC$ei2jAMXFf_Q,Pipe Types:DYKA PVC Hemelwaterafvoer_HWA 6m:3179426,-
3uZK_uMTTC$ei2jAMXFf_T,Pipe Types:DYKA PVC Hemelwaterafvoer_HWA 6m:3179429,-
3uZK_uMTTC$ei2jAMXFf_V,Pipe Types:DYKA PVC Hemelwaterafvoer_HWA 6m:3179431,-
3uZK_uMTTC$ei2jAMXFffi,Pipe Types:DYKA PVC Hemelwaterafvoer_HWA 6m:3180116,-
3uZK_uMTTC$ei2jAMXFffY,Pipe Types:DYKA PVC Hemelwaterafvoer_HWA 6m:3180122,-
3uZK_uMTTC$ei2jAMXFffa,Pipe Types:DYKA PVC Hemelwaterafvoer_HWA 6m:3180124,-
3uZK_uMTTC$ei2jAMXFffQ,Pipe Types:DYKA PVC Hemelwaterafvoer_HWA 6m:3180130,-
3uZK_uMTTC$ei2jAMXFffT,Pipe Types:DYKA PVC Hemelwaterafvoer_HWA 6m:3180133,-
3uZK_uMTTC$ei2jAMXFffV,Pipe Types:DYKA PVC Hemelwaterafvoer_HWA 6m:3180135,-
3uZK_uMTTC$ei2jAMXFffL,Pipe Types:DYKA PVC Hemelwaterafvoer_HWA 6m:3180141,-
3uZK_uMTTC$ei2jAMXFff8,Pipe Types:DYKA PVC Hemelwaterafvoer_HWA 6m:3180144,-
3uZK_uMTTC$ei2jAMXFffA,Pipe Types:DYKA PVC Hemelwaterafvoer_HWA 6m:3180146,-
3uZK_uMTTC$ei2jAMXFff0,Pipe Types:DYKA PVC Hemelwaterafvoer_HWA 6m:3180152,-
3uZK_uMTTC$ei2jAMXFff3,Pipe Types:DYKA PVC Hemelwaterafvoer_HWA 6m:3180155,-
3uZK_uMTTC$ei2jAMXFff5,Pipe Types:DYKA PVC Hemelwaterafvoer_HWA 6m:3180157,-
3uZK_uMTTC$ei2jAMXFfgx,Pipe Types:DYKA PVC Hemelwaterafvoer_HWA 6m:3180163,-
3uZK_uMTTC$ei2jAMXFfg_,Pipe Types:DYKA PVC Hemelwaterafvoer_HWA 6m:3180166,-
3uZK_uMTTC$ei2jAMXFfgm,Pipe Types:DYKA PVC Hemelwaterafvoer_HWA 6m:3180168,-
3uZK_uMTTC$ei2jAMXFfgs,Pipe Types:DYKA PVC Hemelwaterafvoer_HWA 6m:3180174,-
3uZK_uMTTC$ei2jAMXFfgf,Pipe Types:DYKA PVC Hemelwaterafvoer_HWA 6m:3180177,-
3uZK_uMTTC$ei2jAMXFfgh,Pipe Types:DYKA PVC Hemelwaterafvoer_HWA 6m:3180179,-
3uZK_uMTTC$ei2jAMXFfgX,Pipe Types:DYKA PVC Hemelwaterafvoer_HWA 6m:3180185,-
3uZK_uMTTC$ei2jAMXFfga,Pipe Types:DYKA PVC Hemelwaterafvoer_HWA 6m:3180188,-
3uZK_uMTTC$ei2jAMXFfgc,Pipe Types:DYKA PVC Hemelwaterafvoer_HWA 6m:3180190,-
3uZK_uMTTC$ei2jAMXFfgS,Pipe Types:DYKA PVC Hemelwaterafvoer_HWA 6m:3180196,-
3uZK_uMTTC$ei2jAMXFfgV,Pipe Types:DYKA PVC Hemelwaterafvoer_HWA 6m:3180199,-
3uZK_uMTTC$ei2jAMXFfgH,Pipe Types:DYKA PVC Hemelwaterafvoer_HWA 6m:3180201,-
3uZK_uMTTC$ei2jAMXFfgN,Pipe Types:DYKA PVC Hemelwaterafvoer_HWA 6m:3180207,-
3uZK_uMTTC$ei2jAMXFfgA,Pipe Types:DYKA PVC Hemelwaterafvoer_HWA 6m:3180210,-
3uZK_uMTTC$ei2jAMXFfgC,Pipe Types:DYKA PVC Hemelwaterafvoer_HWA 6m:3180212,-
3uZK_uMTTC$ei2jAMXFfg2,Pipe Types:DYKA PVC Hemelwaterafvoer_HWA 6m:3180218,-
3uZK_uMTTC$ei2jAMXFfg5,Pipe Types:DYKA PVC Hemelwaterafvoer_HWA 6m:3180221,-
3uZK_uMTTC$ei2jAMXFfg7,Pipe Types:DYKA PVC Hemelwaterafvoer_HWA 6m:3180223,-
3uZK_uMTTC$ei2jAMXFfhz,Pipe Types:DYKA PVC Hemelwaterafvoer_HWA 6m:3180229,-
3uZK_uMTTC$ei2jAMXFfhm,Pipe Types:DYKA PVC Hemelwaterafvoer_HWA 6m:3180232,-
3uZK_uMTTC$ei2jAMXFfho,Pipe Types:DYKA PVC Hemelwaterafvoer_HWA 6m:3180234,-
3uZK_uMTTC$ei2jAMXFfhe,Pipe Types:DYKA PVC Hemelwaterafvoer_HWA 6m:3180240,-
3uZK_uMTTC$ei2jAMXFfhh,Pipe Types:DYKA PVC Hemelwaterafvoer_HWA 6m:3180243,-
3uZK_uMTTC$ei2jAMXFfhj,Pipe Types:DYKA PVC Hemelwaterafvoer_HWA 6m:3180245,-
3uZK_uMTTC$ei2jAMXFfhl,Pipe Types:DYKA PVC Hemelwaterafvoer_HWA 6m:3180247,-
3uZK_uMTTC$ei2jAMXFfhb,Pipe Types:DYKA PVC Hemelwaterafvoer_HWA 6m:3180253,-
3uZK_uMTTC$ei2jAMXFfhO,Pipe Types:DYKA PVC Hemelwaterafvoer_HWA 6m:3180256,-
3uZK_uMTTC$ei2jAMXFfhQ,Pipe Types:DYKA PVC Hemelwaterafvoer_HWA 6m:3180258,-
2gg_bE8A9A0xnEq8HjI9TZ,Pipe Types:Geberit PE Binnenriolering_PE 5m:2490670,-
2gg_bE8A9A0xnEq8HjI9Tx,Pipe Types:Geberit PE Binnenriolering_PE 5m:2490678,-
10lOHOALb22fpOm6EhRsWa,Pipe Types:Geberit PE Binnenriolering_PE 5m:2492431,-
10lOHOALb22fpOm6EhRsy4,Pipe Types:Geberit PE Binnenriolering_PE 5m:2492440,-
21aFhfOdj7hP$x0SOi88g0,Pipe Types:Geberit PE Binnenriolering_PE 5m:2492723,-
21aFhfOdj7hP$x0SOi88hr,Pipe Types:Geberit PE Binnenriolering_PE 5m:2492742,-
3QK4zgUrjBawGLLxeeKLjm,Pipe Types:Geberit PE Binnenriolering_PE 5m:3081377,-
1gPy2yMlv9Z9GqLZ9$S7aQ,Pipe Types:Geberit PE Binnenriolering_PE 5m:3118047,-
1gPy2yMlv9Z9GqLZ9$S7xg,Pipe Types:Geberit PE Binnenriolering_PE 5m:3118127,-
1gPy2yMlv9Z9GqLZ9$S7_O,Pipe Types:Geberit PE Binnenriolering_PE 5m:3118429,-
1gPy2yMlv9Z9GqLZ9$S7oj,Pipe Types:Geberit PE Binnenriolering_PE 5m:3118696,-
1gPy2yMlv9Z9GqLZ9$S7ot,Pipe Types:Geberit PE Binnenriolering_PE 5m:3118706,-
1gPy2yMlv9Z9GqLZ9$S7qJ,Pipe Types:Geberit PE Binnenriolering_PE 5m:3119062,-
1gPy2yMlv9Z9GqLZ9$S7qt,Pipe Types:Geberit PE Binnenriolering_PE 5m:3119090,-
1gPy2yMlv9Z9GqLZ9$S7q$,Pipe Types:Geberit PE Binnenriolering_PE 5m:3119098,-
0AeiFW0YH9FwXNAXHaIi7$,Pipe Types:Henco Pers_ISO4-BL 25m:1863085,-
0AeiFW0YH9FwXNAXHaIi7z,Pipe Types:Henco Pers_ISO4-BL 25m:1863087,-
0_bs6iNxz6KP88wQQ_QO9e,Pipe Types:Henco Pers_ISO4-BL 25m:1864739,-
0_bs6iNxz6KP88wQQ_QO9k,Pipe Types:Henco Pers_ISO4-BL 25m:1864741,-
1cIy9c4KL3_B_XG$UgAiu4,Pipe Types:Henco Pers_ISO4-BL 25m:1866967,-
1cIy9c4KL3_B_XG$UgAiuA,Pipe Types:Henco Pers_ISO4-BL 25m:1866969,-
1Wef5lMHb0Ye6uRoguQare,Pipe Types:Henco Pers_ISO4-BL 25m:1868862,-
1Wef5lMHb0Ye6uRoguQaqM,Pipe Types:Henco Pers_ISO4-BL 25m:1868864,-
0GskP63tf8gQhdxpTYCmjy,Pipe Types:Henco Pers_ISO4-BL 25m:1869588,-
0GskP63tf8gQhdxpTYCmj_,Pipe Types:Henco Pers_ISO4-BL 25m:1869590,-
0GskP63tf8gQhdxpTYCmRS,Pipe Types:Henco Pers_ISO4-BL 25m:1870516,-
0GskP63tf8gQhdxpTYCmRU,Pipe Types:Henco Pers_ISO4-BL 25m:1870518,-
2awNLqm7v4egHFIRdOOTut,Pipe Types:Henco Pers_ISO4-BL 25m:1871212,-
2awNLqm7v4egHFIRdOOTur,Pipe Types:Henco Pers_ISO4-BL 25m:1871214,-
1GU_X06Kf3OPsvt8DGONom,Pipe Types:Koper_Koper:1363938,-
1gpYmM12b6pxUJPBcN82QC,Pipe Types:Koper_Koper:1831183,-
1jITsAtk10hQcOmMHHBWjf,Pipe Types:Koper_Koper:1834480,-
1jITsAtk10hQcOmMHHAV$2,Pipe Types:Koper_Koper:1837403,-
1jITsAtk10hQcOmMHHAVlD,Pipe Types:Koper_Koper:1838420,-
2w0muTSPL4tOKc0TdpZg5V,Pipe Types:Koper_Koper:1852710,-
2w0muTSPL4tOKc0TdpZg6z,Pipe Types:Koper_Koper:1852868,-
2yLSEqNSn7kPEBek35XrfM,Pipe Types:Koper_Koper:1852940,-
2yLSEqNSn7kPEBek35XrHB,Pipe Types:Koper_Koper:1853457,-
2yLSEqNSn7kPEBek35XrH7,Pipe Types:Koper_Koper:1853469,-
2yLSEqNSn7kPEBek35XrGE,Pipe Types:Koper_Koper:1853524,-
2yLSEqNSn7kPEBek35XrGw,Pipe Types:Koper_Koper:1853536,-
2yLSEqNSn7kPEBek35XrGW,Pipe Types:Koper_Koper:1853562,-
2yLSEqNSn7kPEBek35XrJS,Pipe Types:Koper_Koper:1853574,-
2yLSEqNSn7kPEBek35XrJu,Pipe Types:Koper_Koper:1853602,-
2yLSEqNSn7kPEBek35XrJq,Pipe Types:Koper_Koper:1853614,-
2yLSEqNSn7kPEBek35XrIG,Pipe Types:Koper_Koper:1853642,-
2yLSEqNSn7kPEBek35XrIC,Pipe Types:Koper_Koper:1853654,-
2yLSEqNSn7kPEBek35XrIg,Pipe Types:Koper_Koper:1853680,-
2yLSEqNSn7kPEBek35XrIc,Pipe Types:Koper_Koper:1853692,-
2yLSEqNSn7kPEBek35XrL2,Pipe Types:Koper_Koper:1853720,-
2yLSEqNSn7kPEBek35XrL_,Pipe Types:Koper_Koper:1853732,-
2yLSEqNSn7kPEBek35XrKN,Pipe Types:Koper_Koper:1853773,-
2yLSEqNSn7kPEBek35XrK3,Pipe Types:Koper_Koper:1853785,-
2yLSEqNSn7kPEBek35XrN9,Pipe Types:Koper_Koper:1853843,-
2yLSEqNSn7kPEBek35XrN5,Pipe Types:Koper_Koper:1853855,-
2yLSEqNSn7kPEBek35XrNZ,Pipe Types:Koper_Koper:1853881,-
2yLSEqNSn7kPEBek35XrMV,Pipe Types:Koper_Koper:1853893,-
2yLSEqNSn7kPEBek35XrMx,Pipe Types:Koper_Koper:1853921,-
2yLSEqNSn7kPEBek35XrMt,Pipe Types:Koper_Koper:1853933,-
2yLSEqNSn7kPEBek35XrPT,Pipe Types:Koper_Koper:1853959,-
2yLSEqNSn7kPEBek35XrP9,Pipe Types:Koper_Koper:1853971,-
2yLSEqNSn7kPEBek35XrOR,Pipe Types:Koper_Koper:1854017,-
3$UvGzhpb8W9qg1V2SVYGy,Pipe Types:Koper_Koper:1859780,-
3$UvGzhpb8W9qg1V2SVYGr,Pipe Types:Koper_Koper:1859789,-
3$UvGzhpb8W9qg1V2SVYGQ,Pipe Types:Koper_Koper:1859810,-
3$UvGzhpb8W9qg1V2SVYGM,Pipe Types:Koper_Koper:1859822,-
3$UvGzhpb8W9qg1V2SVYGF,Pipe Types:Koper_Koper:1859831,-
3$UvGzhpb8W9qg1V2SVYNx,Pipe Types:Koper_Koper:1859843,-
3$UvGzhpb8W9qg1V2SVYNq,Pipe Types:Koper_Koper:1859852,-
3$UvGzhpb8W9qg1V2SVYNW,Pipe Types:Koper_Koper:1859864,-
3$UvGzhpb8W9qg1V2SVYNP,Pipe Types:Koper_Koper:1859873,-
3$UvGzhpb8W9qg1V2SVYNL,Pipe Types:Koper_Koper:1859885,-
3$UvGzhpb8W9qg1V2SVYNE,Pipe Types:Koper_Koper:1859894,-
3$UvGzhpb8W9qg1V2SVYMw,Pipe Types:Koper_Koper:1859906,-
3$UvGzhpb8W9qg1V2SVYMp,Pipe Types:Koper_Koper:1859915,-
3$UvGzhpb8W9qg1V2SVYMl,Pipe Types:Koper_Koper:1859927,-
3$UvGzhpb8W9qg1V2SVYMO,Pipe Types:Koper_Koper:1859936,-
3$UvGzhpb8W9qg1V2SVYMK,Pipe Types:Koper_Koper:1859948,-
3$UvGzhpb8W9qg1V2SVYMD,Pipe Types:Koper_Koper:1859957,-
3$UvGzhpb8W9qg1V2SVYLv,Pipe Types:Koper_Koper:1859969,-
3$UvGzhpb8W9qg1V2SVYLo,Pipe Types:Koper_Koper:1859978,-
3$UvGzhpb8W9qg1V2SVYLk,Pipe Types:Koper_Koper:1859990,-
3$UvGzhpb8W9qg1V2SVYLd,Pipe Types:Koper_Koper:1859999,-
3$UvGzhpb8W9qg1V2SVYLJ,Pipe Types:Koper_Koper:1860011,-
3$UvGzhpb8W9qg1V2SVYLC,Pipe Types:Koper_Koper:1860020,-
3$UvGzhpb8W9qg1V2SVYKu,Pipe Types:Koper_Koper:1860032,-
3$UvGzhpb8W9qg1V2SVYKn,Pipe Types:Koper_Koper:1860041,-
3$UvGzhpb8W9qg1V2SVYKj,Pipe Types:Koper_Koper:1860053,-
3$UvGzhpb8W9qg1V2SVYKc,Pipe Types:Koper_Koper:1860062,-
3$UvGzhpb8W9qg1V2SVYKI,Pipe Types:Koper_Koper:1860074,-
3$UvGzhpb8W9qg1V2SVYKB,Pipe Types:Koper_Koper:1860083,-
0AeiFW0YH9FwXNAXHaIi4C,Pipe Types:Koper_Koper:1863006,-
0AeiFW0YH9FwXNAXHaIi4m,Pipe Types:Koper_Koper:1863010,-
0AeiFW0YH9FwXNAXHaIi4w,Pipe Types:Koper_Koper:1863016,-
0AeiFW0YH9FwXNAXHaIi4_,Pipe Types:Koper_Koper:1863020,-
0AeiFW0YH9FwXNAXHaIi4l,Pipe Types:Koper_Koper:1863037,-
0AeiFW0YH9FwXNAXHaIi70,Pipe Types:Koper_Koper:1863058,-
0AeiFW0YH9FwXNAXHaIi7C,Pipe Types:Koper_Koper:1863070,-
0AeiFW0YH9FwXNAXHaIi7r,Pipe Types:Koper_Koper:1863079,-
0AeiFW0YH9FwXNAXHaIi7X,Pipe Types:Koper_Koper:1863091,-
0AeiFW0YH9FwXNAXHaIi7k,Pipe Types:Koper_Koper:1863100,-
0AeiFW0YH9FwXNAXHaIi6Q,Pipe Types:Koper_Koper:1863112,-
0AeiFW0YH9FwXNAXHaIi63,Pipe Types:Koper_Koper:1863121,-
0AeiFW0YH9FwXNAXHaIi6F,Pipe Types:Koper_Koper:1863133,-
0AeiFW0YH9FwXNAXHaIi6q,Pipe Types:Koper_Koper:1863142,-
0AeiFW0YH9FwXNAXHaIi6W,Pipe Types:Koper_Koper:1863154,-
0AeiFW0YH9FwXNAXHaIi6f,Pipe Types:Koper_Koper:1863163,-
0AeiFW0YH9FwXNAXHaIi9L,Pipe Types:Koper_Koper:1863175,-
0AeiFW0YH9FwXNAXHaIi92,Pipe Types:Koper_Koper:1863184,-
0AeiFW0YH9FwXNAXHaIi9E,Pipe Types:Koper_Koper:1863196,-
0AeiFW0YH9FwXNAXHaIi9t,Pipe Types:Koper_Koper:1863205,-
0AeiFW0YH9FwXNAXHaIi9Z,Pipe Types:Koper_Koper:1863217,-
0AeiFW0YH9FwXNAXHaIi9e,Pipe Types:Koper_Koper:1863226,-
0AeiFW0YH9FwXNAXHaIi8K,Pipe Types:Koper_Koper:1863238,-
0AeiFW0YH9FwXNAXHaIi8T,Pipe Types:Koper_Koper:1863247,-
0AeiFW0YH9FwXNAXHaIi89,Pipe Types:Koper_Koper:1863259,-
0AeiFW0YH9FwXNAXHaIi8s,Pipe Types:Koper_Koper:1863268,-
0AeiFW0YH9FwXNAXHaIi8Y,Pipe Types:Koper_Koper:1863280,-
0AeiFW0YH9FwXNAXHaIi8h,Pipe Types:Koper_Koper:1863289,-
0AeiFW0YH9FwXNAXHaIjnv,Pipe Types:Koper_Koper:1863723,-
0_bs6iNxz6KP88wQQ_QOMT,Pipe Types:Koper_Koper:1864662,-
0_bs6iNxz6KP88wQQ_QOMH,Pipe Types:Koper_Koper:1864666,-
0_bs6iNxz6KP88wQQ_QOMf,Pipe Types:Koper_Koper:1864674,-
0_bs6iNxz6KP88wQQ_QOMu,Pipe Types:Koper_Koper:1864691,-
0_bs6iNxz6KP88wQQ_QO93,Pipe Types:Koper_Koper:1864712,-
0_bs6iNxz6KP88wQQ_QO9V,Pipe Types:Koper_Koper:1864724,-
0_bs6iNxz6KP88wQQ_QO9M,Pipe Types:Koper_Koper:1864733,-
0_bs6iNxz6KP88wQQ_QO9Y,Pipe Types:Koper_Koper:1864745,-
0_bs6iNxz6KP88wQQ_QO9v,Pipe Types:Koper_Koper:1864754,-
0_bs6iNxz6KP88wQQ_QO9r,Pipe Types:Koper_Koper:1864766,-
0_bs6iNxz6KP88wQQ_QO8C,Pipe Types:Koper_Koper:1864775,-
0_bs6iNxz6KP88wQQ_QO8O,Pipe Types:Koper_Koper:1864787,-
0_bs6iNxz6KP88wQQ_QO8N,Pipe Types:Koper_Koper:1864796,-
0_bs6iNxz6KP88wQQ_QO8Z,Pipe Types:Koper_Koper:1864808,-
0_bs6iNxz6KP88wQQ_QO8w,Pipe Types:Koper_Koper:1864817,-
0_bs6iNxz6KP88wQQ_QO8s,Pipe Types:Koper_Koper:1864829,-
0_bs6iNxz6KP88wQQ_QOBD,Pipe Types:Koper_Koper:1864838,-
0_bs6iNxz6KP88wQQ_QOBP,Pipe Types:Koper_Koper:1864850,-
0_bs6iNxz6KP88wQQ_QOBG,Pipe Types:Koper_Koper:1864859,-
0_bs6iNxz6KP88wQQ_QOBi,Pipe Types:Koper_Koper:1864871,-
0_bs6iNxz6KP88wQQ_QOBx,Pipe Types:Koper_Koper:1864880,-
0_bs6iNxz6KP88wQQ_QOBt,Pipe Types:Koper_Koper:1864892,-
0_bs6iNxz6KP88wQQ_QOAE,Pipe Types:Koper_Koper:1864901,-
0_bs6iNxz6KP88wQQ_QOAQ,Pipe Types:Koper_Koper:1864913,-
0_bs6iNxz6KP88wQQ_QOAH,Pipe Types:Koper_Koper:1864922,-
0_bs6iNxz6KP88wQQ_QOAj,Pipe Types:Koper_Koper:1864934,-
0_bs6iNxz6KP88wQQ_QOAa,Pipe Types:Koper_Koper:1864943,-
0_bs6iNxz6KP88wQQ_QOEa,Pipe Types:Koper_Koper:1865199,-
0E2EzsnkTA9vSUA6YLKZc5,Pipe Types:Koper_Koper:1866580,-
1cIy9c4KL3_B_XG$UgAivP,Pipe Types:Koper_Koper:1866890,-
1cIy9c4KL3_B_XG$UgAivT,Pipe Types:Koper_Koper:1866894,-
1cIy9c4KL3_B_XG$UgAiv1,Pipe Types:Koper_Koper:1866898,-
1cIy9c4KL3_B_XG$UgAiv7,Pipe Types:Koper_Koper:1866900,-
1cIy9c4KL3_B_XG$UgAiv5,Pipe Types:Koper_Koper:1866902,-
1cIy9c4KL3_B_XG$UgAivq,Pipe Types:Koper_Koper:1866919,-
1cIy9c4KL3_B_XG$UgAivl,Pipe Types:Koper_Koper:1866940,-
1cIy9c4KL3_B_XG$UgAiuR,Pipe Types:Koper_Koper:1866952,-
1cIy9c4KL3_B_XG$UgAiu2,Pipe Types:Koper_Koper:1866961,-
1cIy9c4KL3_B_XG$UgAi$F,Pipe Types:Koper_Koper:1867036,-
1cIy9c4KL3_B_XG$UgAi$s,Pipe Types:Koper_Koper:1867045,-
1cIy9c4KL3_B_XG$UgAi$Y,Pipe Types:Koper_Koper:1867057,-
1cIy9c4KL3_B_XG$UgAi$f,Pipe Types:Koper_Koper:1867066,-
1cIy9c4KL3_B_XG$UgAi_L,Pipe Types:Koper_Koper:1867078,-
1cIy9c4KL3_B_XG$UgAi_S,Pipe Types:Koper_Koper:1867087,-
1cIy9c4KL3_B_XG$UgAi_8,Pipe Types:Koper_Koper:1867099,-
1cIy9c4KL3_B_XG$UgAi_t,Pipe Types:Koper_Koper:1867108,-
1Wef5lMHb0Ye6uRoguQaYF,Pipe Types:Koper_Koper:1868249,-
1Wef5lMHb0Ye6uRoguQagd,Pipe Types:Koper_Koper:1868785,-
1Wef5lMHb0Ye6uRoguQagZ,Pipe Types:Koper_Koper:1868789,-
1Wef5lMHb0Ye6uRoguQagl,Pipe Types:Koper_Koper:1868793,-
1Wef5lMHb0Ye6uRoguQagh,Pipe Types:Koper_Koper:1868797,-
1Wef5lMHb0Ye6uRoguQarO,Pipe Types:Koper_Koper:1868814,-
1Wef5lMHb0Ye6uRoguQarr,Pipe Types:Koper_Koper:1868835,-
1Wef5lMHb0Ye6uRoguQarv,Pipe Types:Koper_Koper:1868847,-
1Wef5lMHb0Ye6uRoguQark,Pipe Types:Koper_Koper:1868856,-
1Wef5lMHb0Ye6uRoguQaqI,Pipe Types:Koper_Koper:1868868,-
1Wef5lMHb0Ye6uRoguQaqR,Pipe Types:Koper_Koper:1868877,-
1Wef5lMHb0Ye6uRoguQaqF,Pipe Types:Koper_Koper:1868889,-
1Wef5lMHb0Ye6uRoguQaqq,Pipe Types:Koper_Koper:1868898,-
1Wef5lMHb0Ye6uRoguQaqu,Pipe Types:Koper_Koper:1868910,-
1Wef5lMHb0Ye6uRoguQaqX,Pipe Types:Koper_Koper:1868919,-
1Wef5lMHb0Ye6uRoguQatL,Pipe Types:Koper_Koper:1868931,-
1Wef5lMHb0Ye6uRoguQatQ,Pipe Types:Koper_Koper:1868940,-
1Wef5lMHb0Ye6uRoguQaty,Pipe Types:Koper_Koper:1868970,-
1Wef5lMHb0Ye6uRoguQatu,Pipe Types:Koper_Koper:1868974,-
1Wef5lMHb0Ye6uRoguQata,Pipe Types:Koper_Koper:1868978,-
1Wef5lMHb0Ye6uRoguQanO,Pipe Types:Koper_Koper:1869070,-
0GskP63tf8gQhdxpTYCmgl,Pipe Types:Koper_Koper:1869511,-
0GskP63tf8gQhdxpTYCmgZ,Pipe Types:Koper_Koper:1869515,-
0GskP63tf8gQhdxpTYCmgv,Pipe Types:Koper_Koper:1869521,-
0GskP63tf8gQhdxpTYCmgx,Pipe Types:Koper_Koper:1869523,-
0GskP63tf8gQhdxpTYCmgC,Pipe Types:Koper_Koper:1869540,-
0GskP63tf8gQhdxpTYCmgH,Pipe Types:Koper_Koper:1869561,-
0GskP63tf8gQhdxpTYCmjj,Pipe Types:Koper_Koper:1869573,-
0GskP63tf8gQhdxpTYCmjc,Pipe Types:Koper_Koper:1869582,-
0GskP63tf8gQhdxpTYCmjo,Pipe Types:Koper_Koper:1869594,-
0GskP63tf8gQhdxpTYCmjB,Pipe Types:Koper_Koper:1869603,-
0GskP63tf8gQhdxpTYCmj7,Pipe Types:Koper_Koper:1869615,-
0GskP63tf8gQhdxpTYCmjG,Pipe Types:Koper_Koper:1869624,-
0GskP63tf8gQhdxpTYCmle,Pipe Types:Koper_Koper:1869696,-
0GskP63tf8gQhdxpTYCmli,Pipe Types:Koper_Koper:1869700,-
0GskP63tf8gQhdxpTYCmlW,Pipe Types:Koper_Koper:1869704,-
0GskP63tf8gQhdxpTYCmKi,Pipe Types:Koper_Koper:1870148,-
0GskP63tf8gQhdxpTYCmK0,Pipe Types:Koper_Koper:1870184,-
0GskP63tf8gQhdxpTYCmNY,Pipe Types:Koper_Koper:1870218,-
0GskP63tf8gQhdxpTYCmOF,Pipe Types:Koper_Koper:1870439,-
0GskP63tf8gQhdxpTYCmO3,Pipe Types:Koper_Koper:1870443,-
0GskP63tf8gQhdxpTYCmO7,Pipe Types:Koper_Koper:1870447,-
0GskP63tf8gQhdxpTYCmOR,Pipe Types:Koper_Koper:1870451,-
0GskP63tf8gQhdxpTYCmRi,Pipe Types:Koper_Koper:1870468,-
0GskP63tf8gQhdxpTYCmRn,Pipe Types:Koper_Koper:1870489,-
0GskP63tf8gQhdxpTYCmRD,Pipe Types:Koper_Koper:1870501,-
0GskP63tf8gQhdxpTYCmR6,Pipe Types:Koper_Koper:1870510,-
0GskP63tf8gQhdxpTYCmRI,Pipe Types:Koper_Koper:1870522,-
0GskP63tf8gQhdxpTYCmQh,Pipe Types:Koper_Koper:1870531,-
0GskP63tf8gQhdxpTYCmQd,Pipe Types:Koper_Koper:1870543,-
0GskP63tf8gQhdxpTYCmQm,Pipe Types:Koper_Koper:1870552,-
0GskP63tf8gQhdxpTYCmQO,Pipe Types:Koper_Koper:1870576,-
0GskP63tf8gQhdxpTYCmQQ,Pipe Types:Koper_Koper:1870578,-
0GskP63tf8gQhdxpTYCmQS,Pipe Types:Koper_Koper:1870580,-
0GskP63tf8gQhdxpTYCmQN,Pipe Types:Koper_Koper:1870591,-
0GskP63tf8gQhdxpTYCmTw,Pipe Types:Koper_Koper:1870610,-
0GskP63tf8gQhdxpTYCmTD,Pipe Types:Koper_Koper:1870629,-
0Qt5rv3M1C0BPDrZrnnqvb,Pipe Types:Koper_Koper:1870921,-
2awNLqm7v4egHFIRdOOTuA,Pipe Types:Koper_Koper:1871185,-
2awNLqm7v4egHFIRdOOTuE,Pipe Types:Koper_Koper:1871189,-
2awNLqm7v4egHFIRdOOTuz,Pipe Types:Koper_Koper:1871206,-
2awNLqm7v4egHFIRdOOTuW,Pipe Types:Koper_Koper:1871227,-
2awNLqm7v4egHFIRdOOTxS,Pipe Types:Koper_Koper:1871239,-
2awNLqm7v4egHFIRdOOTxB,Pipe Types:Koper_Koper:1871248,-
2awNLqm7v4egHFIRdOOTw9,Pipe Types:Koper_Koper:1871314,-
2awNLqm7v4egHFIRdOOTwF,Pipe Types:Koper_Koper:1871316,-
2awNLqm7v4egHFIRdOOTwD,Pipe Types:Koper_Koper:1871318,-
2awNLqm7v4egHFIRdOOTww,Pipe Types:Koper_Koper:1871329,-
2awNLqm7v4egHFIRdOOTwl,Pipe Types:Koper_Koper:1871348,-
2awNLqm7v4egHFIRdOOTrS,Pipe Types:Koper_Koper:1871367,-
2awNLqm7v4egHFIRdOOTpO,Pipe Types:Koper_Koper:1871747,-
2awNLqm7v4egHFIRdOOTpS,Pipe Types:Koper_Koper:1871751,-
2awNLqm7v4egHFIRdOOTpB,Pipe Types:Koper_Koper:1871760,-
2awNLqm7v4egHFIRdOOTp_,Pipe Types:Koper_Koper:1871781,-
2awNLqm7v4egHFIRdOOTpg,Pipe Types:Koper_Koper:1871793,-
2awNLqm7v4egHFIRdOOTpX,Pipe Types:Koper_Koper:1871802,-
2awNLqm7v4egHFIRdOOToH,Pipe Types:Koper_Koper:1871818,-
2awNLqm7v4egHFIRdOOToN,Pipe Types:Koper_Koper:1871820,-
2awNLqm7v4egHFIRdOOToL,Pipe Types:Koper_Koper:1871822,-
2awNLqm7v4egHFIRdOOToC,Pipe Types:Koper_Koper:1871831,-
2awNLqm7v4egHFIRdOOTon,Pipe Types:Koper_Koper:1871850,-
2awNLqm7v4egHFIRdOOToc,Pipe Types:Koper_Koper:1871869,-
3pQfV7Y550AuQiFSAJkBEx,Pipe Types:Koper_Koper:1880731,-
1$aWKZMBDFTft0_8u7X57u,Pipe Types:Koper_Koper:1882031,-
1$aWKZMBDFTft0_8u7X57X,Pipe Types:Koper_Koper:1882038,-
1$aWKZMBDFTft0_8u7X56V,Pipe Types:Koper_Koper:1882056,-
1$aWKZMBDFTft0_8u7X5uN,Pipe Types:Koper_Koper:1882176,-
1$aWKZMBDFTft0_8u7X5u6,Pipe Types:Koper_Koper:1882193,-
1$aWKZMBDFTft0_8u7X5y3,Pipe Types:Koper_Koper:1882452,-
1$aWKZMBDFTft0_8u7X5p5,Pipe Types:Koper_Koper:1882770,-
1$aWKZMBDFTft0_8u7X5fi,Pipe Types:Koper_Koper:1883195,-
0mb4uaWgz82vEm6ymA0VAI,Pipe Types:Koper_Koper:1884407,-
0mb4uaWgz82vEm6ymA0VDE,Pipe Types:Koper_Koper:1884459,-
0mb4uaWgz82vEm6ymA0VF_,Pipe Types:Koper_Koper:1884571,-
0XyQD1s7n5wh9KUWL6_GbR,Pipe Types:Koper_Koper:1885609,-
1neQi0T79Dbw6cmqy4$WNJ,Pipe Types:Koper_Koper:1886578,-
164JOChTD2Sx_wfQjLKSnF,Pipe Types:Koper_Koper:1887208,-
164JOChTD2Sx_wfQjLKSci,Pipe Types:Koper_Koper:1887755,-
164JOChTD2Sx_wfQjLKSce,Pipe Types:Koper_Koper:1887759,-
11Hlhmu4LElxis_Dc2MOX4,Pipe Types:Koper_Koper:1889505,-
0RRPzSZTL1ThCzM5kU3EPD,Pipe Types:Koper_Koper:1907265,-
0RRPzSZTL1ThCzM5kU3EP9,Pipe Types:Koper_Koper:1907269,-
0RRPzSZTL1ThCzM5kU3E2s,Pipe Types:Koper_Koper:1907898,-
0RRPzSZTL1ThCzM5kU3E3C,Pipe Types:Koper_Koper:1907904,-
3h7DSh7DTCAxv7esNPyK15,Pipe Types:Koper_Koper:1911935,-
3h7DSh7DTCAxv7esNPyK1$,Pipe Types:Koper_Koper:1911940,-
2wepOBT79BRBQZ13nsh37E,Pipe Types:Koper_Koper:1912311,-
2wepOBT79BRBQZ13nsh3DR,Pipe Types:Koper_Koper:1912674,-
2wepOBT79BRBQZ13nsh2pn,Pipe Types:Koper_Koper:1913032,-
2wepOBT79BRBQZ13nsh2rz,Pipe Types:Koper_Koper:1913156,-
0cPQJIAnHBMfdpVcheZk20,Pipe Types:Koper_Koper:2443465,-
0cPQJIAnHBMfdpVcheZk28,Pipe Types:Koper_Koper:2443467,-
2X6TeuDYTB7wR$jKbLuGGU,Pipe Types:Koper_Koper:2552777,-
2foaRg8BH0iOeCOmhM7Y$1,Pipe Types:Koper_Koper:2556066,-
2foaRg8BH0iOeCOmhM7Y_I,Pipe Types:Koper_Koper:2556145,-
0zYn$tltz9AQet6dJpABVB,Pipe Types:Koper_Koper:2557906,-
0zYn$tltz9AQet6dJpABV5,Pipe Types:Koper_Koper:2557916,-
0zYn$tltz9AQet6dJpABXO,Pipe Types:Koper_Koper:2558017,-
0zYn$tltz9AQet6dJpABXD,Pipe Types:Koper_Koper:2558036,-
0zYn$tltz9AQet6dJpABYE,Pipe Types:Koper_Koper:2558103,-
0zYn$tltz9AQet6dJpABYu,Pipe Types:Koper_Koper:2558113,-
0ZEP1JMSD0OhwCCW8u249G,Pipe Types:Koper_Koper:2560812,-
0ZEP1JMSD0OhwCCW8u248O,Pipe Types:Koper_Koper:2560868,-
3kmvA7vD18VOMxPGdahDPL,Pipe Types:Koper_Koper:2563634,-
3kmvA7vD18VOMxPGdahEYn,Pipe Types:Koper_Koper:2564310,-
3kmvA7vD18VOMxPGdahEb6,Pipe Types:Koper_Koper:2564385,-
3kmvA7vD18VOMxPGdahEac,Pipe Types:Koper_Koper:2564417,-
3kmvA7vD18VOMxPGdahEj7,Pipe Types:Koper_Koper:2564896,-
3kmvA7vD18VOMxPGdahEj9,Pipe Types:Koper_Koper:2564910,-
3kmvA7vD18VOMxPGdahEnI,Pipe Types:Koper_Koper:2565173,-
3kmvA7vD18VOMxPGdahEre,Pipe Types:Koper_Koper:2565391,-
1HOBNuvIX5lx9Lu8vNx4OP,Pipe Types:Koper_Koper:2583322,-
1HOBNuvIX5lx9Lu8vNx44U,Pipe Types:Koper_Koper:2583581,-
1kmqP$vrj93gR$D8LNFCnL,Pipe Types:Koper_Koper:2659526,-
0j6iTlyB523AoXLLRDkAcb,Pipe Types:Koper_Koper:2675857,-
036aZCOpLFbu1IaIp_wKIS,Pipe Types:Koper_Koper:2879646,-
036aZCOpLFbu1IaIp_xh23,Pipe Types:Koper_Koper:2884737,-
036aZCOpLFbu1IaIp_xfs8,Pipe Types:Koper_Koper:2894218,-
036aZCOpLFbu1IaIp_xf$2,Pipe Types:Koper_Koper:2894784,-
036aZCOpLFbu1IaIp_xfXm,Pipe Types:Koper_Koper:2894962,-
036aZCOpLFbu1IaIp_xfaj,Pipe Types:Koper_Koper:2895151,-
036aZCOpLFbu1IaIp_xfbO,Pipe Types:Koper_Koper:2895194,-
036aZCOpLFbu1IaIp_xfhP,Pipe Types:Koper_Koper:2895579,-
036aZCOpLFbu1IaIp_xfin,Pipe Types:Koper_Koper:2895667,-
036aZCOpLFbu1IaIp_xkWw,Pipe Types:Koper_Koper:2907192,-
036aZCOpLFbu1IaIp_xkcp,Pipe Types:Koper_Koper:2907569,-
036aZCOpLFbu1IaIp_xkhY,Pipe Types:Koper_Koper:2907872,-
20BZ$i3mf0kQxZYEOfI$5u,Pipe Types:Koper_Koper:2920956,-
20BZ$i3mf0kQxZYEOfI$A8,Pipe Types:Koper_Koper:2920972,-
20BZ$i3mf0kQxZYEOfI$Re,Pipe Types:Koper_Koper:2922092,-
20BZ$i3mf0kQxZYEOfI$Rw,Pipe Types:Koper_Koper:2922110,-
20BZ$i3mf0kQxZYEOfI$P8,Pipe Types:Koper_Koper:2922188,-
20BZ$i3mf0kQxZYEOfI$SM,Pipe Types:Koper_Koper:2922386,-
20BZ$i3mf0kQxZYEOfI$St,Pipe Types:Koper_Koper:2922419,-
3SqnuGzYD0p92AVdYgO6sf,Pipe Types:Koper_Koper:3241323,-
3SqnuGzYD0p92AVdYgO6sj,Pipe Types:Koper_Koper:3241327,-
3SqnuGzYD0p92AVdYgO6sm,Pipe Types:Koper_Koper:3241330,-
3SqnuGzYD0p92AVdYgO6st,Pipe Types:Koper_Koper:3241333,-
3SqnuGzYD0p92AVdYgO6s$,Pipe Types:Koper_Koper:3241341,-
3SqnuGzYD0p92AVdYgO6r5,Pipe Types:Koper_Koper:3241351,-
3SqnuGzYD0p92AVdYgO6r9,Pipe Types:Koper_Koper:3241355,-
3SqnuGzYD0p92AVdYgO6rH,Pipe Types:Koper_Koper:3241363,-
3SqnuGzYD0p92AVdYgO6rP,Pipe Types:Koper_Koper:3241371,-
3SqnuGzYD0p92AVdYgO6rT,Pipe Types:Koper_Koper:3241375,-
3SqnuGzYD0p92AVdYgO6rd,Pipe Types:Koper_Koper:3241381,-
3SqnuGzYD0p92AVdYgO6rb,Pipe Types:Koper_Koper:3241383,-
3SqnuGzYD0p92AVdYgO6rl,Pipe Types:Koper_Koper:3241389,-
3SqnuGzYD0p92AVdYgO6r$,Pipe Types:Koper_Koper:3241405,-
3SqnuGzYD0p92AVdYgO6q9,Pipe Types:Koper_Koper:3241419,-
3SqnuGzYD0p92AVdYgO6qR,Pipe Types:Koper_Koper:3241433,-
3SqnuGzYD0p92AVdYgO6qP,Pipe Types:Koper_Koper:3241435,-
3SqnuGzYD0p92AVdYgO6qT,Pipe Types:Koper_Koper:3241439,-
3SqnuGzYD0p92AVdYgO6qZ,Pipe Types:Koper_Koper:3241441,-
3SqnuGzYD0p92AVdYgOFoL,Pipe Types:Koper_Koper:3269719,-
2Pogealfn4_RBiMiBIrxwl,Pipe Types:Koper_Koper:3691540,-
2Pogealfn4_RBiMiBIrxyO,Pipe Types:Koper_Koper:3691939,-
2Pogealfn4_RBiMiBIrxyU,Pipe Types:Koper_Koper:3691941,-
2Pogealfn4_RBiMiBIrxyI,Pipe Types:Koper_Koper:3691945,-
2Pogealfn4_RBiMiBIrxyG,Pipe Types:Koper_Koper:3691947,-
2Pogealfn4_RBiMiBIrxyA,Pipe Types:Koper_Koper:3691953,-
38C8KyqhnAoBeKARzsiGdG,Pipe Types:Koper_Koper:3692011,-
38C8KyqhnAoBeKARzsiGdM,Pipe Types:Koper_Koper:3692013,-
38C8KyqhnAoBeKARzsiGdA,Pipe Types:Koper_Koper:3692017,-
38C8KyqhnAoBeKARzsiGd8,Pipe Types:Koper_Koper:3692019,-
38C8KyqhnAoBeKARzsiGd2,Pipe Types:Koper_Koper:3692025,-
38C8KyqhnAoBeKARzsiGer,Pipe Types:Koper_Koper:3692046,-
38C8KyqhnAoBeKARzsiGeh,Pipe Types:Koper_Koper:3692048,-
38C8KyqhnAoBeKARzsiGel,Pipe Types:Koper_Koper:3692052,-
38C8KyqhnAoBeKARzsiGej,Pipe Types:Koper_Koper:3692054,-
38C8KyqhnAoBeKARzsiGed,Pipe Types:Koper_Koper:3692060,-
38C8KyqhnAoBeKARzsiGeA,Pipe Types:Koper_Koper:3692081,-
38C8KyqhnAoBeKARzsiGe8,Pipe Types:Koper_Koper:3692083,-
38C8KyqhnAoBeKARzsiGeC,Pipe Types:Koper_Koper:3692087,-
38C8KyqhnAoBeKARzsiGe2,Pipe Types:Koper_Koper:3692089,-
38C8KyqhnAoBeKARzsiGe4,Pipe Types:Koper_Koper:3692095,-
38C8KyqhnAoBeKARzsiGfl,Pipe Types:Koper_Koper:3692116,-
38C8KyqhnAoBeKARzsiGfj,Pipe Types:Koper_Koper:3692118,-
38C8KyqhnAoBeKARzsiGfX,Pipe Types:Koper_Koper:3692122,-
38C8KyqhnAoBeKARzsiGfd,Pipe Types:Koper_Koper:3692124,-
38C8KyqhnAoBeKARzsiGfP,Pipe Types:Koper_Koper:3692130,-
38C8KyqhnAoBeKARzsiGfC,Pipe Types:Koper_Koper:3692151,-
38C8KyqhnAoBeKARzsiGf2,Pipe Types:Koper_Koper:3692153,-
38C8KyqhnAoBeKARzsiGf6,Pipe Types:Koper_Koper:3692157,-
38C8KyqhnAoBeKARzsiGf4,Pipe Types:Koper_Koper:3692159,-
38C8KyqhnAoBeKARzsiGg_,Pipe Types:Koper_Koper:3692165,-
38C8KyqhnAoBeKARzsiGgX,Pipe Types:Koper_Koper:3692186,-
38C8KyqhnAoBeKARzsiGgd,Pipe Types:Koper_Koper:3692188,-
38C8KyqhnAoBeKARzsiGgR,Pipe Types:Koper_Koper:3692192,-
38C8KyqhnAoBeKARzsiGgP,Pipe Types:Koper_Koper:3692194,-
38C8KyqhnAoBeKARzsiGgJ,Pipe Types:Koper_Koper:3692200,-
38C8KyqhnAoBeKARzsiGg6,Pipe Types:Koper_Koper:3692221,-
38C8KyqhnAoBeKARzsiGg4,Pipe Types:Koper_Koper:3692223,-
38C8KyqhnAoBeKARzsiGhu,Pipe Types:Koper_Koper:3692227,-
38C8KyqhnAoBeKARzsiGh_,Pipe Types:Koper_Koper:3692229,-
38C8KyqhnAoBeKARzsiGhm,Pipe Types:Koper_Koper:3692235,-
38C8KyqhnAoBeKARzsiGhR,Pipe Types:Koper_Koper:3692256,-
38C8KyqhnAoBeKARzsiGhP,Pipe Types:Koper_Koper:3692258,-
38C8KyqhnAoBeKARzsiGhT,Pipe Types:Koper_Koper:3692262,-
38C8KyqhnAoBeKARzsiGhJ,Pipe Types:Koper_Koper:3692264,-
38C8KyqhnAoBeKARzsiGhL,Pipe Types:Koper_Koper:3692270,-
38C8KyqhnAoBeKARzsiGiu,Pipe Types:Koper_Koper:3692291,-
38C8KyqhnAoBeKARzsiGi_,Pipe Types:Koper_Koper:3692293,-
38C8KyqhnAoBeKARzsiGio,Pipe Types:Koper_Koper:3692297,-
38C8KyqhnAoBeKARzsiGim,Pipe Types:Koper_Koper:3692299,-
38C8KyqhnAoBeKARzsiGig,Pipe Types:Koper_Koper:3692305,-
38C8KyqhnAoBeKARzsiGiT,Pipe Types:Koper_Koper:3692326,-
38C8KyqhnAoBeKARzsiGiJ,Pipe Types:Koper_Koper:3692328,-
38C8KyqhnAoBeKARzsiGiN,Pipe Types:Koper_Koper:3692332,-
38C8KyqhnAoBeKARzsiGiL,Pipe Types:Koper_Koper:3692334,-
38C8KyqhnAoBeKARzsiGiF,Pipe Types:Koper_Koper:3692340,-
38C8KyqhnAoBeKARzsiGjo,Pipe Types:Koper_Koper:3692361,-
38C8KyqhnAoBeKARzsiGjm,Pipe Types:Koper_Koper:3692363,-
38C8KyqhnAoBeKARzsiGjq,Pipe Types:Koper_Koper:3692367,-
38C8KyqhnAoBeKARzsiGjg,Pipe Types:Koper_Koper:3692369,-
38C8KyqhnAoBeKARzsiGji,Pipe Types:Koper_Koper:3692375,-
38C8KyqhnAoBeKARzsiGGP,Pipe Types:Koper_Koper:3692578,-
38C8KyqhnAoBeKARzsiGGV,Pipe Types:Koper_Koper:3692580,-
38C8KyqhnAoBeKARzsiGGJ,Pipe Types:Koper_Koper:3692584,-
38C8KyqhnAoBeKARzsiGGH,Pipe Types:Koper_Koper:3692586,-
38C8KyqhnAoBeKARzsiGGB,Pipe Types:Koper_Koper:3692592,-
38C8KyqhnAoBeKARzsiGOb,Pipe Types:Koper_Koper:3693086,-
38C8KyqhnAoBeKARzsiGRB,Pipe Types:Koper_Koper:3693296,-
38C8KyqhnAoBeKARzsiG5g,Pipe Types:Koper_Koper:3693905,-
38C8KyqhnAoBeKARzsiG5e,Pipe Types:Koper_Koper:3693907,-
38C8KyqhnAoBeKARzsiG5j,Pipe Types:Koper_Koper:3693910,-
38C8KyqhnAoBeKARzsiG5Y,Pipe Types:Koper_Koper:3693913,-
38C8KyqhnAoBeKARzsiG5c,Pipe Types:Koper_Koper:3693917,-
38C8KyqhnAoBeKARzsiG5O,Pipe Types:Koper_Koper:3693923,-
38C8KyqhnAoBeKARzsiG5U,Pipe Types:Koper_Koper:3693925,-
38C8KyqhnAoBeKARzsiG5I,Pipe Types:Koper_Koper:3693929,-
38C8KyqhnAoBeKARzsiG5M,Pipe Types:Koper_Koper:3693933,-
38C8KyqhnAoBeKARzsiG5K,Pipe Types:Koper_Koper:3693935,-
38C8KyqhnAoBeKARzsiG58,Pipe Types:Koper_Koper:3693939,-
38C8KyqhnAoBeKARzsiG5E,Pipe Types:Koper_Koper:3693941,-
38C8KyqhnAoBeKARzsiG50,Pipe Types:Koper_Koper:3693947,-
38C8KyqhnAoBeKARzsiG6u,Pipe Types:Koper_Koper:3693955,-
38C8KyqhnAoBeKARzsiG6y,Pipe Types:Koper_Koper:3693959,-
38C8KyqhnAoBeKARzsiG6m,Pipe Types:Koper_Koper:3693963,-
38C8KyqhnAoBeKARzsiG6e,Pipe Types:Koper_Koper:3693971,-
38C8KyqhnAoBeKARzsiG6k,Pipe Types:Koper_Koper:3693973,-
38C8KyqhnAoBeKARzsiG6Y,Pipe Types:Koper_Koper:3693977,-
38C8KyqhnAoBeKARzsiG6W,Pipe Types:Koper_Koper:3693979,-
38C8KyqhnAoBeKARzsiG6Q,Pipe Types:Koper_Koper:3693985,-
38C8KyqhnAoBeKARzsiG6S,Pipe Types:Koper_Koper:3693991,-
38C8KyqhnAoBeKARzsiG6I,Pipe Types:Koper_Koper:3693993,-
38C8KyqhnAoBeKARzsiG6M,Pipe Types:Koper_Koper:3693997,-
38C8KyqhnAoBeKARzsiG6K,Pipe Types:Koper_Koper:3693999,-
38C8KyqhnAoBeKARzsiG6E,Pipe Types:Koper_Koper:3694005,-
38C8KyqhnAoBeKARzsiG60,Pipe Types:Koper_Koper:3694011,-
38C8KyqhnAoBeKARzsiG66,Pipe Types:Koper_Koper:3694013,-
38C8KyqhnAoBeKARzsiG7w,Pipe Types:Koper_Koper:3694017,-
38C8KyqhnAoBeKARzsiG7u,Pipe Types:Koper_Koper:3694019,-
38C8KyqhnAoBeKARzsiG7o,Pipe Types:Koper_Koper:3694025,-
38C8KyqhnAoBeKARzsiG7q,Pipe Types:Koper_Koper:3694031,-
38C8KyqhnAoBeKARzsiG7g,Pipe Types:Koper_Koper:3694033,-
38C8KyqhnAoBeKARzsiG7k,Pipe Types:Koper_Koper:3694037,-
38C8KyqhnAoBeKARzsiG7i,Pipe Types:Koper_Koper:3694039,-
38C8KyqhnAoBeKARzsiG7c,Pipe Types:Koper_Koper:3694045,-
38C8KyqhnAoBeKARzsiG7O,Pipe Types:Koper_Koper:3694051,-
38C8KyqhnAoBeKARzsiG7U,Pipe Types:Koper_Koper:3694053,-
38C8KyqhnAoBeKARzsiG7I,Pipe Types:Koper_Koper:3694057,-
38C8KyqhnAoBeKARzsiG7G,Pipe Types:Koper_Koper:3694059,-
38C8KyqhnAoBeKARzsiG7A,Pipe Types:Koper_Koper:3694065,-
38C8KyqhnAoBeKARzsiG7C,Pipe Types:Koper_Koper:3694071,-
38C8KyqhnAoBeKARzsiG72,Pipe Types:Koper_Koper:3694073,-
38C8KyqhnAoBeKARzsiG76,Pipe Types:Koper_Koper:3694077,-
38C8KyqhnAoBeKARzsiG74,Pipe Types:Koper_Koper:3694079,-
38C8KyqhnAoBeKARzsiG8_,Pipe Types:Koper_Koper:3694085,-
38C8KyqhnAoBeKARzsiG8m,Pipe Types:Koper_Koper:3694091,-
38C8KyqhnAoBeKARzsiG8s,Pipe Types:Koper_Koper:3694093,-
38C8KyqhnAoBeKARzsiG8g,Pipe Types:Koper_Koper:3694097,-
38C8KyqhnAoBeKARzsiG8e,Pipe Types:Koper_Koper:3694099,-
38C8KyqhnAoBeKARzsiG8Y,Pipe Types:Koper_Koper:3694105,-
38C8KyqhnAoBeKARzsiG8a,Pipe Types:Koper_Koper:3694111,-
38C8KyqhnAoBeKARzsiG8Q,Pipe Types:Koper_Koper:3694113,-
38C8KyqhnAoBeKARzsiG8U,Pipe Types:Koper_Koper:3694117,-
38C8KyqhnAoBeKARzsiG8S,Pipe Types:Koper_Koper:3694119,-
38C8KyqhnAoBeKARzsiG8M,Pipe Types:Koper_Koper:3694125,-
38C8KyqhnAoBeKARzsiG88,Pipe Types:Koper_Koper:3694131,-
38C8KyqhnAoBeKARzsiG8E,Pipe Types:Koper_Koper:3694133,-
38C8KyqhnAoBeKARzsiG82,Pipe Types:Koper_Koper:3694137,-
38C8KyqhnAoBeKARzsiG80,Pipe Types:Koper_Koper:3694139,-
38C8KyqhnAoBeKARzsiG9w,Pipe Types:Koper_Koper:3694145,-
38C8KyqhnAoBeKARzsiG9o,Pipe Types:Koper_Koper:3694153,-
38C8KyqhnAoBeKARzsiG9s,Pipe Types:Koper_Koper:3694157,-
38C8KyqhnAoBeKARzsiG9q,Pipe Types:Koper_Koper:3694159,-
38C8KyqhnAoBeKARzsiG9k,Pipe Types:Koper_Koper:3694165,-
38C8KyqhnAoBeKARzsiGAb,Pipe Types:Koper_Koper:3694238,-
38C8KyqhnAoBeKARzsiGAU,Pipe Types:Koper_Koper:3694245,-
38C8KyqhnAoBeKARzsiJxM,Pipe Types:Koper_Koper:3695341,-
38C8KyqhnAoBeKARzsiJxK,Pipe Types:Koper_Koper:3695343,-
38C8KyqhnAoBeKARzsiJxE,Pipe Types:Koper_Koper:3695349,-
38C8KyqhnAoBeKARzsiJx2,Pipe Types:Koper_Koper:3695353,-
38C8KyqhnAoBeKARzsiJx4,Pipe Types:Koper_Koper:3695359,-
38C8KyqhnAoBeKARzsiJyw,Pipe Types:Koper_Koper:3695361,-
38C8KyqhnAoBeKARzsiJy_,Pipe Types:Koper_Koper:3695365,-
38C8KyqhnAoBeKARzsiJyo,Pipe Types:Koper_Koper:3695369,-
38C8KyqhnAoBeKARzsiJym,Pipe Types:Koper_Koper:3695371,-
38C8KyqhnAoBeKARzsiJyq,Pipe Types:Koper_Koper:3695375,-
38C8KyqhnAoBeKARzsiJyg,Pipe Types:Koper_Koper:3695377,-
38C8KyqhnAoBeKARzsiJyi,Pipe Types:Koper_Koper:3695383,-
38C8KyqhnAoBeKARzsiJyM,Pipe Types:Koper_Koper:3695405,-
38C8KyqhnAoBeKARzsiJyK,Pipe Types:Koper_Koper:3695407,-
38C8KyqhnAoBeKARzsiJy8,Pipe Types:Koper_Koper:3695411,-
38C8KyqhnAoBeKARzsiJyE,Pipe Types:Koper_Koper:3695413,-
38C8KyqhnAoBeKARzsiJy0,Pipe Types:Koper_Koper:3695419,-
38C8KyqhnAoBeKARzsiJzI,Pipe Types:Koper_Koper:3695465,-
38C8KyqhnAoBeKARzsiJz4,Pipe Types:Koper_Koper:3695487,-
38C8KyqhnAoBeKARzsiJ_u,Pipe Types:Koper_Koper:3695491,-
38C8KyqhnAoBeKARzsiJ__,Pipe Types:Koper_Koper:3695493,-
38C8KyqhnAoBeKARzsiJ_m,Pipe Types:Koper_Koper:3695499,-
38C8KyqhnAoBeKARzsiJ_g,Pipe Types:Koper_Koper:3695505,-
38C8KyqhnAoBeKARzsiJ_e,Pipe Types:Koper_Koper:3695507,-
38C8KyqhnAoBeKARzsiJ_i,Pipe Types:Koper_Koper:3695511,-
38C8KyqhnAoBeKARzsiJ_Y,Pipe Types:Koper_Koper:3695513,-
38C8KyqhnAoBeKARzsiJ_a,Pipe Types:Koper_Koper:3695519,-
38C8KyqhnAoBeKARzsiJ_U,Pipe Types:Koper_Koper:3695525,-
38C8KyqhnAoBeKARzsiJ_S,Pipe Types:Koper_Koper:3695527,-
38C8KyqhnAoBeKARzsiJ_G,Pipe Types:Koper_Koper:3695531,-
38C8KyqhnAoBeKARzsiJ_M,Pipe Types:Koper_Koper:3695533,-
38C8KyqhnAoBeKARzsiJ_8,Pipe Types:Koper_Koper:3695539,-
38C8KyqhnAoBeKARzsiJ_2,Pipe Types:Koper_Koper:3695545,-
38C8KyqhnAoBeKARzsiJ_0,Pipe Types:Koper_Koper:3695547,-
38C8KyqhnAoBeKARzsiJ_4,Pipe Types:Koper_Koper:3695551,-
38C8KyqhnAoBeKARzsiJ$w,Pipe Types:Koper_Koper:3695553,-
38C8KyqhnAoBeKARzsiJ$y,Pipe Types:Koper_Koper:3695559,-
38C8KyqhnAoBeKARzsiJ$1,Pipe Types:Koper_Koper:3695610,-
38C8KyqhnAoBeKARzsiJcu,Pipe Types:Koper_Koper:3696003,-
38C8KyqhnAoBeKARzsiJco,Pipe Types:Koper_Koper:3696009,-
38C8KyqhnAoBeKARzsiJcs,Pipe Types:Koper_Koper:3696013,-
38C8KyqhnAoBeKARzsiJce,Pipe Types:Koper_Koper:3696019,-
38C8KyqhnAoBeKARzsiJck,Pipe Types:Koper_Koper:3696021,-
38C8KyqhnAoBeKARzsiJcY,Pipe Types:Koper_Koper:3696025,-
38C8KyqhnAoBeKARzsiJcc,Pipe Types:Koper_Koper:3696029,-
38C8KyqhnAoBeKARzsiJca,Pipe Types:Koper_Koper:3696031,-
38C8KyqhnAoBeKARzsiJcO,Pipe Types:Koper_Koper:3696035,-
38C8KyqhnAoBeKARzsiJcU,Pipe Types:Koper_Koper:3696037,-
38C8KyqhnAoBeKARzsiJcG,Pipe Types:Koper_Koper:3696043,-
38C8KyqhnAoBeKARzsiJcC,Pipe Types:Koper_Koper:3696055,-
38C8KyqhnAoBeKARzsiJdw,Pipe Types:Koper_Koper:3696065,-
38C8KyqhnAoBeKARzsiJdu,Pipe Types:Koper_Koper:3696067,-
38C8KyqhnAoBeKARzsiJdy,Pipe Types:Koper_Koper:3696071,-
38C8KyqhnAoBeKARzsiJdo,Pipe Types:Koper_Koper:3696073,-
38C8KyqhnAoBeKARzsiJdq,Pipe Types:Koper_Koper:3696079,-
38C8KyqhnAoBeKARzsiJdk,Pipe Types:Koper_Koper:3696085,-
38C8KyqhnAoBeKARzsiJdi,Pipe Types:Koper_Koper:3696087,-
38C8KyqhnAoBeKARzsiJdW,Pipe Types:Koper_Koper:3696091,-
38C8KyqhnAoBeKARzsiJdc,Pipe Types:Koper_Koper:3696093,-
38C8KyqhnAoBeKARzsiJdO,Pipe Types:Koper_Koper:3696099,-
38C8KyqhnAoBeKARzsiJdI,Pipe Types:Koper_Koper:3696105,-
38C8KyqhnAoBeKARzsiJdG,Pipe Types:Koper_Koper:3696107,-
38C8KyqhnAoBeKARzsiJdK,Pipe Types:Koper_Koper:3696111,-
38C8KyqhnAoBeKARzsiJdA,Pipe Types:Koper_Koper:3696113,-
38C8KyqhnAoBeKARzsiJdC,Pipe Types:Koper_Koper:3696119,-
38C8KyqhnAoBeKARzsiJd6,Pipe Types:Koper_Koper:3696125,-
38C8KyqhnAoBeKARzsiJd4,Pipe Types:Koper_Koper:3696127,-
38C8KyqhnAoBeKARzsiJeu,Pipe Types:Koper_Koper:3696131,-
38C8KyqhnAoBeKARzsiJe_,Pipe Types:Koper_Koper:3696133,-
38C8KyqhnAoBeKARzsiJem,Pipe Types:Koper_Koper:3696139,-
38C8KyqhnAoBeKARzsiJeg,Pipe Types:Koper_Koper:3696145,-
38C8KyqhnAoBeKARzsiJee,Pipe Types:Koper_Koper:3696147,-
38C8KyqhnAoBeKARzsiJei,Pipe Types:Koper_Koper:3696151,-
38C8KyqhnAoBeKARzsiJeY,Pipe Types:Koper_Koper:3696153,-
38C8KyqhnAoBeKARzsiJea,Pipe Types:Koper_Koper:3696159,-
38C8KyqhnAoBeKARzsiJeU,Pipe Types:Koper_Koper:3696165,-
38C8KyqhnAoBeKARzsiJeS,Pipe Types:Koper_Koper:3696167,-
38C8KyqhnAoBeKARzsiJeG,Pipe Types:Koper_Koper:3696171,-
38C8KyqhnAoBeKARzsiJeM,Pipe Types:Koper_Koper:3696173,-
38C8KyqhnAoBeKARzsiJe8,Pipe Types:Koper_Koper:3696179,-
38C8KyqhnAoBeKARzsiJgr,Pipe Types:Koper_Koper:3696270,-
38C8KyqhnAoBeKARzsiJkO,Pipe Types:Koper_Koper:3696547,-
38C8KyqhnAoBeKARzsiJIE,Pipe Types:Koper_Koper:3696821,-
38C8KyqhnAoBeKARzsiJI2,Pipe Types:Koper_Koper:3696825,-
38C8KyqhnAoBeKARzsiJI6,Pipe Types:Koper_Koper:3696829,-
38C8KyqhnAoBeKARzsiJJs,Pipe Types:Koper_Koper:3696845,-
38C8KyqhnAoBeKARzsiJJq,Pipe Types:Koper_Koper:3696847,-
38C8KyqhnAoBeKARzsiJJe,Pipe Types:Koper_Koper:3696851,-
38C8KyqhnAoBeKARzsiJJk,Pipe Types:Koper_Koper:3696853,-
38C8KyqhnAoBeKARzsiJJW,Pipe Types:Koper_Koper:3696859,-
38C8KyqhnAoBeKARzsiJJQ,Pipe Types:Koper_Koper:3696865,-
38C8KyqhnAoBeKARzsiJJI,Pipe Types:Koper_Koper:3696873,-
38C8KyqhnAoBeKARzsiJJG,Pipe Types:Koper_Koper:3696875,-
38C8KyqhnAoBeKARzsiJJK,Pipe Types:Koper_Koper:3696879,-
38C8KyqhnAoBeKARzsiJJA,Pipe Types:Koper_Koper:3696881,-
38C8KyqhnAoBeKARzsiJJC,Pipe Types:Koper_Koper:3696887,-
38C8KyqhnAoBeKARzsiJJ6,Pipe Types:Koper_Koper:3696893,-
38C8KyqhnAoBeKARzsiJJ4,Pipe Types:Koper_Koper:3696895,-
38C8KyqhnAoBeKARzsiJKu,Pipe Types:Koper_Koper:3696899,-
38C8KyqhnAoBeKARzsiJK_,Pipe Types:Koper_Koper:3696901,-
38C8KyqhnAoBeKARzsiJKm,Pipe Types:Koper_Koper:3696907,-
38C8KyqhnAoBeKARzsiJKg,Pipe Types:Koper_Koper:3696913,-
38C8KyqhnAoBeKARzsiJKe,Pipe Types:Koper_Koper:3696915,-
38C8KyqhnAoBeKARzsiJKi,Pipe Types:Koper_Koper:3696919,-
38C8KyqhnAoBeKARzsiJKY,Pipe Types:Koper_Koper:3696921,-
38C8KyqhnAoBeKARzsiJKa,Pipe Types:Koper_Koper:3696927,-
38C8KyqhnAoBeKARzsiJKU,Pipe Types:Koper_Koper:3696933,-
38C8KyqhnAoBeKARzsiJKS,Pipe Types:Koper_Koper:3696935,-
38C8KyqhnAoBeKARzsiJKG,Pipe Types:Koper_Koper:3696939,-
38C8KyqhnAoBeKARzsiJKM,Pipe Types:Koper_Koper:3696941,-
38C8KyqhnAoBeKARzsiJK8,Pipe Types:Koper_Koper:3696947,-
38C8KyqhnAoBeKARzsiJNl,Pipe Types:Koper_Koper:3697108,-
38C8KyqhnAoBeKARzsiJQC,Pipe Types:Koper_Koper:3697335,-
38C8KyqhnAoBeKARzsiJQ0,Pipe Types:Koper_Koper:3697339,-
38C8KyqhnAoBeKARzsiJQ4,Pipe Types:Koper_Koper:3697343,-
38C8KyqhnAoBeKARzsiJRq,Pipe Types:Koper_Koper:3697359,-
38C8KyqhnAoBeKARzsiJRg,Pipe Types:Koper_Koper:3697361,-
38C8KyqhnAoBeKARzsiJRk,Pipe Types:Koper_Koper:3697365,-
38C8KyqhnAoBeKARzsiJRi,Pipe Types:Koper_Koper:3697367,-
38C8KyqhnAoBeKARzsiJRc,Pipe Types:Koper_Koper:3697373,-
38C8KyqhnAoBeKARzsiJRG,Pipe Types:Koper_Koper:3697387,-
38C8KyqhnAoBeKARzsiJRM,Pipe Types:Koper_Koper:3697389,-
38C8KyqhnAoBeKARzsiJRA,Pipe Types:Koper_Koper:3697393,-
38C8KyqhnAoBeKARzsiJR8,Pipe Types:Koper_Koper:3697395,-
38C8KyqhnAoBeKARzsiJR2,Pipe Types:Koper_Koper:3697401,-
38C8KyqhnAoBeKARzsiJR4,Pipe Types:Koper_Koper:3697407,-
38C8KyqhnAoBeKARzsiJSw,Pipe Types:Koper_Koper:3697409,-
38C8KyqhnAoBeKARzsiJS_,Pipe Types:Koper_Koper:3697413,-
38C8KyqhnAoBeKARzsiJSy,Pipe Types:Koper_Koper:3697415,-
38C8KyqhnAoBeKARzsiJSs,Pipe Types:Koper_Koper:3697421,-
38C8KyqhnAoBeKARzsiJSe,Pipe Types:Koper_Koper:3697427,-
38C8KyqhnAoBeKARzsiJSk,Pipe Types:Koper_Koper:3697429,-
38C8KyqhnAoBeKARzsiJSY,Pipe Types:Koper_Koper:3697433,-
38C8KyqhnAoBeKARzsiJSW,Pipe Types:Koper_Koper:3697435,-
38C8KyqhnAoBeKARzsiJSQ,Pipe Types:Koper_Koper:3697441,-
38C8KyqhnAoBeKARzsiJSS,Pipe Types:Koper_Koper:3697447,-
38C8KyqhnAoBeKARzsiJSI,Pipe Types:Koper_Koper:3697449,-
38C8KyqhnAoBeKARzsiJSM,Pipe Types:Koper_Koper:3697453,-
38C8KyqhnAoBeKARzsiJSK,Pipe Types:Koper_Koper:3697455,-
38C8KyqhnAoBeKARzsiJSE,Pipe Types:Koper_Koper:3697461,-
38C8KyqhnAoBeKARzsiJTH,Pipe Types:Koper_Koper:3697514,-
38C8KyqhnAoBeKARzsiJ3j,Pipe Types:Koper_Koper:3697878,-
38C8KyqhnAoBeKARzsiJ5F,Pipe Types:Koper_Koper:3698036,-
38C8KyqhnAoBeKARzsiJ89,Pipe Types:Koper_Koper:3698226,-
38C8KyqhnAoBeKARzsiJ9W,Pipe Types:Koper_Koper:3698267,-
38C8KyqhnAoBeKARzsiJ9b,Pipe Types:Koper_Koper:3698270,-
2NsRTlJnTCoBYLz$vh9xDe,Pipe Types:Koper_Koper:3698813,-
2NsRTlJnTCoBYLz$vh9xEK,Pipe Types:Koper_Koper:3698817,-
2NsRTlJnTCoBYLz$vh9xEG,Pipe Types:Koper_Koper:3698821,-
2NsRTlJnTCoBYLz$vh9xEU,Pipe Types:Koper_Koper:3698827,-
2NsRTlJnTCoBYLz$vh9xEO,Pipe Types:Koper_Koper:3698829,-
2NsRTlJnTCoBYLz$vh9xE4,Pipe Types:Koper_Koper:3698833,-
2NsRTlJnTCoBYLz$vh9xE0,Pipe Types:Koper_Koper:3698837,-
2NsRTlJnTCoBYLz$vh9xE2,Pipe Types:Koper_Koper:3698839,-
2NsRTlJnTCoBYLz$vh9xEE,Pipe Types:Koper_Koper:3698843,-
2NsRTlJnTCoBYLz$vh9xE8,Pipe Types:Koper_Koper:3698845,-
2NsRTlJnTCoBYLz$vh9xEs,Pipe Types:Koper_Koper:3698851,-
2NsRTlJnTCoBYLz$vh9xEa,Pipe Types:Koper_Koper:3698865,-
2NsRTlJnTCoBYLz$vh9xEc,Pipe Types:Koper_Koper:3698867,-
2NsRTlJnTCoBYLz$vh9xEY,Pipe Types:Koper_Koper:3698871,-
2NsRTlJnTCoBYLz$vh9xEi,Pipe Types:Koper_Koper:3698873,-
2NsRTlJnTCoBYLz$vh9xEg,Pipe Types:Koper_Koper:3698879,-
2NsRTlJnTCoBYLz$vh9xFG,Pipe Types:Koper_Koper:3698885,-
2NsRTlJnTCoBYLz$vh9xFI,Pipe Types:Koper_Koper:3698887,-
2NsRTlJnTCoBYLz$vh9xFU,Pipe Types:Koper_Koper:3698891,-
2NsRTlJnTCoBYLz$vh9xFO,Pipe Types:Koper_Koper:3698893,-
2NsRTlJnTCoBYLz$vh9xF6,Pipe Types:Koper_Koper:3698899,-
2NsRTlJnTCoBYLz$vh9xFC,Pipe Types:Koper_Koper:3698905,-
2NsRTlJnTCoBYLz$vh9xFE,Pipe Types:Koper_Koper:3698907,-
2NsRTlJnTCoBYLz$vh9xFA,Pipe Types:Koper_Koper:3698911,-
2NsRTlJnTCoBYLz$vh9xFq,Pipe Types:Koper_Koper:3698913,-
2NsRTlJnTCoBYLz$vh9xFo,Pipe Types:Koper_Koper:3698919,-
2NsRTlJnTCoBYLz$vh9xFu,Pipe Types:Koper_Koper:3698925,-
2NsRTlJnTCoBYLz$vh9xFw,Pipe Types:Koper_Koper:3698927,-
2NsRTlJnTCoBYLz$vh9xFc,Pipe Types:Koper_Koper:3698931,-
2NsRTlJnTCoBYLz$vh9xFW,Pipe Types:Koper_Koper:3698933,-
2NsRTlJnTCoBYLz$vh9xFk,Pipe Types:Koper_Koper:3698939,-
2NsRTlJnTCoBYLz$vh9x8K,Pipe Types:Koper_Koper:3698945,-
2NsRTlJnTCoBYLz$vh9x8M,Pipe Types:Koper_Koper:3698947,-
2NsRTlJnTCoBYLz$vh9x8I,Pipe Types:Koper_Koper:3698951,-
2NsRTlJnTCoBYLz$vh9x8S,Pipe Types:Koper_Koper:3698953,-
2NsRTlJnTCoBYLz$vh9x8Q,Pipe Types:Koper_Koper:3698959,-
2NsRTlJnTCoBYLz$vh9x82,Pipe Types:Koper_Koper:3698967,-
2NsRTlJnTCoBYLz$vh9x8E,Pipe Types:Koper_Koper:3698971,-
2NsRTlJnTCoBYLz$vh9x88,Pipe Types:Koper_Koper:3698973,-
2NsRTlJnTCoBYLz$vh9x8s,Pipe Types:Koper_Koper:3698979,-
2NsRTlJnTCoBYLz$vh9x8b,Pipe Types:Koper_Koper:3698992,-
2NsRTlJnTCoBYLz$vh9xAc,Pipe Types:Koper_Koper:3699123,-
2NsRTlJnTCoBYLz$vh9x5l,Pipe Types:Koper_Koper:3699322,-
2NsRTlJnTCoBYLz$vh9x5h,Pipe Types:Koper_Koper:3699326,-
2NsRTlJnTCoBYLz$vh9x7_,Pipe Types:Koper_Koper:3699435,-
2NsRTlJnTCoBYLz$vh9x7w,Pipe Types:Koper_Koper:3699439,-
2NsRTlJnTCoBYLz$vh9xSv,Pipe Types:Koper_Koper:3699756,-
2NsRTlJnTCoBYLz$vh9xSb,Pipe Types:Koper_Koper:3699760,-
2NsRTlJnTCoBYLz$vh9xU2,Pipe Types:Koper_Koper:3699863,-
2NsRTlJnTCoBYLz$vh9xUE,Pipe Types:Koper_Koper:3699867,-
2NsRTlJnTCoBYLz$vh9xUA,Pipe Types:Koper_Koper:3699871,-
2NsRTlJnTCoBYLz$vh9xUm,Pipe Types:Koper_Koper:3699877,-
2NsRTlJnTCoBYLz$vh9xUo,Pipe Types:Koper_Koper:3699879,-
2NsRTlJnTCoBYLz$vh9xU_,Pipe Types:Koper_Koper:3699883,-
2NsRTlJnTCoBYLz$vh9xUw,Pipe Types:Koper_Koper:3699887,-
2NsRTlJnTCoBYLz$vh9xUa,Pipe Types:Koper_Koper:3699889,-
2NsRTlJnTCoBYLz$vh9xUW,Pipe Types:Koper_Koper:3699893,-
2NsRTlJnTCoBYLz$vh9xUY,Pipe Types:Koper_Koper:3699895,-
2NsRTlJnTCoBYLz$vh9xUe,Pipe Types:Koper_Koper:3699901,-
2NsRTlJnTCoBYLz$vh9xVI,Pipe Types:Koper_Koper:3699911,-
2NsRTlJnTCoBYLz$vh9xVS,Pipe Types:Koper_Koper:3699913,-
2NsRTlJnTCoBYLz$vh9xVO,Pipe Types:Koper_Koper:3699917,-
2NsRTlJnTCoBYLz$vh9xVQ,Pipe Types:Koper_Koper:3699919,-
2NsRTlJnTCoBYLz$vh9xV0,Pipe Types:Koper_Koper:3699925,-
2NsRTlJnTCoBYLz$vh9xVE,Pipe Types:Koper_Koper:3699931,-
2NsRTlJnTCoBYLz$vh9xV8,Pipe Types:Koper_Koper:3699933,-
2NsRTlJnTCoBYLz$vh9xVq,Pipe Types:Koper_Koper:3699937,-
2NsRTlJnTCoBYLz$vh9xVs,Pipe Types:Koper_Koper:3699939,-
2NsRTlJnTCoBYLz$vh9xVy,Pipe Types:Koper_Koper:3699945,-
2NsRTlJnTCoBYLz$vh9xVw,Pipe Types:Koper_Koper:3699951,-
2NsRTlJnTCoBYLz$vh9xVa,Pipe Types:Koper_Koper:3699953,-
2NsRTlJnTCoBYLz$vh9xVW,Pipe Types:Koper_Koper:3699957,-
2NsRTlJnTCoBYLz$vh9xVY,Pipe Types:Koper_Koper:3699959,-
2NsRTlJnTCoBYLz$vh9xVe,Pipe Types:Koper_Koper:3699965,-
2NsRTlJnTCoBYLz$vh9xOM,Pipe Types:Koper_Koper:3699971,-
2NsRTlJnTCoBYLz$vh9xOG,Pipe Types:Koper_Koper:3699973,-
2NsRTlJnTCoBYLz$vh9xOS,Pipe Types:Koper_Koper:3699977,-
2NsRTlJnTCoBYLz$vh9xOU,Pipe Types:Koper_Koper:3699979,-
2NsRTlJnTCoBYLz$vh9xO4,Pipe Types:Koper_Koper:3699985,-
2NsRTlJnTCoBYLz$vh9xOC,Pipe Types:Koper_Koper:3699993,-
2NsRTlJnTCoBYLz$vh9xO8,Pipe Types:Koper_Koper:3699997,-
2NsRTlJnTCoBYLz$vh9xOA,Pipe Types:Koper_Koper:3699999,-
2NsRTlJnTCoBYLz$vh9xOm,Pipe Types:Koper_Koper:3700005,-
2NsRTlJnTCoBYLz$vh9xOu,Pipe Types:Koper_Koper:3700013,-
2NsRTlJnTCoBYLz$vh9xOa,Pipe Types:Koper_Koper:3700017,-
2NsRTlJnTCoBYLz$vh9xPw,Pipe Types:Koper_Koper:3700079,-
2NsRTlJnTCoBYLz$vh9xPf,Pipe Types:Koper_Koper:3700092,-
2NsRTlJnTCoBYLz$vh9xRs,Pipe Types:Koper_Koper:3700195,-
2NsRTlJnTCoBYLz$vh9xKX,Pipe Types:Koper_Koper:3700276,-
2NsRTlJnTCoBYLz$vh9xLj,Pipe Types:Koper_Koper:3700344,-
2NsRTlJnTCoBYLz$vh9xMN,Pipe Types:Koper_Koper:3700354,-
2NsRTlJnTCoBYLz$vh9xMU,Pipe Types:Koper_Koper:3700363,-
1UxAE8MCb6luxWuFqJ6OPj,Pipe Types:Koper_Koper:3700713,-
1UxAE8MCb6luxWuFqJ6OPl,Pipe Types:Koper_Koper:3700715,-
1UxAE8MCb6luxWuFqJ6OPg,Pipe Types:Koper_Koper:3700718,-
1UxAE8MCb6luxWuFqJ6OPr,Pipe Types:Koper_Koper:3700721,-
1UxAE8MCb6luxWuFqJ6OPn,Pipe Types:Koper_Koper:3700725,-
1UxAE8MCb6luxWuFqJ6OP$,Pipe Types:Koper_Koper:3700731,-
1UxAE8MCb6luxWuFqJ6OPv,Pipe Types:Koper_Koper:3700733,-
1UxAE8MCb6luxWuFqJ6Oc5,Pipe Types:Koper_Koper:3700737,-
1UxAE8MCb6luxWuFqJ6Oc1,Pipe Types:Koper_Koper:3700741,-
1UxAE8MCb6luxWuFqJ6Oc3,Pipe Types:Koper_Koper:3700743,-
1UxAE8MCb6luxWuFqJ6OcF,Pipe Types:Koper_Koper:3700747,-
1UxAE8MCb6luxWuFqJ6Oc9,Pipe Types:Koper_Koper:3700749,-
1UxAE8MCb6luxWuFqJ6OcN,Pipe Types:Koper_Koper:3700755,-
1UxAE8MCb6luxWuFqJ6OcV,Pipe Types:Koper_Koper:3700763,-
1UxAE8MCb6luxWuFqJ6OcP,Pipe Types:Koper_Koper:3700765,-
1UxAE8MCb6luxWuFqJ6OcR,Pipe Types:Koper_Koper:3700767,-
1UxAE8MCb6luxWuFqJ6Ocd,Pipe Types:Koper_Koper:3700771,-
1UxAE8MCb6luxWuFqJ6Ocj,Pipe Types:Koper_Koper:3700777,-
1UxAE8MCb6luxWuFqJ6Ocl,Pipe Types:Koper_Koper:3700779,-
1UxAE8MCb6luxWuFqJ6Och,Pipe Types:Koper_Koper:3700783,-
1UxAE8MCb6luxWuFqJ6Ocr,Pipe Types:Koper_Koper:3700785,-
1UxAE8MCb6luxWuFqJ6Ocp,Pipe Types:Koper_Koper:3700791,-
1UxAE8MCb6luxWuFqJ6Ocv,Pipe Types:Koper_Koper:3700797,-
1UxAE8MCb6luxWuFqJ6Ocx,Pipe Types:Koper_Koper:3700799,-
1UxAE8MCb6luxWuFqJ6Od7,Pipe Types:Koper_Koper:3700803,-
1UxAE8MCb6luxWuFqJ6Od1,Pipe Types:Koper_Koper:3700805,-
1UxAE8MCb6luxWuFqJ6OdF,Pipe Types:Koper_Koper:3700811,-
1UxAE8MCb6luxWuFqJ6OdL,Pipe Types:Koper_Koper:3700817,-
1UxAE8MCb6luxWuFqJ6OdN,Pipe Types:Koper_Koper:3700819,-
1UxAE8MCb6luxWuFqJ6OdJ,Pipe Types:Koper_Koper:3700823,-
1UxAE8MCb6luxWuFqJ6OdT,Pipe Types:Koper_Koper:3700825,-
1UxAE8MCb6luxWuFqJ6OdR,Pipe Types:Koper_Koper:3700831,-
1UxAE8MCb6luxWuFqJ6OdX,Pipe Types:Koper_Koper:3700837,-
1UxAE8MCb6luxWuFqJ6OdZ,Pipe Types:Koper_Koper:3700839,-
1UxAE8MCb6luxWuFqJ6Odl,Pipe Types:Koper_Koper:3700843,-
1UxAE8MCb6luxWuFqJ6Odf,Pipe Types:Koper_Koper:3700845,-
1UxAE8MCb6luxWuFqJ6Odt,Pipe Types:Koper_Koper:3700851,-
1UxAE8MCb6luxWuFqJ6Odz,Pipe Types:Koper_Koper:3700857,-
1UxAE8MCb6luxWuFqJ6Od$,Pipe Types:Koper_Koper:3700859,-
1UxAE8MCb6luxWuFqJ6Odx,Pipe Types:Koper_Koper:3700863,-
1UxAE8MCb6luxWuFqJ6Oa5,Pipe Types:Koper_Koper:3700865,-
1UxAE8MCb6luxWuFqJ6Oa3,Pipe Types:Koper_Koper:3700871,-
1UxAE8MCb6luxWuFqJ6Oa9,Pipe Types:Koper_Koper:3700877,-
1UxAE8MCb6luxWuFqJ6OaB,Pipe Types:Koper_Koper:3700879,-
1UxAE8MCb6luxWuFqJ6OaN,Pipe Types:Koper_Koper:3700883,-
1UxAE8MCb6luxWuFqJ6OaH,Pipe Types:Koper_Koper:3700885,-
1UxAE8MCb6luxWuFqJ6OaV,Pipe Types:Koper_Koper:3700891,-
1UxAE8MCb6luxWuFqJ6Oab,Pipe Types:Koper_Koper:3700897,-
1UxAE8MCb6luxWuFqJ6Oad,Pipe Types:Koper_Koper:3700899,-
1UxAE8MCb6luxWuFqJ6OaZ,Pipe Types:Koper_Koper:3700903,-
1UxAE8MCb6luxWuFqJ6Oaj,Pipe Types:Koper_Koper:3700905,-
1UxAE8MCb6luxWuFqJ6Oah,Pipe Types:Koper_Koper:3700911,-
1UxAE8MCb6luxWuFqJ6Oan,Pipe Types:Koper_Koper:3700917,-
1UxAE8MCb6luxWuFqJ6Oap,Pipe Types:Koper_Koper:3700919,-
1UxAE8MCb6luxWuFqJ6Oa$,Pipe Types:Koper_Koper:3700923,-
1UxAE8MCb6luxWuFqJ6Oav,Pipe Types:Koper_Koper:3700925,-
1UxAE8MCb6luxWuFqJ6Ob7,Pipe Types:Koper_Koper:3700931,-
1UxAE8MCb6luxWuFqJ6ObD,Pipe Types:Koper_Koper:3700937,-
1UxAE8MCb6luxWuFqJ6ObF,Pipe Types:Koper_Koper:3700939,-
1UxAE8MCb6luxWuFqJ6ObB,Pipe Types:Koper_Koper:3700943,-
1UxAE8MCb6luxWuFqJ6ObL,Pipe Types:Koper_Koper:3700945,-
1UxAE8MCb6luxWuFqJ6ObJ,Pipe Types:Koper_Koper:3700951,-
1UxAE8MCb6luxWuFqJ6ObP,Pipe Types:Koper_Koper:3700957,-
1UxAE8MCb6luxWuFqJ6ObR,Pipe Types:Koper_Koper:3700959,-
1UxAE8MCb6luxWuFqJ6Obb,Pipe Types:Koper_Koper:3700961,-
1UxAE8MCb6luxWuFqJ6Obd,Pipe Types:Koper_Koper:3700963,-
1UxAE8MCb6luxWuFqJ6Obj,Pipe Types:Koper_Koper:3700969,-
1UxAE8MCb6luxWuFqJ6Obh,Pipe Types:Koper_Koper:3700975,-
1UxAE8MCb6luxWuFqJ6Obo,Pipe Types:Koper_Koper:3700982,-
0yCDptt2XCLfExEb1D_NwN,Pipe Types:Koper_Koper:3701109,-
0yCDptt2XCLfExEb1D_NwP,Pipe Types:Koper_Koper:3701115,-
0yCDptt2XCLfExEb1D_NwT,Pipe Types:Koper_Koper:3701119,-
0yCDptt2XCLfExEb1D_Nvj,Pipe Types:Koper_Koper:3701135,-
0yCDptt2XCLfExEb1D_Nvp,Pipe Types:Koper_Koper:3701137,-
0yCDptt2XCLfExEb1D_Nvt,Pipe Types:Koper_Koper:3701141,-
0yCDptt2XCLfExEb1D_Nvr,Pipe Types:Koper_Koper:3701143,-
0yCDptt2XCLfExEb1D_Nv$,Pipe Types:Koper_Koper:3701149,-
0yCDptt2XCLfExEb1D_Nv5,Pipe Types:Koper_Koper:3701159,-
0yCDptt2XCLfExEb1D_NvH,Pipe Types:Koper_Koper:3701171,-
0yCDptt2XCLfExEb1D_NvN,Pipe Types:Koper_Koper:3701173,-
0yCDptt2XCLfExEb1D_NvR,Pipe Types:Koper_Koper:3701177,-
0yCDptt2XCLfExEb1D_NvP,Pipe Types:Koper_Koper:3701179,-
0yCDptt2XCLfExEb1D_NuZ,Pipe Types:Koper_Koper:3701185,-
0yCDptt2XCLfExEb1D_Nub,Pipe Types:Koper_Koper:3701191,-
0yCDptt2XCLfExEb1D_Nuh,Pipe Types:Koper_Koper:3701193,-
0yCDptt2XCLfExEb1D_Nul,Pipe Types:Koper_Koper:3701197,-
0yCDptt2XCLfExEb1D_Nuj,Pipe Types:Koper_Koper:3701199,-
0yCDptt2XCLfExEb1D_Nut,Pipe Types:Koper_Koper:3701205,-
0yCDptt2XCLfExEb1D_Nuv,Pipe Types:Koper_Koper:3701211,-
0yCDptt2XCLfExEb1D_Nu$,Pipe Types:Koper_Koper:3701213,-
0yCDptt2XCLfExEb1D_Nu3,Pipe Types:Koper_Koper:3701217,-
0yCDptt2XCLfExEb1D_Nu1,Pipe Types:Koper_Koper:3701219,-
0yCDptt2XCLfExEb1D_NuB,Pipe Types:Koper_Koper:3701225,-
0yCDptt2XCLfExEb1D_NuD,Pipe Types:Koper_Koper:3701231,-
0yCDptt2XCLfExEb1D_NuJ,Pipe Types:Koper_Koper:3701233,-
0yCDptt2XCLfExEb1D_NuN,Pipe Types:Koper_Koper:3701237,-
0yCDptt2XCLfExEb1D_NuL,Pipe Types:Koper_Koper:3701239,-
0yCDptt2XCLfExEb1D_NuV,Pipe Types:Koper_Koper:3701245,-
0yCDptt2XCLfExEb1D_NtX,Pipe Types:Koper_Koper:3701251,-
0yCDptt2XCLfExEb1D_Ntd,Pipe Types:Koper_Koper:3701253,-
0yCDptt2XCLfExEb1D_Nth,Pipe Types:Koper_Koper:3701257,-
0yCDptt2XCLfExEb1D_Ntf,Pipe Types:Koper_Koper:3701259,-
0yCDptt2XCLfExEb1D_Ntp,Pipe Types:Koper_Koper:3701265,-
0yCDptt2XCLfExEb1D_Ntr,Pipe Types:Koper_Koper:3701271,-
0yCDptt2XCLfExEb1D_Ntx,Pipe Types:Koper_Koper:3701273,-
0yCDptt2XCLfExEb1D_Nt$,Pipe Types:Koper_Koper:3701277,-
0yCDptt2XCLfExEb1D_Ntz,Pipe Types:Koper_Koper:3701279,-
0yCDptt2XCLfExEb1D_Nt7,Pipe Types:Koper_Koper:3701285,-
0yCDptt2XCLfExEb1D_Nt9,Pipe Types:Koper_Koper:3701291,-
0yCDptt2XCLfExEb1D_NtF,Pipe Types:Koper_Koper:3701293,-
0yCDptt2XCLfExEb1D_NtJ,Pipe Types:Koper_Koper:3701297,-
0yCDptt2XCLfExEb1D_NtH,Pipe Types:Koper_Koper:3701299,-
0yCDptt2XCLfExEb1D_NtR,Pipe Types:Koper_Koper:3701305,-
0yCDptt2XCLfExEb1D_NtT,Pipe Types:Koper_Koper:3701311,-
0yCDptt2XCLfExEb1D_NsZ,Pipe Types:Koper_Koper:3701313,-
0yCDptt2XCLfExEb1D_Nsd,Pipe Types:Koper_Koper:3701317,-
0yCDptt2XCLfExEb1D_Nsb,Pipe Types:Koper_Koper:3701319,-
0yCDptt2XCLfExEb1D_Nsl,Pipe Types:Koper_Koper:3701325,-
0yCDptt2XCLfExEb1D_Nsn,Pipe Types:Koper_Koper:3701331,-
0yCDptt2XCLfExEb1D_Nst,Pipe Types:Koper_Koper:3701333,-
0yCDptt2XCLfExEb1D_Nsx,Pipe Types:Koper_Koper:3701337,-
0yCDptt2XCLfExEb1D_Nsv,Pipe Types:Koper_Koper:3701339,-
0yCDptt2XCLfExEb1D_Ns3,Pipe Types:Koper_Koper:3701345,-
0yCDptt2XCLfExEb1D_Ns5,Pipe Types:Koper_Koper:3701351,-
0yCDptt2XCLfExEb1D_NsB,Pipe Types:Koper_Koper:3701353,-
0yCDptt2XCLfExEb1D_Ns9,Pipe Types:Koper_Koper:3701355,-
0yCDptt2XCLfExEb1D_NsF,Pipe Types:Koper_Koper:3701357,-
0yCDptt2XCLfExEb1D_NsH,Pipe Types:Koper_Koper:3701363,-
0yCDptt2XCLfExEb1D_NsR,Pipe Types:Koper_Koper:3701369,-
0yCDptt2XCLfExEb1D_Nql,Pipe Types:Koper_Koper:3701453,-
0yCDptt2XCLfExEb1D_Nqr,Pipe Types:Koper_Koper:3701463,-
0yCDptt2XCLfExEb1D_Np$,Pipe Types:Koper_Koper:3701533,-
0yCDptt2XCLfExEb1D_Np1,Pipe Types:Koper_Koper:3701539,-
0yCDptt2XCLfExEb1D_Nme,Pipe Types:Koper_Koper:3701706,-
0yCDptt2XCLfExEb1D_Nlr,Pipe Types:Koper_Koper:3701783,-
0yCDptt2XCLfExEb1D_Nl$,Pipe Types:Koper_Koper:3701789,-
0yCDptt2XCLfExEb1D_Nj3,Pipe Types:Koper_Koper:3701921,-
1WPM7O6hXCmQxt$ceAEPLt,Pipe Types:Koper_Koper:3702102,-
1WPM7O6hXCmQxt$ceAEPLQ,Pipe Types:Koper_Koper:3702139,-
1WPM7O6hXCmQxt$ceAEPMv,Pipe Types:Koper_Koper:3702168,-
1WPM7O6hXCmQxt$ceAEPMw,Pipe Types:Koper_Koper:3702171,-
1WPM7O6hXCmQxt$ceAEPMG,Pipe Types:Koper_Koper:3702193,-
1WPM7O6hXCmQxt$ceAEPNH,Pipe Types:Koper_Koper:3702256,-
1WPM7O6hXCmQxt$ceAEPOo,Pipe Types:Koper_Koper:3702291,-
1WPM7O6hXCmQxt$ceAEPOF,Pipe Types:Koper_Koper:3702318,-
1WPM7O6hXCmQxt$ceAEPOG,Pipe Types:Koper_Koper:3702321,-
1WPM7O6hXCmQxt$ceAEPRo,Pipe Types:Koper_Koper:3702483,-
1WPM7O6hXCmQxt$ceAEPRV,Pipe Types:Koper_Koper:3702526,-
1WPM7O6hXCmQxt$ceAEPSv,Pipe Types:Koper_Koper:3702552,-
0z0osTc9r6bO4u3BDZv85a,Pipe Types:Koper_Koper:4209481,-
0z0osTc9r6bO4u3BDZv86b,Pipe Types:Koper_Koper:4209544,-
0z0osTc9r6bO4u3BDZv86Y,Pipe Types:Koper_Koper:4209551,-
3K8Z8lNp95lOCwMBxBVoxf,Pipe Types:Koper_Koper:4220438,-
3K8Z8lNp95lOCwMBxBVoxY,Pipe Types:Koper_Koper:4220445,-
3K8Z8lNp95lOCwMBxBVoxS,Pipe Types:Koper_Koper:4220451,-
2YPKWotPzEqgzRKKo7mAxy,Pipe Types:Koper_Koper:4225577,-
2YPKWotPzEqgzRKKo7mAxf,Pipe Types:Koper_Koper:4225596,-
2YPKWotPzEqgzRKKo7mAwN,Pipe Types:Koper_Koper:4225602,-
3dX6WLqXDANxGHtv353eQP,Pipe Types:Koper_Koper:4239189,-
2tiyrdxCD32e8MQgazFqEY,Pipe Types:Koper_Koper:4239502,-
2tiyrdxCD32e8MQgazFqEq,Pipe Types:Koper_Koper:4239512,-
2tiyrdxCD32e8MQgazFqFC,Pipe Types:Koper_Koper:4239584,-
2tiyrdxCD32e8MQgazFqF6,Pipe Types:Koper_Koper:4239594,-
2tiyrdxCD32e8MQgazFq6e,Pipe Types:Koper_Koper:4240004,-
2tiyrdxCD32e8MQgazFq6W,Pipe Types:Koper_Koper:4240012,-
2tiyrdxCD32e8MQgazFq6w,Pipe Types:Koper_Koper:4240022,-
2tiyrdxCD32e8MQgazFq6G,Pipe Types:Koper_Koper:4240060,-
2tiyrdxCD32e8MQgazFq7g,Pipe Types:Koper_Koper:4240070,-
0tVds2tD1AvvbeIucmLvo$,Pipe Types:Koper_Koper:4240823,-
0tVds2tD1AvvbeIucmLvon,Pipe Types:Koper_Koper:4240825,-
0tVds2tD1AvvbeIucmLvot,Pipe Types:Koper_Koper:4240831,-
0tVds2tD1AvvbeIucmLvzP,Pipe Types:Koper_Koper:4240977,-
0tVds2tD1AvvbeIucmLvzL,Pipe Types:Koper_Koper:4240989,-
0tVds2tD1AvvbeIucmLv_e,Pipe Types:Koper_Koper:4241056,-
0tVds2tD1AvvbeIucmLv_W,Pipe Types:Koper_Koper:4241064,-
0tVds2tD1AvvbeIucmLv_u,Pipe Types:Koper_Koper:4241072,-
1XfEd6JJ53u9XfocIkj$CA,Pipe Types:Koper_Koper:4296593,-
1XfEd6JJ53u9XfocIkj_m$,Pipe Types:Koper_Koper:4296868,-
1XfEd6JJ53u9XfocIkj_sC,Pipe Types:Koper_Koper:4296983,-
1gpYmM12b6pxUJPBcN82UJ,Pipe Types:Uponor MLCP_Buis MLCP Thermo S6 blauw 50m:1830928,-
1gpYmM12b6pxUJPBcN82UG,Pipe Types:Uponor MLCP_Buis MLCP Thermo S6 blauw 50m:1830931,-
2w0muTSPL4tOKc0TdpZg5P,Pipe Types:Uponor MLCP_Buis MLCP Thermo S6 blauw 50m:1852704,-
2w0muTSPL4tOKc0TdpZg5Q,Pipe Types:Uponor MLCP_Buis MLCP Thermo S6 blauw 50m:1852707,-
2w0muTSPL4tOKc0TdpZg77,Pipe Types:Uponor MLCP_Buis MLCP Thermo S6 blauw 50m:1852862,-
2w0muTSPL4tOKc0TdpZg6u,Pipe Types:Uponor MLCP_Buis MLCP Thermo S6 blauw 50m:1852865,-
2yLSEqNSn7kPEBek35XrHH,Pipe Types:Uponor MLCP_Buis MLCP Thermo S6 blauw 50m:1853451,-
2yLSEqNSn7kPEBek35XrHK,Pipe Types:Uponor MLCP_Buis MLCP Thermo S6 blauw 50m:1853454,-
2yLSEqNSn7kPEBek35XrGK,Pipe Types:Uponor MLCP_Buis MLCP Thermo S6 blauw 50m:1853518,-
2yLSEqNSn7kPEBek35XrGB,Pipe Types:Uponor MLCP_Buis MLCP Thermo S6 blauw 50m:1853521,-
2yLSEqNSn7kPEBek35XrGk,Pipe Types:Uponor MLCP_Buis MLCP Thermo S6 blauw 50m:1853556,-
2yLSEqNSn7kPEBek35XrGj,Pipe Types:Uponor MLCP_Buis MLCP Thermo S6 blauw 50m:1853559,-
2yLSEqNSn7kPEBek35XrJ6,Pipe Types:Uponor MLCP_Buis MLCP Thermo S6 blauw 50m:1853596,-
2yLSEqNSn7kPEBek35XrJ5,Pipe Types:Uponor MLCP_Buis MLCP Thermo S6 blauw 50m:1853599,-
2yLSEqNSn7kPEBek35XrIU,Pipe Types:Uponor MLCP_Buis MLCP Thermo S6 blauw 50m:1853636,-
2yLSEqNSn7kPEBek35XrIT,Pipe Types:Uponor MLCP_Buis MLCP Thermo S6 blauw 50m:1853639,-
2yLSEqNSn7kPEBek35XrIm,Pipe Types:Uponor MLCP_Buis MLCP Thermo S6 blauw 50m:1853674,-
2yLSEqNSn7kPEBek35XrIt,Pipe Types:Uponor MLCP_Buis MLCP Thermo S6 blauw 50m:1853677,-
2yLSEqNSn7kPEBek35XrL8,Pipe Types:Uponor MLCP_Buis MLCP Thermo S6 blauw 50m:1853714,-
2yLSEqNSn7kPEBek35XrLF,Pipe Types:Uponor MLCP_Buis MLCP Thermo S6 blauw 50m:1853717,-
2yLSEqNSn7kPEBek35XrKT,Pipe Types:Uponor MLCP_Buis MLCP Thermo S6 blauw 50m:1853767,-
2yLSEqNSn7kPEBek35XrKG,Pipe Types:Uponor MLCP_Buis MLCP Thermo S6 blauw 50m:1853770,-
2yLSEqNSn7kPEBek35XrNN,Pipe Types:Uponor MLCP_Buis MLCP Thermo S6 blauw 50m:1853837,-
2yLSEqNSn7kPEBek35XrNA,Pipe Types:Uponor MLCP_Buis MLCP Thermo S6 blauw 50m:1853840,-
2yLSEqNSn7kPEBek35XrNf,Pipe Types:Uponor MLCP_Buis MLCP Thermo S6 blauw 50m:1853875,-
2yLSEqNSn7kPEBek35XrNi,Pipe Types:Uponor MLCP_Buis MLCP Thermo S6 blauw 50m:1853878,-
2yLSEqNSn7kPEBek35XrM1,Pipe Types:Uponor MLCP_Buis MLCP Thermo S6 blauw 50m:1853915,-
2yLSEqNSn7kPEBek35XrM4,Pipe Types:Uponor MLCP_Buis MLCP Thermo S6 blauw 50m:1853918,-
2yLSEqNSn7kPEBek35XrPR,Pipe Types:Uponor MLCP_Buis MLCP Thermo S6 blauw 50m:1853953,-
2yLSEqNSn7kPEBek35XrPU,Pipe Types:Uponor MLCP_Buis MLCP Thermo S6 blauw 50m:1853956,-
2yLSEqNSn7kPEBek35XrPX,Pipe Types:Uponor MLCP_Buis MLCP Thermo S6 blauw 50m:1854011,-
2yLSEqNSn7kPEBek35XrPa,Pipe Types:Uponor MLCP_Buis MLCP Thermo S6 blauw 50m:1854014,-
3$UvGzhpb8W9qg1V2SVYG$,Pipe Types:Uponor MLCP_Buis MLCP Thermo S6 blauw 50m:1859783,-
3$UvGzhpb8W9qg1V2SVYGo,Pipe Types:Uponor MLCP_Buis MLCP Thermo S6 blauw 50m:1859786,-
3$UvGzhpb8W9qg1V2SVYGa,Pipe Types:Uponor MLCP_Buis MLCP Thermo S6 blauw 50m:1859804,-
3$UvGzhpb8W9qg1V2SVYGd,Pipe Types:Uponor MLCP_Buis MLCP Thermo S6 blauw 50m:1859807,-
3$UvGzhpb8W9qg1V2SVYG9,Pipe Types:Uponor MLCP_Buis MLCP Thermo S6 blauw 50m:1859825,-
3$UvGzhpb8W9qg1V2SVYGC,Pipe Types:Uponor MLCP_Buis MLCP Thermo S6 blauw 50m:1859828,-
3$UvGzhpb8W9qg1V2SVYN_,Pipe Types:Uponor MLCP_Buis MLCP Thermo S6 blauw 50m:1859846,-
3$UvGzhpb8W9qg1V2SVYNn,Pipe Types:Uponor MLCP_Buis MLCP Thermo S6 blauw 50m:1859849,-
3$UvGzhpb8W9qg1V2SVYNZ,Pipe Types:Uponor MLCP_Buis MLCP Thermo S6 blauw 50m:1859867,-
3$UvGzhpb8W9qg1V2SVYNc,Pipe Types:Uponor MLCP_Buis MLCP Thermo S6 blauw 50m:1859870,-
3$UvGzhpb8W9qg1V2SVYN8,Pipe Types:Uponor MLCP_Buis MLCP Thermo S6 blauw 50m:1859888,-
3$UvGzhpb8W9qg1V2SVYNB,Pipe Types:Uponor MLCP_Buis MLCP Thermo S6 blauw 50m:1859891,-
3$UvGzhpb8W9qg1V2SVYMz,Pipe Types:Uponor MLCP_Buis MLCP Thermo S6 blauw 50m:1859909,-
3$UvGzhpb8W9qg1V2SVYMm,Pipe Types:Uponor MLCP_Buis MLCP Thermo S6 blauw 50m:1859912,-
3$UvGzhpb8W9qg1V2SVYMY,Pipe Types:Uponor MLCP_Buis MLCP Thermo S6 blauw 50m:1859930,-
3$UvGzhpb8W9qg1V2SVYMb,Pipe Types:Uponor MLCP_Buis MLCP Thermo S6 blauw 50m:1859933,-
3$UvGzhpb8W9qg1V2SVYMN,Pipe Types:Uponor MLCP_Buis MLCP Thermo S6 blauw 50m:1859951,-
3$UvGzhpb8W9qg1V2SVYMA,Pipe Types:Uponor MLCP_Buis MLCP Thermo S6 blauw 50m:1859954,-
3$UvGzhpb8W9qg1V2SVYLy,Pipe Types:Uponor MLCP_Buis MLCP Thermo S6 blauw 50m:1859972,-
3$UvGzhpb8W9qg1V2SVYL$,Pipe Types:Uponor MLCP_Buis MLCP Thermo S6 blauw 50m:1859975,-
3$UvGzhpb8W9qg1V2SVYLX,Pipe Types:Uponor MLCP_Buis MLCP Thermo S6 blauw 50m:1859993,-
3$UvGzhpb8W9qg1V2SVYLa,Pipe Types:Uponor MLCP_Buis MLCP Thermo S6 blauw 50m:1859996,-
3$UvGzhpb8W9qg1V2SVYLM,Pipe Types:Uponor MLCP_Buis MLCP Thermo S6 blauw 50m:1860014,-
3$UvGzhpb8W9qg1V2SVYL9,Pipe Types:Uponor MLCP_Buis MLCP Thermo S6 blauw 50m:1860017,-
3$UvGzhpb8W9qg1V2SVYKx,Pipe Types:Uponor MLCP_Buis MLCP Thermo S6 blauw 50m:1860035,-
3$UvGzhpb8W9qg1V2SVYK_,Pipe Types:Uponor MLCP_Buis MLCP Thermo S6 blauw 50m:1860038,-
3$UvGzhpb8W9qg1V2SVYKW,Pipe Types:Uponor MLCP_Buis MLCP Thermo S6 blauw 50m:1860056,-
3$UvGzhpb8W9qg1V2SVYKZ,Pipe Types:Uponor MLCP_Buis MLCP Thermo S6 blauw 50m:1860059,-
3$UvGzhpb8W9qg1V2SVYKL,Pipe Types:Uponor MLCP_Buis MLCP Thermo S6 blauw 50m:1860077,-
3$UvGzhpb8W9qg1V2SVYK8,Pipe Types:Uponor MLCP_Buis MLCP Thermo S6 blauw 50m:1860080,-
0AeiFW0YH9FwXNAXHaIi4A,Pipe Types:Uponor MLCP_Buis MLCP Thermo S6 blauw 50m:1863000,-
0AeiFW0YH9FwXNAXHaIi49,Pipe Types:Uponor MLCP_Buis MLCP Thermo S6 blauw 50m:1863003,-
0AeiFW0YH9FwXNAXHaIi4b,Pipe Types:Uponor MLCP_Buis MLCP Thermo S6 blauw 50m:1863031,-
0AeiFW0YH9FwXNAXHaIi4e,Pipe Types:Uponor MLCP_Buis MLCP Thermo S6 blauw 50m:1863034,-
0AeiFW0YH9FwXNAXHaIi7U,Pipe Types:Uponor MLCP_Buis MLCP Thermo S6 blauw 50m:1863052,-
0AeiFW0YH9FwXNAXHaIi7T,Pipe Types:Uponor MLCP_Buis MLCP Thermo S6 blauw 50m:1863055,-
0AeiFW0YH9FwXNAXHaIi7p,Pipe Types:Uponor MLCP_Buis MLCP Thermo S6 blauw 50m:1863073,-
0AeiFW0YH9FwXNAXHaIi7s,Pipe Types:Uponor MLCP_Buis MLCP Thermo S6 blauw 50m:1863076,-
0AeiFW0YH9FwXNAXHaIi7a,Pipe Types:Uponor MLCP_Buis MLCP Thermo S6 blauw 50m:1863094,-
0AeiFW0YH9FwXNAXHaIi7h,Pipe Types:Uponor MLCP_Buis MLCP Thermo S6 blauw 50m:1863097,-
0AeiFW0YH9FwXNAXHaIi6P,Pipe Types:Uponor MLCP_Buis MLCP Thermo S6 blauw 50m:1863115,-
0AeiFW0YH9FwXNAXHaIi6S,Pipe Types:Uponor MLCP_Buis MLCP Thermo S6 blauw 50m:1863118,-
0AeiFW0YH9FwXNAXHaIi6o,Pipe Types:Uponor MLCP_Buis MLCP Thermo S6 blauw 50m:1863136,-
0AeiFW0YH9FwXNAXHaIi6n,Pipe Types:Uponor MLCP_Buis MLCP Thermo S6 blauw 50m:1863139,-
0AeiFW0YH9FwXNAXHaIi6d,Pipe Types:Uponor MLCP_Buis MLCP Thermo S6 blauw 50m:1863157,-
0AeiFW0YH9FwXNAXHaIi6g,Pipe Types:Uponor MLCP_Buis MLCP Thermo S6 blauw 50m:1863160,-
0AeiFW0YH9FwXNAXHaIi9O,Pipe Types:Uponor MLCP_Buis MLCP Thermo S6 blauw 50m:1863178,-
0AeiFW0YH9FwXNAXHaIi9V,Pipe Types:Uponor MLCP_Buis MLCP Thermo S6 blauw 50m:1863181,-
0AeiFW0YH9FwXNAXHaIi9D,Pipe Types:Uponor MLCP_Buis MLCP Thermo S6 blauw 50m:1863199,-
0AeiFW0YH9FwXNAXHaIi9m,Pipe Types:Uponor MLCP_Buis MLCP Thermo S6 blauw 50m:1863202,-
0AeiFW0YH9FwXNAXHaIi9c,Pipe Types:Uponor MLCP_Buis MLCP Thermo S6 blauw 50m:1863220,-
0AeiFW0YH9FwXNAXHaIi9b,Pipe Types:Uponor MLCP_Buis MLCP Thermo S6 blauw 50m:1863223,-
0AeiFW0YH9FwXNAXHaIi8R,Pipe Types:Uponor MLCP_Buis MLCP Thermo S6 blauw 50m:1863241,-
0AeiFW0YH9FwXNAXHaIi8U,Pipe Types:Uponor MLCP_Buis MLCP Thermo S6 blauw 50m:1863244,-
0AeiFW0YH9FwXNAXHaIi8C,Pipe Types:Uponor MLCP_Buis MLCP Thermo S6 blauw 50m:1863262,-
0AeiFW0YH9FwXNAXHaIi8p,Pipe Types:Uponor MLCP_Buis MLCP Thermo S6 blauw 50m:1863265,-
0AeiFW0YH9FwXNAXHaIi8X,Pipe Types:Uponor MLCP_Buis MLCP Thermo S6 blauw 50m:1863283,-
0AeiFW0YH9FwXNAXHaIi8a,Pipe Types:Uponor MLCP_Buis MLCP Thermo S6 blauw 50m:1863286,-
0_bs6iNxz6KP88wQQ_QOMR,Pipe Types:Uponor MLCP_Buis MLCP Thermo S6 blauw 50m:1864656,-
0_bs6iNxz6KP88wQQ_QOMO,Pipe Types:Uponor MLCP_Buis MLCP Thermo S6 blauw 50m:1864659,-
0_bs6iNxz6KP88wQQ_QOMc,Pipe Types:Uponor MLCP_Buis MLCP Thermo S6 blauw 50m:1864685,-
0_bs6iNxz6KP88wQQ_QOMx,Pipe Types:Uponor MLCP_Buis MLCP Thermo S6 blauw 50m:1864688,-
0_bs6iNxz6KP88wQQ_QO99,Pipe Types:Uponor MLCP_Buis MLCP Thermo S6 blauw 50m:1864706,-
0_bs6iNxz6KP88wQQ_QO9E,Pipe Types:Uponor MLCP_Buis MLCP Thermo S6 blauw 50m:1864709,-
0_bs6iNxz6KP88wQQ_QO9S,Pipe Types:Uponor MLCP_Buis MLCP Thermo S6 blauw 50m:1864727,-
0_bs6iNxz6KP88wQQ_QO9H,Pipe Types:Uponor MLCP_Buis MLCP Thermo S6 blauw 50m:1864730,-
0_bs6iNxz6KP88wQQ_QO9d,Pipe Types:Uponor MLCP_Buis MLCP Thermo S6 blauw 50m:1864748,-
0_bs6iNxz6KP88wQQ_QO9a,Pipe Types:Uponor MLCP_Buis MLCP Thermo S6 blauw 50m:1864751,-
0_bs6iNxz6KP88wQQ_QO8A,Pipe Types:Uponor MLCP_Buis MLCP Thermo S6 blauw 50m:1864769,-
0_bs6iNxz6KP88wQQ_QO8F,Pipe Types:Uponor MLCP_Buis MLCP Thermo S6 blauw 50m:1864772,-
0_bs6iNxz6KP88wQQ_QO8T,Pipe Types:Uponor MLCP_Buis MLCP Thermo S6 blauw 50m:1864790,-
0_bs6iNxz6KP88wQQ_QO8I,Pipe Types:Uponor MLCP_Buis MLCP Thermo S6 blauw 50m:1864793,-
0_bs6iNxz6KP88wQQ_QO8W,Pipe Types:Uponor MLCP_Buis MLCP Thermo S6 blauw 50m:1864811,-
0_bs6iNxz6KP88wQQ_QO8b,Pipe Types:Uponor MLCP_Buis MLCP Thermo S6 blauw 50m:1864814,-
0_bs6iNxz6KP88wQQ_QOBB,Pipe Types:Uponor MLCP_Buis MLCP Thermo S6 blauw 50m:1864832,-
0_bs6iNxz6KP88wQQ_QOB8,Pipe Types:Uponor MLCP_Buis MLCP Thermo S6 blauw 50m:1864835,-
0_bs6iNxz6KP88wQQ_QOBU,Pipe Types:Uponor MLCP_Buis MLCP Thermo S6 blauw 50m:1864853,-
0_bs6iNxz6KP88wQQ_QOBJ,Pipe Types:Uponor MLCP_Buis MLCP Thermo S6 blauw 50m:1864856,-
0_bs6iNxz6KP88wQQ_QOBX,Pipe Types:Uponor MLCP_Buis MLCP Thermo S6 blauw 50m:1864874,-
0_bs6iNxz6KP88wQQ_QOBc,Pipe Types:Uponor MLCP_Buis MLCP Thermo S6 blauw 50m:1864877,-
0_bs6iNxz6KP88wQQ_QOBq,Pipe Types:Uponor MLCP_Buis MLCP Thermo S6 blauw 50m:1864895,-
0_bs6iNxz6KP88wQQ_QOA9,Pipe Types:Uponor MLCP_Buis MLCP Thermo S6 blauw 50m:1864898,-
0_bs6iNxz6KP88wQQ_QOAV,Pipe Types:Uponor MLCP_Buis MLCP Thermo S6 blauw 50m:1864916,-
0_bs6iNxz6KP88wQQ_QOAS,Pipe Types:Uponor MLCP_Buis MLCP Thermo S6 blauw 50m:1864919,-
0_bs6iNxz6KP88wQQ_QOAY,Pipe Types:Uponor MLCP_Buis MLCP Thermo S6 blauw 50m:1864937,-
0_bs6iNxz6KP88wQQ_QOAd,Pipe Types:Uponor MLCP_Buis MLCP Thermo S6 blauw 50m:1864940,-
1cIy9c4KL3_B_XG$UgAivN,Pipe Types:Uponor MLCP_Buis MLCP Thermo S6 blauw 50m:1866884,-
1cIy9c4KL3_B_XG$UgAivK,Pipe Types:Uponor MLCP_Buis MLCP Thermo S6 blauw 50m:1866887,-
1cIy9c4KL3_B_XG$UgAivo,Pipe Types:Uponor MLCP_Buis MLCP Thermo S6 blauw 50m:1866913,-
1cIy9c4KL3_B_XG$UgAivt,Pipe Types:Uponor MLCP_Buis MLCP Thermo S6 blauw 50m:1866916,-
1cIy9c4KL3_B_XG$UgAivb,Pipe Types:Uponor MLCP_Buis MLCP Thermo S6 blauw 50m:1866934,-
1cIy9c4KL3_B_XG$UgAivg,Pipe Types:Uponor MLCP_Buis MLCP Thermo S6 blauw 50m:1866937,-
1cIy9c4KL3_B_XG$UgAiuO,Pipe Types:Uponor MLCP_Buis MLCP Thermo S6 blauw 50m:1866955,-
1cIy9c4KL3_B_XG$UgAiuT,Pipe Types:Uponor MLCP_Buis MLCP Thermo S6 blauw 50m:1866958,-
1cIy9c4KL3_B_XG$UgAi$C,Pipe Types:Uponor MLCP_Buis MLCP Thermo S6 blauw 50m:1867039,-
1cIy9c4KL3_B_XG$UgAi$n,Pipe Types:Uponor MLCP_Buis MLCP Thermo S6 blauw 50m:1867042,-
1cIy9c4KL3_B_XG$UgAi$d,Pipe Types:Uponor MLCP_Buis MLCP Thermo S6 blauw 50m:1867060,-
1cIy9c4KL3_B_XG$UgAi$a,Pipe Types:Uponor MLCP_Buis MLCP Thermo S6 blauw 50m:1867063,-
1cIy9c4KL3_B_XG$UgAi_Q,Pipe Types:Uponor MLCP_Buis MLCP Thermo S6 blauw 50m:1867081,-
1cIy9c4KL3_B_XG$UgAi_V,Pipe Types:Uponor MLCP_Buis MLCP Thermo S6 blauw 50m:1867084,-
1cIy9c4KL3_B_XG$UgAi_D,Pipe Types:Uponor MLCP_Buis MLCP Thermo S6 blauw 50m:1867102,-
1cIy9c4KL3_B_XG$UgAi_o,Pipe Types:Uponor MLCP_Buis MLCP Thermo S6 blauw 50m:1867105,-
1Wef5lMHb0Ye6uRoguQagz,Pipe Types:Uponor MLCP_Buis MLCP Thermo S6 blauw 50m:1868779,-
1Wef5lMHb0Ye6uRoguQagu,Pipe Types:Uponor MLCP_Buis MLCP Thermo S6 blauw 50m:1868782,-
1Wef5lMHb0Ye6uRoguQarU,Pipe Types:Uponor MLCP_Buis MLCP Thermo S6 blauw 50m:1868808,-
1Wef5lMHb0Ye6uRoguQarT,Pipe Types:Uponor MLCP_Buis MLCP Thermo S6 blauw 50m:1868811,-
1Wef5lMHb0Ye6uRoguQarB,Pipe Types:Uponor MLCP_Buis MLCP Thermo S6 blauw 50m:1868829,-
1Wef5lMHb0Ye6uRoguQars,Pipe Types:Uponor MLCP_Buis MLCP Thermo S6 blauw 50m:1868832,-
1Wef5lMHb0Ye6uRoguQara,Pipe Types:Uponor MLCP_Buis MLCP Thermo S6 blauw 50m:1868850,-
1Wef5lMHb0Ye6uRoguQarZ,Pipe Types:Uponor MLCP_Buis MLCP Thermo S6 blauw 50m:1868853,-
1Wef5lMHb0Ye6uRoguQaqH,Pipe Types:Uponor MLCP_Buis MLCP Thermo S6 blauw 50m:1868871,-
1Wef5lMHb0Ye6uRoguQaqS,Pipe Types:Uponor MLCP_Buis MLCP Thermo S6 blauw 50m:1868874,-
1Wef5lMHb0Ye6uRoguQaqA,Pipe Types:Uponor MLCP_Buis MLCP Thermo S6 blauw 50m:1868892,-
1Wef5lMHb0Ye6uRoguQaq9,Pipe Types:Uponor MLCP_Buis MLCP Thermo S6 blauw 50m:1868895,-
1Wef5lMHb0Ye6uRoguQaqd,Pipe Types:Uponor MLCP_Buis MLCP Thermo S6 blauw 50m:1868913,-
1Wef5lMHb0Ye6uRoguQaqY,Pipe Types:Uponor MLCP_Buis MLCP Thermo S6 blauw 50m:1868916,-
1Wef5lMHb0Ye6uRoguQatG,Pipe Types:Uponor MLCP_Buis MLCP Thermo S6 blauw 50m:1868934,-
1Wef5lMHb0Ye6uRoguQatV,Pipe Types:Uponor MLCP_Buis MLCP Thermo S6 blauw 50m:1868937,-
0GskP63tf8gQhdxpTYCmgf,Pipe Types:Uponor MLCP_Buis MLCP Thermo S6 blauw 50m:1869505,-
0GskP63tf8gQhdxpTYCmgi,Pipe Types:Uponor MLCP_Buis MLCP Thermo S6 blauw 50m:1869508,-
0GskP63tf8gQhdxpTYCmgs,Pipe Types:Uponor MLCP_Buis MLCP Thermo S6 blauw 50m:1869534,-
0GskP63tf8gQhdxpTYCmg9,Pipe Types:Uponor MLCP_Buis MLCP Thermo S6 blauw 50m:1869537,-
0GskP63tf8gQhdxpTYCmgR,Pipe Types:Uponor MLCP_Buis MLCP Thermo S6 blauw 50m:1869555,-
0GskP63tf8gQhdxpTYCmgU,Pipe Types:Uponor MLCP_Buis MLCP Thermo S6 blauw 50m:1869558,-
0GskP63tf8gQhdxpTYCmjW,Pipe Types:Uponor MLCP_Buis MLCP Thermo S6 blauw 50m:1869576,-
0GskP63tf8gQhdxpTYCmjZ,Pipe Types:Uponor MLCP_Buis MLCP Thermo S6 blauw 50m:1869579,-
0GskP63tf8gQhdxpTYCmjr,Pipe Types:Uponor MLCP_Buis MLCP Thermo S6 blauw 50m:1869597,-
0GskP63tf8gQhdxpTYCmj8,Pipe Types:Uponor MLCP_Buis MLCP Thermo S6 blauw 50m:1869600,-
0GskP63tf8gQhdxpTYCmjQ,Pipe Types:Uponor MLCP_Buis MLCP Thermo S6 blauw 50m:1869618,-
0GskP63tf8gQhdxpTYCmjT,Pipe Types:Uponor MLCP_Buis MLCP Thermo S6 blauw 50m:1869621,-
0GskP63tf8gQhdxpTYCmLM,Pipe Types:Uponor MLCP_Buis MLCP Thermo S6 blauw 50m:1870142,-
0GskP63tf8gQhdxpTYCmKf,Pipe Types:Uponor MLCP_Buis MLCP Thermo S6 blauw 50m:1870145,-
0GskP63tf8gQhdxpTYCmKA,Pipe Types:Uponor MLCP_Buis MLCP Thermo S6 blauw 50m:1870178,-
0GskP63tf8gQhdxpTYCmKD,Pipe Types:Uponor MLCP_Buis MLCP Thermo S6 blauw 50m:1870181,-
0GskP63tf8gQhdxpTYCmNi,Pipe Types:Uponor MLCP_Buis MLCP Thermo S6 blauw 50m:1870212,-
0GskP63tf8gQhdxpTYCmNl,Pipe Types:Uponor MLCP_Buis MLCP Thermo S6 blauw 50m:1870215,-
0GskP63tf8gQhdxpTYCmO9,Pipe Types:Uponor MLCP_Buis MLCP Thermo S6 blauw 50m:1870433,-
0GskP63tf8gQhdxpTYCmOC,Pipe Types:Uponor MLCP_Buis MLCP Thermo S6 blauw 50m:1870436,-
0GskP63tf8gQhdxpTYCmOM,Pipe Types:Uponor MLCP_Buis MLCP Thermo S6 blauw 50m:1870462,-
0GskP63tf8gQhdxpTYCmRf,Pipe Types:Uponor MLCP_Buis MLCP Thermo S6 blauw 50m:1870465,-
0GskP63tf8gQhdxpTYCmRx,Pipe Types:Uponor MLCP_Buis MLCP Thermo S6 blauw 50m:1870483,-
0GskP63tf8gQhdxpTYCmR_,Pipe Types:Uponor MLCP_Buis MLCP Thermo S6 blauw 50m:1870486,-
0GskP63tf8gQhdxpTYCmR0,Pipe Types:Uponor MLCP_Buis MLCP Thermo S6 blauw 50m:1870504,-
0GskP63tf8gQhdxpTYCmR3,Pipe Types:Uponor MLCP_Buis MLCP Thermo S6 blauw 50m:1870507,-
0GskP63tf8gQhdxpTYCmRL,Pipe Types:Uponor MLCP_Buis MLCP Thermo S6 blauw 50m:1870525,-
0GskP63tf8gQhdxpTYCmQe,Pipe Types:Uponor MLCP_Buis MLCP Thermo S6 blauw 50m:1870528,-
0GskP63tf8gQhdxpTYCmQw,Pipe Types:Uponor MLCP_Buis MLCP Thermo S6 blauw 50m:1870546,-
0GskP63tf8gQhdxpTYCmQz,Pipe Types:Uponor MLCP_Buis MLCP Thermo S6 blauw 50m:1870549,-
0GskP63tf8gQhdxpTYCmQH,Pipe Types:Uponor MLCP_Buis MLCP Thermo S6 blauw 50m:1870585,-
0GskP63tf8gQhdxpTYCmQK,Pipe Types:Uponor MLCP_Buis MLCP Thermo S6 blauw 50m:1870588,-
0GskP63tf8gQhdxpTYCmTa,Pipe Types:Uponor MLCP_Buis MLCP Thermo S6 blauw 50m:1870604,-
0GskP63tf8gQhdxpTYCmTd,Pipe Types:Uponor MLCP_Buis MLCP Thermo S6 blauw 50m:1870607,-
0GskP63tf8gQhdxpTYCmTt,Pipe Types:Uponor MLCP_Buis MLCP Thermo S6 blauw 50m:1870623,-
0GskP63tf8gQhdxpTYCmTA,Pipe Types:Uponor MLCP_Buis MLCP Thermo S6 blauw 50m:1870626,-
2awNLqm7v4egHFIRdOOTux,Pipe Types:Uponor MLCP_Buis MLCP Thermo S6 blauw 50m:1871200,-
2awNLqm7v4egHFIRdOOTuu,Pipe Types:Uponor MLCP_Buis MLCP Thermo S6 blauw 50m:1871203,-
2awNLqm7v4egHFIRdOOTuk,Pipe Types:Uponor MLCP_Buis MLCP Thermo S6 blauw 50m:1871221,-
2awNLqm7v4egHFIRdOOTuZ,Pipe Types:Uponor MLCP_Buis MLCP Thermo S6 blauw 50m:1871224,-
2awNLqm7v4egHFIRdOOTxH,Pipe Types:Uponor MLCP_Buis MLCP Thermo S6 blauw 50m:1871242,-
2awNLqm7v4egHFIRdOOTxM,Pipe Types:Uponor MLCP_Buis MLCP Thermo S6 blauw 50m:1871245,-
2awNLqm7v4egHFIRdOOTw0,Pipe Types:Uponor MLCP_Buis MLCP Thermo S6 blauw 50m:1871323,-
2awNLqm7v4egHFIRdOOTw5,Pipe Types:Uponor MLCP_Buis MLCP Thermo S6 blauw 50m:1871326,-
2awNLqm7v4egHFIRdOOTwr,Pipe Types:Uponor MLCP_Buis MLCP Thermo S6 blauw 50m:1871342,-
2awNLqm7v4egHFIRdOOTwg,Pipe Types:Uponor MLCP_Buis MLCP Thermo S6 blauw 50m:1871345,-
2awNLqm7v4egHFIRdOOTrQ,Pipe Types:Uponor MLCP_Buis MLCP Thermo S6 blauw 50m:1871361,-
2awNLqm7v4egHFIRdOOTrV,Pipe Types:Uponor MLCP_Buis MLCP Thermo S6 blauw 50m:1871364,-
2awNLqm7v4egHFIRdOOTpH,Pipe Types:Uponor MLCP_Buis MLCP Thermo S6 blauw 50m:1871754,-
2awNLqm7v4egHFIRdOOTpM,Pipe Types:Uponor MLCP_Buis MLCP Thermo S6 blauw 50m:1871757,-
2awNLqm7v4egHFIRdOOTp4,Pipe Types:Uponor MLCP_Buis MLCP Thermo S6 blauw 50m:1871775,-
2awNLqm7v4egHFIRdOOTpv,Pipe Types:Uponor MLCP_Buis MLCP Thermo S6 blauw 50m:1871778,-
2awNLqm7v4egHFIRdOOTpl,Pipe Types:Uponor MLCP_Buis MLCP Thermo S6 blauw 50m:1871796,-
2awNLqm7v4egHFIRdOOTpi,Pipe Types:Uponor MLCP_Buis MLCP Thermo S6 blauw 50m:1871799,-
2awNLqm7v4egHFIRdOOToA,Pipe Types:Uponor MLCP_Buis MLCP Thermo S6 blauw 50m:1871825,-
2awNLqm7v4egHFIRdOOToF,Pipe Types:Uponor MLCP_Buis MLCP Thermo S6 blauw 50m:1871828,-
2awNLqm7v4egHFIRdOOTo$,Pipe Types:Uponor MLCP_Buis MLCP Thermo S6 blauw 50m:1871844,-
2awNLqm7v4egHFIRdOOToy,Pipe Types:Uponor MLCP_Buis MLCP Thermo S6 blauw 50m:1871847,-
2awNLqm7v4egHFIRdOOToi,Pipe Types:Uponor MLCP_Buis MLCP Thermo S6 blauw 50m:1871863,-
2awNLqm7v4egHFIRdOOToX,Pipe Types:Uponor MLCP_Buis MLCP Thermo S6 blauw 50m:1871866,-
3paIK6PwrAruNB$1h_NJir,Pipe Types:Uponor MLCP_Buis MLCP Thermo S6 blauw 50m:2719779,-
18YJIyk$v0gATUb0UK8YS3,Pipe Types:Uponor MLCP_Buis MLCP Thermo S6 blauw 50m:3206049,-
18YJIyk$v0gATUb0UK8YBY,Pipe Types:Uponor MLCP_Buis MLCP Thermo S6 blauw 50m:3206720,-
18YJIyk$v0gATUb0UK8YFy,Pipe Types:Uponor MLCP_Buis MLCP Thermo S6 blauw 50m:3207006,-
18YJIyk$v0gATUb0UK8Zs$,Pipe Types:Uponor MLCP_Buis MLCP Thermo S6 blauw 50m:3207453,-
3lj$IBREv4kvIFsfU0q7bx,Pipe Types:Uponor MLCP_Buis MLCP Thermo S6 blauw 50m:3307129,-
3lj$IBREv4kvIFsfU0q7Xo,Pipe Types:Uponor MLCP_Buis MLCP Thermo S6 blauw 50m:3307376,-
3lj$IBREv4kvIFsfU0q7Z3,Pipe Types:Uponor MLCP_Buis MLCP Thermo S6 blauw 50m:3307457,-
1vwKsZxY557Pbvey3zpzmx,Pipe Types:Uponor MLCP_Buis MLCP Thermo S6 blauw 50m:3318945,-
0REvqIbJPEWucSW7ihpIqp,Pipe Types:Uponor MLCP_Buis MLCP Thermo S6 blauw 50m:3319839,-
0REvqIbJPEWucSW7ihpIqF,Pipe Types:Uponor MLCP_Buis MLCP Thermo S6 blauw 50m:3319843,-
0REvqIbJPEWucSW7ihpIq5,Pipe Types:Uponor MLCP_Buis MLCP Thermo S6 blauw 50m:3319849,-
0REvqIbJPEWucSW7ihpIt$,Pipe Types:Uponor MLCP_Buis MLCP Thermo S6 blauw 50m:3320019,-
0REvqIbJPEWucSW7ihpItv,Pipe Types:Uponor MLCP_Buis MLCP Thermo S6 blauw 50m:3320021,-
0REvqIbJPEWucSW7ihpItx,Pipe Types:Uponor MLCP_Buis MLCP Thermo S6 blauw 50m:3320023,-
0REvqIbJPEWucSW7ihpItt,Pipe Types:Uponor MLCP_Buis MLCP Thermo S6 blauw 50m:3320027,-
0REvqIbJPEWucSW7ihpJrV,Pipe Types:Uponor MLCP_Buis MLCP Thermo S6 blauw 50m:3324019,-
0REvqIbJPEWucSW7ihpJrR,Pipe Types:Uponor MLCP_Buis MLCP Thermo S6 blauw 50m:3324023,-
0REvqIbJPEWucSW7ihpJrH,Pipe Types:Uponor MLCP_Buis MLCP Thermo S6 blauw 50m:3324029,-
0REvqIbJPEWucSW7ihpJmB,Pipe Types:Uponor MLCP_Buis MLCP Thermo S6 blauw 50m:3324199,-
0REvqIbJPEWucSW7ihpJm5,Pipe Types:Uponor MLCP_Buis MLCP Thermo S6 blauw 50m:3324201,-
0REvqIbJPEWucSW7ihpJm7,Pipe Types:Uponor MLCP_Buis MLCP Thermo S6 blauw 50m:3324203,-
0REvqIbJPEWucSW7ihpJm3,Pipe Types:Uponor MLCP_Buis MLCP Thermo S6 blauw 50m:3324207,-
0REvqIbJPEWucSW7ihpJnD,Pipe Types:Uponor MLCP_Buis MLCP Thermo S6 blauw 50m:3324257,-
0REvqIbJPEWucSW7ihpJn9,Pipe Types:Uponor MLCP_Buis MLCP Thermo S6 blauw 50m:3324261,-
0REvqIbJPEWucSW7ihpJn7,Pipe Types:Uponor MLCP_Buis MLCP Thermo S6 blauw 50m:3324267,-
0REvqIbJPEWucSW7ihpJyv,Pipe Types:Uponor MLCP_Buis MLCP Thermo S6 blauw 50m:3324437,-
0REvqIbJPEWucSW7ihpJyx,Pipe Types:Uponor MLCP_Buis MLCP Thermo S6 blauw 50m:3324439,-
0REvqIbJPEWucSW7ihpJyr,Pipe Types:Uponor MLCP_Buis MLCP Thermo S6 blauw 50m:3324441,-
0REvqIbJPEWucSW7ihpJyn,Pipe Types:Uponor MLCP_Buis MLCP Thermo S6 blauw 50m:3324445,-
0REvqIbJPEWucSW7ihpJz6,Pipe Types:Uponor MLCP_Buis MLCP Thermo S6 blauw 50m:3324522,-
0REvqIbJPEWucSW7ihpJz1,Pipe Types:Uponor MLCP_Buis MLCP Thermo S6 blauw 50m:3324525,-
0REvqIbJPEWucSW7ihpJzS,Pipe Types:Uponor MLCP_Buis MLCP Thermo S6 blauw 50m:3324528,-
0REvqIbJPEWucSW7ihpJzV,Pipe Types:Uponor MLCP_Buis MLCP Thermo S6 blauw 50m:3324531,-
0REvqIbJPEWucSW7ihpJzL,Pipe Types:Uponor MLCP_Buis MLCP Thermo S6 blauw 50m:3324537,-
0REvqIbJPEWucSW7ihpJvW,Pipe Types:Uponor MLCP_Buis MLCP Thermo S6 blauw 50m:3324748,-
0REvqIbJPEWucSW7ihpJvZ,Pipe Types:Uponor MLCP_Buis MLCP Thermo S6 blauw 50m:3324751,-
0REvqIbJPEWucSW7ihpJv_,Pipe Types:Uponor MLCP_Buis MLCP Thermo S6 blauw 50m:3324754,-
0REvqIbJPEWucSW7ihpJvv,Pipe Types:Uponor MLCP_Buis MLCP Thermo S6 blauw 50m:3324757,-
0REvqIbJPEWucSW7ihpJvt,Pipe Types:Uponor MLCP_Buis MLCP Thermo S6 blauw 50m:3324763,-
1KuKi3ZI50c8NHOeFHvEen,Pipe Types:Uponor MLCP_Buis MLCP Thermo S6 blauw 50m:3328522,-
1ysMZq5ST7IhH08FUFCEOT,Pipe Types:Uponor MLCP_Buis MLCP Thermo S6 blauw 50m:3335905,-
1ysMZq5ST7IhH08FUFCEOV,Pipe Types:Uponor MLCP_Buis MLCP Thermo S6 blauw 50m:3335907,-
1ysMZq5ST7IhH08FUFCEOL,Pipe Types:Uponor MLCP_Buis MLCP Thermo S6 blauw 50m:3335913,-
1ysMZq5ST7IhH08FUFCETu,Pipe Types:Uponor MLCP_Buis MLCP Thermo S6 blauw 50m:3336068,-
1ysMZq5ST7IhH08FUFCETw,Pipe Types:Uponor MLCP_Buis MLCP Thermo S6 blauw 50m:3336070,-
1ysMZq5ST7IhH08FUFCETm,Pipe Types:Uponor MLCP_Buis MLCP Thermo S6 blauw 50m:3336076,-
1ysMZq5ST7IhH08FUFCEYH,Pipe Types:Uponor MLCP_Buis MLCP Thermo S6 blauw 50m:3336301,-
1ysMZq5ST7IhH08FUFCEY7,Pipe Types:Uponor MLCP_Buis MLCP Thermo S6 blauw 50m:3336315,-
1ysMZq5ST7IhH08FUFCEcq,Pipe Types:Uponor MLCP_Buis MLCP Thermo S6 blauw 50m:3336520,-
1ysMZq5ST7IhH08FUFCEcg,Pipe Types:Uponor MLCP_Buis MLCP Thermo S6 blauw 50m:3336534,-
0NN28gJPfBZuJU3ZelRdeV,Pipe Types:Uponor MLCP_Buis MLCP Thermo S6 blauw 50m:3348833,-
0NN28gJPfBZuJU3ZelRdeT,Pipe Types:Uponor MLCP_Buis MLCP Thermo S6 blauw 50m:3348835,-
0NN28gJPfBZuJU3ZelRdeN,Pipe Types:Uponor MLCP_Buis MLCP Thermo S6 blauw 50m:3348841,-
26xOSlxsnD7eUrqTZjHtKL,Pipe Types:Uponor MLCP_Buis MLCP Thermo S6 blauw 50m:3394146,-
26xOSlxsnD7eUrqTZjHtKJ,Pipe Types:Uponor MLCP_Buis MLCP Thermo S6 blauw 50m:3394148,-
26xOSlxsnD7eUrqTZjHtKT,Pipe Types:Uponor MLCP_Buis MLCP Thermo S6 blauw 50m:3394154,-
1$QeEXZaH1_8pbVHkWBMGb,Pipe Types:Uponor MLCP_Buis MLCP Thermo S6 blauw 50m:3401815,-
1$QeEXZaH1_8pbVHkWBMGh,Pipe Types:Uponor MLCP_Buis MLCP Thermo S6 blauw 50m:3401817,-
1$QeEXZaH1_8pbVHkWBMGl,Pipe Types:Uponor MLCP_Buis MLCP Thermo S6 blauw 50m:3401821,-
1ozauvCGHFgxHC9zf470aF,Pipe Types:Uponor MLCP_Buis MLCP Thermo S6 blauw 50m:3403626,-
1ozauvCGHFgxHC9zf470a9,Pipe Types:Uponor MLCP_Buis MLCP Thermo S6 blauw 50m:3403628,-
1ozauvCGHFgxHC9zf470aL,Pipe Types:Uponor MLCP_Buis MLCP Thermo S6 blauw 50m:3403632,-
1ozauvCGHFgxHC9zf46_J9,Pipe Types:Uponor MLCP_Buis MLCP Thermo S6 blauw 50m:3408556,-
1ozauvCGHFgxHC9zf46_JB,Pipe Types:Uponor MLCP_Buis MLCP Thermo S6 blauw 50m:3408558,-
1ozauvCGHFgxHC9zf46_JN,Pipe Types:Uponor MLCP_Buis MLCP Thermo S6 blauw 50m:3408562,-
1ozauvCGHFgxHC9zf46_Nm,Pipe Types:Uponor MLCP_Buis MLCP Thermo S6 blauw 50m:3408789,-
1ozauvCGHFgxHC9zf46_No,Pipe Types:Uponor MLCP_Buis MLCP Thermo S6 blauw 50m:3408791,-
1ozauvCGHFgxHC9zf46_N_,Pipe Types:Uponor MLCP_Buis MLCP Thermo S6 blauw 50m:3408795,-
1ozauvCGHFgxHC9zf46_8R,Pipe Types:Uponor MLCP_Buis MLCP Thermo S6 blauw 50m:3409022,-
1ozauvCGHFgxHC9zf46_Bb,Pipe Types:Uponor MLCP_Buis MLCP Thermo S6 blauw 50m:3409024,-
1ozauvCGHFgxHC9zf46_BX,Pipe Types:Uponor MLCP_Buis MLCP Thermo S6 blauw 50m:3409028,-
1ozauvCGHFgxHC9zf46_C2,Pipe Types:Uponor MLCP_Buis MLCP Thermo S6 blauw 50m:3409255,-
1ozauvCGHFgxHC9zf46_CC,Pipe Types:Uponor MLCP_Buis MLCP Thermo S6 blauw 50m:3409257,-
1ozauvCGHFgxHC9zf46_C8,Pipe Types:Uponor MLCP_Buis MLCP Thermo S6 blauw 50m:3409261,-
1ozauvCGHFgxHC9zf46_0r,Pipe Types:Uponor MLCP_Buis MLCP Thermo S6 blauw 50m:3409488,-
1ozauvCGHFgxHC9zf46_0t,Pipe Types:Uponor MLCP_Buis MLCP Thermo S6 blauw 50m:3409490,-
1ozauvCGHFgxHC9zf46_0p,Pipe Types:Uponor MLCP_Buis MLCP Thermo S6 blauw 50m:3409494,-
1ozauvCGHFgxHC9zf46_5S,Pipe Types:Uponor MLCP_Buis MLCP Thermo S6 blauw 50m:3409721,-
1ozauvCGHFgxHC9zf46_5U,Pipe Types:Uponor MLCP_Buis MLCP Thermo S6 blauw 50m:3409723,-
1ozauvCGHFgxHC9zf46_5Q,Pipe Types:Uponor MLCP_Buis MLCP Thermo S6 blauw 50m:3409727,-
1ozauvCGHFgxHC9zf46_v7,Pipe Types:Uponor MLCP_Buis MLCP Thermo S6 blauw 50m:3409954,-
1ozauvCGHFgxHC9zf46_v1,Pipe Types:Uponor MLCP_Buis MLCP Thermo S6 blauw 50m:3409956,-
1ozauvCGHFgxHC9zf46_vD,Pipe Types:Uponor MLCP_Buis MLCP Thermo S6 blauw 50m:3409960,-
1ozauvCGHFgxHC9zf46_zk,Pipe Types:Uponor MLCP_Buis MLCP Thermo S6 blauw 50m:3410187,-
1ozauvCGHFgxHC9zf46_ze,Pipe Types:Uponor MLCP_Buis MLCP Thermo S6 blauw 50m:3410189,-
1ozauvCGHFgxHC9zf46_zq,Pipe Types:Uponor MLCP_Buis MLCP Thermo S6 blauw 50m:3410193,-
1ozauvCGHFgxHC9zf46__H,Pipe Types:Uponor MLCP_Buis MLCP Thermo S6 blauw 50m:3410420,-
1ozauvCGHFgxHC9zf46__J,Pipe Types:Uponor MLCP_Buis MLCP Thermo S6 blauw 50m:3410422,-
1ozauvCGHFgxHC9zf46__V,Pipe Types:Uponor MLCP_Buis MLCP Thermo S6 blauw 50m:3410426,-
1ozauvCGHFgxHC9zf46_ou,Pipe Types:Uponor MLCP_Buis MLCP Thermo S6 blauw 50m:3410653,-
1ozauvCGHFgxHC9zf46_ow,Pipe Types:Uponor MLCP_Buis MLCP Thermo S6 blauw 50m:3410655,-
1ozauvCGHFgxHC9zf46_o6,Pipe Types:Uponor MLCP_Buis MLCP Thermo S6 blauw 50m:3410659,-
3x$GkbgnfC9QCSP_JqN9$r,Pipe Types:Uponor MLCP_Buis MLCP Thermo S6 blauw 50m:3422686,-
3x$GkbgnfC9QCSP_JqN9$B,Pipe Types:Uponor MLCP_Buis MLCP Thermo S6 blauw 50m:3422688,-
3x$GkbgnfC9QCSP_JqN9$F,Pipe Types:Uponor MLCP_Buis MLCP Thermo S6 blauw 50m:3422692,-
3x$GkbgnfC9QCSP_JqNERm,Pipe Types:Uponor MLCP_Buis MLCP Thermo S6 blauw 50m:3424475,-
3x$GkbgnfC9QCSP_JqNERs,Pipe Types:Uponor MLCP_Buis MLCP Thermo S6 blauw 50m:3424477,-
3x$GkbgnfC9QCSP_JqNERA,Pipe Types:Uponor MLCP_Buis MLCP Thermo S6 blauw 50m:3424481,-
2uzEct6_r9KvE9l88YDPtc,Pipe Types:Uponor MLCP_Buis MLCP Thermo S6 blauw 50m:3427983,-
2uzEct6_r9KvE9l88YDPtu,Pipe Types:Uponor MLCP_Buis MLCP Thermo S6 blauw 50m:3427985,-
2uzEct6_r9KvE9l88YDPty,Pipe Types:Uponor MLCP_Buis MLCP Thermo S6 blauw 50m:3427989,-
2uzEct6_r9KvE9l88YDR37,Pipe Types:Uponor MLCP_Buis MLCP Thermo S6 blauw 50m:3433390,-
2uzEct6_r9KvE9l88YDR3P,Pipe Types:Uponor MLCP_Buis MLCP Thermo S6 blauw 50m:3433392,-
2uzEct6_r9KvE9l88YDR3T,Pipe Types:Uponor MLCP_Buis MLCP Thermo S6 blauw 50m:3433396,-
2uzEct6_r9KvE9l88YDRVp,Pipe Types:Uponor MLCP_Buis MLCP Thermo S6 blauw 50m:3433626,-
2uzEct6_r9KvE9l88YDRVr,Pipe Types:Uponor MLCP_Buis MLCP Thermo S6 blauw 50m:3433628,-
2uzEct6_r9KvE9l88YDRV9,Pipe Types:Uponor MLCP_Buis MLCP Thermo S6 blauw 50m:3433632,-
2uzEct6_r9KvE9l88YDRRg,Pipe Types:Uponor MLCP_Buis MLCP Thermo S6 blauw 50m:3433859,-
2uzEct6_r9KvE9l88YDRRi,Pipe Types:Uponor MLCP_Buis MLCP Thermo S6 blauw 50m:3433861,-
2uzEct6_r9KvE9l88YDRRW,Pipe Types:Uponor MLCP_Buis MLCP Thermo S6 blauw 50m:3433865,-
2uzEct6_r9KvE9l88YDRK5,Pipe Types:Uponor MLCP_Buis MLCP Thermo S6 blauw 50m:3434092,-
2uzEct6_r9KvE9l88YDRK7,Pipe Types:Uponor MLCP_Buis MLCP Thermo S6 blauw 50m:3434094,-
2uzEct6_r9KvE9l88YDRKR,Pipe Types:Uponor MLCP_Buis MLCP Thermo S6 blauw 50m:3434098,-
2uzEct6_r9KvE9l88YDRGy,Pipe Types:Uponor MLCP_Buis MLCP Thermo S6 blauw 50m:3434325,-
2uzEct6_r9KvE9l88YDRG_,Pipe Types:Uponor MLCP_Buis MLCP Thermo S6 blauw 50m:3434327,-
2uzEct6_r9KvE9l88YDRGo,Pipe Types:Uponor MLCP_Buis MLCP Thermo S6 blauw 50m:3434331,-
2uzEct6_r9KvE9l88YDRjN,Pipe Types:Uponor MLCP_Buis MLCP Thermo S6 blauw 50m:3434558,-
2uzEct6_r9KvE9l88YDRif,Pipe Types:Uponor MLCP_Buis MLCP Thermo S6 blauw 50m:3434560,-
2uzEct6_r9KvE9l88YDRij,Pipe Types:Uponor MLCP_Buis MLCP Thermo S6 blauw 50m:3434564,-
2uzEct6_r9KvE9l88YDRfE,Pipe Types:Uponor MLCP_Buis MLCP Thermo S6 blauw 50m:3434791,-
2uzEct6_r9KvE9l88YDRf0,Pipe Types:Uponor MLCP_Buis MLCP Thermo S6 blauw 50m:3434793,-
2uzEct6_r9KvE9l88YDRf4,Pipe Types:Uponor MLCP_Buis MLCP Thermo S6 blauw 50m:3434797,-
2uzEct6_r9KvE9l88YDRbv,Pipe Types:Uponor MLCP_Buis MLCP Thermo S6 blauw 50m:3435024,-
2uzEct6_r9KvE9l88YDRbx,Pipe Types:Uponor MLCP_Buis MLCP Thermo S6 blauw 50m:3435026,-
2uzEct6_r9KvE9l88YDRb$,Pipe Types:Uponor MLCP_Buis MLCP Thermo S6 blauw 50m:3435030,-
2uzEct6_r9KvE9l88YDRcG,Pipe Types:Uponor MLCP_Buis MLCP Thermo S6 blauw 50m:3435257,-
2uzEct6_r9KvE9l88YDRcI,Pipe Types:Uponor MLCP_Buis MLCP Thermo S6 blauw 50m:3435259,-
2uzEct6_r9KvE9l88YDRcM,Pipe Types:Uponor MLCP_Buis MLCP Thermo S6 blauw 50m:3435263,-
2uzEct6_r9KvE9l88YDRYB,Pipe Types:Uponor MLCP_Buis MLCP Thermo S6 blauw 50m:3435490,-
2uzEct6_r9KvE9l88YDRYD,Pipe Types:Uponor MLCP_Buis MLCP Thermo S6 blauw 50m:3435492,-
2uzEct6_r9KvE9l88YDRY1,Pipe Types:Uponor MLCP_Buis MLCP Thermo S6 blauw 50m:3435496,-
2uzEct6_r9KvE9l88YDR_Y,Pipe Types:Uponor MLCP_Buis MLCP Thermo S6 blauw 50m:3435723,-
2uzEct6_r9KvE9l88YDR_a,Pipe Types:Uponor MLCP_Buis MLCP Thermo S6 blauw 50m:3435725,-
2uzEct6_r9KvE9l88YDR_u,Pipe Types:Uponor MLCP_Buis MLCP Thermo S6 blauw 50m:3435729,-
16cHRrxVzAGRZbye0o7h$z,Pipe Types:Uponor MLCP_Buis MLCP Thermo S6 blauw 50m:3437122,-
16cHRrxVzAGRZbye0o7h$x,Pipe Types:Uponor MLCP_Buis MLCP Thermo S6 blauw 50m:3437124,-
16cHRrxVzAGRZbye0o7h$t,Pipe Types:Uponor MLCP_Buis MLCP Thermo S6 blauw 50m:3437128,-
1p_GsOfKjEWhDriV8mZKcx,Pipe Types:Uponor MLCP_Buis MLCP Thermo S6 blauw 50m:3445791,-
1p_GsOfKjEWhDriV8mZKc3,Pipe Types:Uponor MLCP_Buis MLCP Thermo S6 blauw 50m:3445799,-
0CHDNniWn6PAZMfZvQwTNL,Pipe Types:Uponor MLCP_Buis MLCP Thermo S6 blauw 50m:3451562,-
0CHDNniWn6PAZMfZvQwTNJ,Pipe Types:Uponor MLCP_Buis MLCP Thermo S6 blauw 50m:3451564,-
0CHDNniWn6PAZMfZvQwTNF,Pipe Types:Uponor MLCP_Buis MLCP Thermo S6 blauw 50m:3451568,-
2hT29lj$D3xhie3PEqBr39,Pipe Types:Uponor MLCP_Buis MLCP Thermo S6 blauw 50m:3465793,-
2hT29lj$D3xhie3PEqBr3D,Pipe Types:Uponor MLCP_Buis MLCP Thermo S6 blauw 50m:3465797,-
2hT29lj$D3xhie3PEqBr6c,Pipe Types:Uponor MLCP_Buis MLCP Thermo S6 blauw 50m:3466030,-
2hT29lj$D3xhie3PEqBr6w,Pipe Types:Uponor MLCP_Buis MLCP Thermo S6 blauw 50m:3466034,-
2hT29lj$D3xhie3PEqBrQJ,Pipe Types:Uponor MLCP_Buis MLCP Thermo S6 blauw 50m:3466267,-
2hT29lj$D3xhie3PEqBrQN,Pipe Types:Uponor MLCP_Buis MLCP Thermo S6 blauw 50m:3466271,-
2hT29lj$D3xhie3PEqBrU0,Pipe Types:Uponor MLCP_Buis MLCP Thermo S6 blauw 50m:3466504,-
2hT29lj$D3xhie3PEqBrU4,Pipe Types:Uponor MLCP_Buis MLCP Thermo S6 blauw 50m:3466508,-
2hT29lj$D3xhie3PEqBrkS,Pipe Types:Uponor MLCP_Buis MLCP Thermo S6 blauw 50m:3467540,-
2hT29lj$D3xhie3PEqBrkG,Pipe Types:Uponor MLCP_Buis MLCP Thermo S6 blauw 50m:3467544,-
2hT29lj$D3xhie3PEqBrXU,Pipe Types:Uponor MLCP_Buis MLCP Thermo S6 blauw 50m:3467990,-
2hT29lj$D3xhie3PEqBrdS,Pipe Types:Uponor MLCP_Buis MLCP Thermo S6 blauw 50m:3468116,-
2hT29lj$D3xhie3PEqBrdI,Pipe Types:Uponor MLCP_Buis MLCP Thermo S6 blauw 50m:3468122,-
2hT29lj$D3xhie3PEqBrde,Pipe Types:Uponor MLCP_Buis MLCP Thermo S6 blauw 50m:3468128,-
2hT29lj$D3xhie3PEqBrdk,Pipe Types:Uponor MLCP_Buis MLCP Thermo S6 blauw 50m:3468134,-
2hT29lj$D3xhie3PEqBrda,Pipe Types:Uponor MLCP_Buis MLCP Thermo S6 blauw 50m:3468140,-
2hT29lj$D3xhie3PEqBrq_,Pipe Types:Uponor MLCP_Buis MLCP Thermo S6 blauw 50m:3469238,-
2hT29lj$D3xhie3PEqBrru,Pipe Types:Uponor MLCP_Buis MLCP Thermo S6 blauw 50m:3469296,-
2hT29lj$D3xhie3PEqBrr_,Pipe Types:Uponor MLCP_Buis MLCP Thermo S6 blauw 50m:3469302,-
3xVM8lGZrB280zPC1cWYMi,Pipe Types:Uponor MLCP_Buis MLCP Thermo S6 blauw 50m:3472028,-
3xVM8lGZrB280zPC1cWYMk,Pipe Types:Uponor MLCP_Buis MLCP Thermo S6 blauw 50m:3472030,-
3xVM8lGZrB280zPC1cWYMI,Pipe Types:Uponor MLCP_Buis MLCP Thermo S6 blauw 50m:3472034,-
3xVM8lGZrB280zPC1cWYIv,Pipe Types:Uponor MLCP_Buis MLCP Thermo S6 blauw 50m:3472265,-
3xVM8lGZrB280zPC1cWYIx,Pipe Types:Uponor MLCP_Buis MLCP Thermo S6 blauw 50m:3472267,-
3xVM8lGZrB280zPC1cWYI$,Pipe Types:Uponor MLCP_Buis MLCP Thermo S6 blauw 50m:3472271,-
3xVM8lGZrB280zPC1cWYD6,Pipe Types:Uponor MLCP_Buis MLCP Thermo S6 blauw 50m:3472502,-
3xVM8lGZrB280zPC1cWYD8,Pipe Types:Uponor MLCP_Buis MLCP Thermo S6 blauw 50m:3472504,-
3xVM8lGZrB280zPC1cWYDC,Pipe Types:Uponor MLCP_Buis MLCP Thermo S6 blauw 50m:3472508,-
3xVM8lGZrB280zPC1cWY9J,Pipe Types:Uponor MLCP_Buis MLCP Thermo S6 blauw 50m:3472739,-
3xVM8lGZrB280zPC1cWY9L,Pipe Types:Uponor MLCP_Buis MLCP Thermo S6 blauw 50m:3472741,-
3xVM8lGZrB280zPC1cWY9P,Pipe Types:Uponor MLCP_Buis MLCP Thermo S6 blauw 50m:3472745,-
3xVM8lGZrB280zPC1cWzoc,Pipe Types:Uponor MLCP_Buis MLCP Thermo S6 blauw 50m:3474326,-
3xVM8lGZrB280zPC1cWzoe,Pipe Types:Uponor MLCP_Buis MLCP Thermo S6 blauw 50m:3474328,-
3xVM8lGZrB280zPC1cWzoi,Pipe Types:Uponor MLCP_Buis MLCP Thermo S6 blauw 50m:3474332,-
0JByajTWv8TvJJGCB4ZusB,Pipe Types:Uponor MLCP_Buis MLCP Thermo S6 blauw 50m:3480707,-
0JByajTWv8TvJJGCB4ZusP,Pipe Types:Uponor MLCP_Buis MLCP Thermo S6 blauw 50m:3480721,-
0JByajTWv8TvJJGCB4Zutd,Pipe Types:Uponor MLCP_Buis MLCP Thermo S6 blauw 50m:3480815,-
0JByajTWv8TvJJGCB4ZunS,Pipe Types:Uponor MLCP_Buis MLCP Thermo S6 blauw 50m:3480916,-
0JByajTWv8TvJJGCB4Zung,Pipe Types:Uponor MLCP_Buis MLCP Thermo S6 blauw 50m:3480930,-
0JByajTWv8TvJJGCB4Zup8,Pipe Types:Uponor MLCP_Buis MLCP Thermo S6 blauw 50m:3481024,-
0JByajTWv8TvJJGCB4Zx2Q,Pipe Types:Uponor MLCP_Buis MLCP Thermo S6 blauw 50m:3482002,-
0JByajTWv8TvJJGCB4Zx2e,Pipe Types:Uponor MLCP_Buis MLCP Thermo S6 blauw 50m:3482016,-
0JByajTWv8TvJJGCB4Zx3s,Pipe Types:Uponor MLCP_Buis MLCP Thermo S6 blauw 50m:3482110,-
0JByajTWv8TvJJGCB4ZxDh,Pipe Types:Uponor MLCP_Buis MLCP Thermo S6 blauw 50m:3482211,-
0JByajTWv8TvJJGCB4ZxDv,Pipe Types:Uponor MLCP_Buis MLCP Thermo S6 blauw 50m:3482225,-
0JByajTWv8TvJJGCB4ZxF7,Pipe Types:Uponor MLCP_Buis MLCP Thermo S6 blauw 50m:3482319,-
0JByajTWv8TvJJGCB4ZxUS,Pipe Types:Uponor MLCP_Buis MLCP Thermo S6 blauw 50m:3483284,-
0JByajTWv8TvJJGCB4ZxUg,Pipe Types:Uponor MLCP_Buis MLCP Thermo S6 blauw 50m:3483298,-
0JByajTWv8TvJJGCB4ZxO8,Pipe Types:Uponor MLCP_Buis MLCP Thermo S6 blauw 50m:3483392,-
0JByajTWv8TvJJGCB4ZxPj,Pipe Types:Uponor MLCP_Buis MLCP Thermo S6 blauw 50m:3483493,-
0JByajTWv8TvJJGCB4ZxPx,Pipe Types:Uponor MLCP_Buis MLCP Thermo S6 blauw 50m:3483507,-
0JByajTWv8TvJJGCB4ZxRP,Pipe Types:Uponor MLCP_Buis MLCP Thermo S6 blauw 50m:3483601,-
0JByajTWv8TvJJGCB4ZxgP,Pipe Types:Uponor MLCP_Buis MLCP Thermo S6 blauw 50m:3484561,-
0JByajTWv8TvJJGCB4ZxgR,Pipe Types:Uponor MLCP_Buis MLCP Thermo S6 blauw 50m:3484563,-
0JByajTWv8TvJJGCB4ZxgH,Pipe Types:Uponor MLCP_Buis MLCP Thermo S6 blauw 50m:3484569,-
0JByajTWv8TvJJGCB4Zxrf,Pipe Types:Uponor MLCP_Buis MLCP Thermo S6 blauw 50m:3484769,-
0JByajTWv8TvJJGCB4Zxrh,Pipe Types:Uponor MLCP_Buis MLCP Thermo S6 blauw 50m:3484771,-
0JByajTWv8TvJJGCB4ZxrX,Pipe Types:Uponor MLCP_Buis MLCP Thermo S6 blauw 50m:3484777,-
0JByajTWv8TvJJGCB4Zw5z,Pipe Types:Uponor MLCP_Buis MLCP Thermo S6 blauw 50m:3485813,-
0JByajTWv8TvJJGCB4Zw5$,Pipe Types:Uponor MLCP_Buis MLCP Thermo S6 blauw 50m:3485815,-
0JByajTWv8TvJJGCB4Zw5r,Pipe Types:Uponor MLCP_Buis MLCP Thermo S6 blauw 50m:3485821,-
0JByajTWv8TvJJGCB4Zw1D,Pipe Types:Uponor MLCP_Buis MLCP Thermo S6 blauw 50m:3486021,-
0JByajTWv8TvJJGCB4Zw1F,Pipe Types:Uponor MLCP_Buis MLCP Thermo S6 blauw 50m:3486023,-
0JByajTWv8TvJJGCB4Zw15,Pipe Types:Uponor MLCP_Buis MLCP Thermo S6 blauw 50m:3486029,-
0JByajTWv8TvJJGCB4ZwHK,Pipe Types:Uponor MLCP_Buis MLCP Thermo S6 blauw 50m:3487068,-
0JByajTWv8TvJJGCB4ZwHM,Pipe Types:Uponor MLCP_Buis MLCP Thermo S6 blauw 50m:3487070,-
0JByajTWv8TvJJGCB4ZwHi,Pipe Types:Uponor MLCP_Buis MLCP Thermo S6 blauw 50m:3487076,-
0JByajTWv8TvJJGCB4ZwSa,Pipe Types:Uponor MLCP_Buis MLCP Thermo S6 blauw 50m:3487276,-
0JByajTWv8TvJJGCB4ZwSc,Pipe Types:Uponor MLCP_Buis MLCP Thermo S6 blauw 50m:3487278,-
0JByajTWv8TvJJGCB4ZwSy,Pipe Types:Uponor MLCP_Buis MLCP Thermo S6 blauw 50m:3487284,-
3g_QrARW1EwRsS5TUfV66g,Pipe Types:Uponor MLCP_Buis MLCP Thermo S6 blauw 50m:3495786,-
3g_QrARW1EwRsS5TUfV66i,Pipe Types:Uponor MLCP_Buis MLCP Thermo S6 blauw 50m:3495788,-
3g_QrARW1EwRsS5TUfV66m,Pipe Types:Uponor MLCP_Buis MLCP Thermo S6 blauw 50m:3495792,-
365bG0TCL9W9T7bV52OtdZ,Pipe Types:Uponor MLCP_Buis MLCP Thermo S6 blauw 50m:3503183,-
365bG0TCL9W9T7bV52Otdz,Pipe Types:Uponor MLCP_Buis MLCP Thermo S6 blauw 50m:3503185,-
365bG0TCL9W9T7bV52Otdv,Pipe Types:Uponor MLCP_Buis MLCP Thermo S6 blauw 50m:3503189,-
365bG0TCL9W9T7bV52OueN,Pipe Types:Uponor MLCP_Buis MLCP Thermo S6 blauw 50m:3508155,-
365bG0TCL9W9T7bV52OueH,Pipe Types:Uponor MLCP_Buis MLCP Thermo S6 blauw 50m:3508157,-
365bG0TCL9W9T7bV52Oufj,Pipe Types:Uponor MLCP_Buis MLCP Thermo S6 blauw 50m:3508161,-
365bG0TCL9W9T7bV52OuLk,Pipe Types:Uponor MLCP_Buis MLCP Thermo S6 blauw 50m:3508418,-
365bG0TCL9W9T7bV52OuLe,Pipe Types:Uponor MLCP_Buis MLCP Thermo S6 blauw 50m:3508420,-
365bG0TCL9W9T7bV52OuLa,Pipe Types:Uponor MLCP_Buis MLCP Thermo S6 blauw 50m:3508424,-
2ZYf_pOc51jx4lNS$01GjB,Pipe Types:Uponor MLCP_Buis MLCP Thermo S6 blauw 50m:3509794,-
2ZYf_pOc51jx4lNS$01GjD,Pipe Types:Uponor MLCP_Buis MLCP Thermo S6 blauw 50m:3509796,-
2ZYf_pOc51jx4lNS$01Gj1,Pipe Types:Uponor MLCP_Buis MLCP Thermo S6 blauw 50m:3509800,-
2ZYf_pOc51jx4lNS$01GfC,Pipe Types:Uponor MLCP_Buis MLCP Thermo S6 blauw 50m:3510053,-
2ZYf_pOc51jx4lNS$01GfE,Pipe Types:Uponor MLCP_Buis MLCP Thermo S6 blauw 50m:3510055,-
2ZYf_pOc51jx4lNS$01Gf2,Pipe Types:Uponor MLCP_Buis MLCP Thermo S6 blauw 50m:3510059,-
3KXBG6FMb799yvnryVGaY4,Pipe Types:Uponor MLCP_Buis MLCP Thermo S6 blauw 50m:3517306,-
3KXBG6FMb799yvnryVGaY2,Pipe Types:Uponor MLCP_Buis MLCP Thermo S6 blauw 50m:3517308,-
3KXBG6FMb799yvnryVGaX_,Pipe Types:Uponor MLCP_Buis MLCP Thermo S6 blauw 50m:3517312,-
3KXBG6FMb799yvnryVGYgT,Pipe Types:Uponor MLCP_Buis MLCP Thermo S6 blauw 50m:3524963,-
3KXBG6FMb799yvnryVGYgR,Pipe Types:Uponor MLCP_Buis MLCP Thermo S6 blauw 50m:3524965,-
3KXBG6FMb799yvnryVGYgN,Pipe Types:Uponor MLCP_Buis MLCP Thermo S6 blauw 50m:3524969,-
3KXBG6FMb799yvnryVGZDx,Pipe Types:Uponor MLCP_Buis MLCP Thermo S6 blauw 50m:3526789,-
3KXBG6FMb799yvnryVGZDv,Pipe Types:Uponor MLCP_Buis MLCP Thermo S6 blauw 50m:3526791,-
3KXBG6FMb799yvnryVGZDr,Pipe Types:Uponor MLCP_Buis MLCP Thermo S6 blauw 50m:3526795,-
3KXBG6FMb799yvnryVGZ9W,Pipe Types:Uponor MLCP_Buis MLCP Thermo S6 blauw 50m:3527070,-
3KXBG6FMb799yvnryVGZ9U,Pipe Types:Uponor MLCP_Buis MLCP Thermo S6 blauw 50m:3527072,-
3KXBG6FMb799yvnryVGZ9Q,Pipe Types:Uponor MLCP_Buis MLCP Thermo S6 blauw 50m:3527076,-
3KXBG6FMb799yvnryVGZGo,Pipe Types:Uponor MLCP_Buis MLCP Thermo S6 blauw 50m:3528652,-
3KXBG6FMb799yvnryVGZGm,Pipe Types:Uponor MLCP_Buis MLCP Thermo S6 blauw 50m:3528654,-
3KXBG6FMb799yvnryVGZGi,Pipe Types:Uponor MLCP_Buis MLCP Thermo S6 blauw 50m:3528658,-
3KXBG6FMb799yvnryVGZij,Pipe Types:Uponor MLCP_Buis MLCP Thermo S6 blauw 50m:3528915,-
3KXBG6FMb799yvnryVGZih,Pipe Types:Uponor MLCP_Buis MLCP Thermo S6 blauw 50m:3528917,-
3KXBG6FMb799yvnryVGZid,Pipe Types:Uponor MLCP_Buis MLCP Thermo S6 blauw 50m:3528921,-
0$vkK3wTfFMuOTo$8Ddwne,Pipe Types:Uponor MLCP_Buis MLCP Thermo S6 blauw 50m:3534206,-
0$vkK3wTfFMuOTo$8DdwoQ,Pipe Types:Uponor MLCP_Buis MLCP Thermo S6 blauw 50m:3534220,-
0$vkK3wTfFMuOTo$8Ddwpy,Pipe Types:Uponor MLCP_Buis MLCP Thermo S6 blauw 50m:3534314,-
0$vkK3wTfFMuOTo$8Ddwxb,Pipe Types:Uponor MLCP_Buis MLCP Thermo S6 blauw 50m:3534835,-
0$vkK3wTfFMuOTo$8Ddx4N,Pipe Types:Uponor MLCP_Buis MLCP Thermo S6 blauw 50m:3534849,-
0$vkK3wTfFMuOTo$8Ddx59,Pipe Types:Uponor MLCP_Buis MLCP Thermo S6 blauw 50m:3534943,-
0$vkK3wTfFMuOTo$8DdxPU,Pipe Types:Uponor MLCP_Buis MLCP Thermo S6 blauw 50m:3536712,-
0$vkK3wTfFMuOTo$8DdxP0,Pipe Types:Uponor MLCP_Buis MLCP Thermo S6 blauw 50m:3536726,-
0$vkK3wTfFMuOTo$8DdxQY,Pipe Types:Uponor MLCP_Buis MLCP Thermo S6 blauw 50m:3536820,-
0$vkK3wTfFMuOTo$8DdxaF,Pipe Types:Uponor MLCP_Buis MLCP Thermo S6 blauw 50m:3536921,-
0$vkK3wTfFMuOTo$8Ddxan,Pipe Types:Uponor MLCP_Buis MLCP Thermo S6 blauw 50m:3536935,-
0$vkK3wTfFMuOTo$8DdxcJ,Pipe Types:Uponor MLCP_Buis MLCP Thermo S6 blauw 50m:3537029,-
0$vkK3wTfFMuOTo$8Dd4R7,Pipe Types:Uponor MLCP_Buis MLCP Thermo S6 blauw 50m:3540945,-
0$vkK3wTfFMuOTo$8Dd4R9,Pipe Types:Uponor MLCP_Buis MLCP Thermo S6 blauw 50m:3540959,-
0$vkK3wTfFMuOTo$8Dd4ah,Pipe Types:Uponor MLCP_Buis MLCP Thermo S6 blauw 50m:3541053,-
0$vkK3wTfFMuOTo$8Dd4cq,Pipe Types:Uponor MLCP_Buis MLCP Thermo S6 blauw 50m:3541154,-
0$vkK3wTfFMuOTo$8Dd4cc,Pipe Types:Uponor MLCP_Buis MLCP Thermo S6 blauw 50m:3541168,-
0$vkK3wTfFMuOTo$8Dd4WO,Pipe Types:Uponor MLCP_Buis MLCP Thermo S6 blauw 50m:3541262,-
3yHAyniWL0rAAqbiS6DHzD,Pipe Types:Uponor MLCP_Buis MLCP Thermo S6 blauw 50m:3543046,-
3yHAyniWL0rAAqbiS6DHz3,Pipe Types:Uponor MLCP_Buis MLCP Thermo S6 blauw 50m:3543048,-
3yHAyniWL0rAAqbiS6DHz5,Pipe Types:Uponor MLCP_Buis MLCP Thermo S6 blauw 50m:3543054,-
3yHAyniWL0rAAqbiS6DH_T,Pipe Types:Uponor MLCP_Buis MLCP Thermo S6 blauw 50m:3543254,-
3yHAyniWL0rAAqbiS6DH_J,Pipe Types:Uponor MLCP_Buis MLCP Thermo S6 blauw 50m:3543256,-
3yHAyniWL0rAAqbiS6DH_L,Pipe Types:Uponor MLCP_Buis MLCP Thermo S6 blauw 50m:3543262,-
3yHAyniWL0rAAqbiS6DHxj,Pipe Types:Uponor MLCP_Buis MLCP Thermo S6 blauw 50m:3543462,-
3yHAyniWL0rAAqbiS6DHxZ,Pipe Types:Uponor MLCP_Buis MLCP Thermo S6 blauw 50m:3543464,-
3yHAyniWL0rAAqbiS6DHxb,Pipe Types:Uponor MLCP_Buis MLCP Thermo S6 blauw 50m:3543470,-
3yHAyniWL0rAAqbiS6DIlJ,Pipe Types:Uponor MLCP_Buis MLCP Thermo S6 blauw 50m:3548312,-
3yHAyniWL0rAAqbiS6DIlH,Pipe Types:Uponor MLCP_Buis MLCP Thermo S6 blauw 50m:3548314,-
3yHAyniWL0rAAqbiS6DIlh,Pipe Types:Uponor MLCP_Buis MLCP Thermo S6 blauw 50m:3548320,-
3yHAyniWL0rAAqbiS6DIex,Pipe Types:Uponor MLCP_Buis MLCP Thermo S6 blauw 50m:3548528,-
3yHAyniWL0rAAqbiS6DIev,Pipe Types:Uponor MLCP_Buis MLCP Thermo S6 blauw 50m:3548530,-
3yHAyniWL0rAAqbiS6DIep,Pipe Types:Uponor MLCP_Buis MLCP Thermo S6 blauw 50m:3548536,-
0ZcSYtdFr9zw0dIkpdaCtK,Pipe Types:Uponor MLCP_Buis MLCP Thermo S6 blauw 50m:3555005,-
0ZcSYtdFr9zw0dIkpdaCsi,Pipe Types:Uponor MLCP_Buis MLCP Thermo S6 blauw 50m:3555013,-
0ZcSYtdFr9zw0dIkpdaCsY,Pipe Types:Uponor MLCP_Buis MLCP Thermo S6 blauw 50m:3555019,-
2FgvnmQcX2bh$jLuFZeVXv,Pipe Types:Uponor MLCP_Buis MLCP Thermo S6 blauw 50m:3559574,-
2FgvnmQcX2bh$jLuFZeVXr,Pipe Types:Uponor MLCP_Buis MLCP Thermo S6 blauw 50m:3559578,-
2FgvnmQcX2bh$jLuFZeVXn,Pipe Types:Uponor MLCP_Buis MLCP Thermo S6 blauw 50m:3559582,-
2I4NgicpDCAxSK_gG5HSFf,Pipe Types:Uponor MLCP_Buis MLCP Thermo S6 blauw 50m:3596037,-
2I4NgicpDCAxSK_gG5HSFX,Pipe Types:Uponor MLCP_Buis MLCP Thermo S6 blauw 50m:3596045,-
2I4NgicpDCAxSK_gG5HSF$,Pipe Types:Uponor MLCP_Buis MLCP Thermo S6 blauw 50m:3596051,-
2tgMtQ3B97Cfoszug62Bqq,Pipe Types:Uponor MLCP_Buis MLCP Thermo S6 blauw 50m:3600548,-
2tgMtQ3B97Cfoszug62Bqu,Pipe Types:Uponor MLCP_Buis MLCP Thermo S6 blauw 50m:3600552,-
2tgMtQ3B97Cfoszug62Bqy,Pipe Types:Uponor MLCP_Buis MLCP Thermo S6 blauw 50m:3600556,-
0Mw$q2v5T4396buyzI9Yzs,Pipe Types:Uponor MLCP_Buis MLCP Thermo S6 blauw 50m:3605509,-
0Mw$q2v5T4396buyzI9Yz_,Pipe Types:Uponor MLCP_Buis MLCP Thermo S6 blauw 50m:3605517,-
0Mw$q2v5T4396buyzI9YzY,Pipe Types:Uponor MLCP_Buis MLCP Thermo S6 blauw 50m:3605521,-
0LGkUeZCf5_84yCewvaCkH,Pipe Types:Uponor MLCP_Buis MLCP Thermo S6 blauw 50m:3608767,-
0LGkUeZCf5_84yCewvaClj,Pipe Types:Uponor MLCP_Buis MLCP Thermo S6 blauw 50m:3608771,-
0LGkUeZCf5_84yCewvaClh,Pipe Types:Uponor MLCP_Buis MLCP Thermo S6 blauw 50m:3608773,-
1sGFLQ7J1CVh2MsFnz0JoL,Pipe Types:Uponor MLCP_Buis MLCP Thermo S6 blauw 50m:3610881,-
1sGFLQ7J1CVh2MsFnz0JoH,Pipe Types:Uponor MLCP_Buis MLCP Thermo S6 blauw 50m:3610885,-
1sGFLQ7J1CVh2MsFnz0JoT,Pipe Types:Uponor MLCP_Buis MLCP Thermo S6 blauw 50m:3610889,-
1sGFLQ7J1CVh2MsFnz0JbJ,Pipe Types:Uponor MLCP_Buis MLCP Thermo S6 blauw 50m:3611847,-
1sGFLQ7J1CVh2MsFnz0JbV,Pipe Types:Uponor MLCP_Buis MLCP Thermo S6 blauw 50m:3611851,-
1sGFLQ7J1CVh2MsFnz0JbR,Pipe Types:Uponor MLCP_Buis MLCP Thermo S6 blauw 50m:3611855,-
1q_Gab$_D8tubXihaSX87V,Pipe Types:Uponor MLCP_Buis MLCP Thermo S6 blauw 50m:3616964,-
1q_Gab$_D8tubXihaSX87J,Pipe Types:Uponor MLCP_Buis MLCP Thermo S6 blauw 50m:3616968,-
1q_Gab$_D8tubXihaSX87N,Pipe Types:Uponor MLCP_Buis MLCP Thermo S6 blauw 50m:3616972,-
1dcI9nt4j5DwH3yFI38273,Pipe Types:Uponor MLCP_Buis MLCP Thermo S6 blauw 50m:3620000,-
1dcI9nt4j5DwH3yFI38277,Pipe Types:Uponor MLCP_Buis MLCP Thermo S6 blauw 50m:3620004,-
1dcI9nt4j5DwH3yFI38275,Pipe Types:Uponor MLCP_Buis MLCP Thermo S6 blauw 50m:3620006,-
1dcI9nt4j5DwH3yFI385vZ,Pipe Types:Uponor MLCP_Buis MLCP Thermo S6 blauw 50m:3621632,-
1dcI9nt4j5DwH3yFI385vd,Pipe Types:Uponor MLCP_Buis MLCP Thermo S6 blauw 50m:3621636,-
1dcI9nt4j5DwH3yFI385vh,Pipe Types:Uponor MLCP_Buis MLCP Thermo S6 blauw 50m:3621640,-
0QoXnYrSP23wZbVcPb4NFB,Pipe Types:Uponor MLCP_Buis MLCP Thermo S6 blauw 50m:3622888,-
0QoXnYrSP23wZbVcPb4NFF,Pipe Types:Uponor MLCP_Buis MLCP Thermo S6 blauw 50m:3622892,-
0QoXnYrSP23wZbVcPb4NFJ,Pipe Types:Uponor MLCP_Buis MLCP Thermo S6 blauw 50m:3622896,-
0BnSB8KCL1i96PRZ4EABk2,Pipe Types:Uponor MLCP_Buis MLCP Thermo S6 blauw 50m:3623057,-
0BnSB8KCL1i96PRZ4EABk0,Pipe Types:Uponor MLCP_Buis MLCP Thermo S6 blauw 50m:3623059,-
0BnSB8KCL1i96PRZ4EABk4,Pipe Types:Uponor MLCP_Buis MLCP Thermo S6 blauw 50m:3623063,-
2uNOuyVrz7OOo78YFaNR8U,Pipe Types:Uponor MLCP_Buis MLCP Thermo S6 blauw 50m:3637612,-
2uNOuyVrz7OOo78YFaNR8S,Pipe Types:Uponor MLCP_Buis MLCP Thermo S6 blauw 50m:3637614,-
2uNOuyVrz7OOo78YFaNR80,Pipe Types:Uponor MLCP_Buis MLCP Thermo S6 blauw 50m:3637618,-
3jdPwafhrDTBVNp9R3B1sH,Pipe Types:Uponor MLCP_Buis MLCP Thermo S6 blauw 50m:3640965,-
3jdPwafhrDTBVNp9R3B1sJ,Pipe Types:Uponor MLCP_Buis MLCP Thermo S6 blauw 50m:3640967,-
3jdPwafhrDTBVNp9R3B1sV,Pipe Types:Uponor MLCP_Buis MLCP Thermo S6 blauw 50m:3640971,-
07fJu0U5j3fBm8vgmk7d5j,Pipe Types:Uponor MLCP_Buis MLCP Thermo S6 blauw 50m:3641365,-
07fJu0U5j3fBm8vgmk7d5l,Pipe Types:Uponor MLCP_Buis MLCP Thermo S6 blauw 50m:3641367,-
07fJu0U5j3fBm8vgmk7d5Z,Pipe Types:Uponor MLCP_Buis MLCP Thermo S6 blauw 50m:3641371,-
1u7Hb2R0v4oOiId326cX2o,Pipe Types:Uponor MLCP_Buis MLCP Thermo S6 blauw 50m:3672797,-
1u7Hb2R0v4oOiId326cX2R,Pipe Types:Uponor MLCP_Buis MLCP Thermo S6 blauw 50m:3672820,-
18YJIyk$v0gATUb0UK8Znx,Pipe Types:Uponor MLCP_Leiding wit 100m:3207385,-
18YJIyk$v0gATUb0UK8ZZX,Pipe Types:Uponor MLCP_Leiding wit 100m:3208259,-
1w8OnqC9j6AOvpteOrw9ec,Pipe Types:Uponor MLCP_Leiding wit 100m:3217409,-
1w8OnqC9j6AOvpteOrw9ng,Pipe Types:Uponor MLCP_Leiding wit 100m:3219021,-
1w8OnqC9j6AOvpteOrw9nG,Pipe Types:Uponor MLCP_Leiding wit 100m:3219063,-
1w8OnqC9j6AOvpteOrw9o$,Pipe Types:Uponor MLCP_Leiding wit 100m:3219096,-
1Jtu2ZSRj7ixPADHCRTFOn,Pipe Types:Uponor MLCP_Leiding wit 100m:3223091,-
1Jtu2ZSRj7ixPADHCRTFQk,Pipe Types:Uponor MLCP_Leiding wit 100m:3223212,-
2Mgv72x1LFXuRml_QqOTCB,Pipe Types:Uponor MLCP_Leiding wit 100m:3225136,-
2Mgv72x1LFXuRml_QqOTnr,Pipe Types:Uponor MLCP_Leiding wit 100m:3225934,-
2Mgv72x1LFXuRml_QqOQr3,Pipe Types:Uponor MLCP_Leiding wit 100m:3229816,-
2Mgv72x1LFXuRml_QqOQpr,Pipe Types:Uponor MLCP_Leiding wit 100m:3230158,-
2Mgv72x1LFXuRml_QqOQwn,Pipe Types:Uponor MLCP_Leiding wit 100m:3230602,-
2Mgv72x1LFXuRml_QqOQwU,Pipe Types:Uponor MLCP_Leiding wit 100m:3230629,-
2Mgv72x1LFXuRml_QqOQar,Pipe Types:Uponor MLCP_Leiding wit 100m:3230734,-
2Mgv72x1LFXuRml_QqOQa4,Pipe Types:Uponor MLCP_Leiding wit 100m:3230783,-
2Mgv72x1LFXuRml_QqOQco,Pipe Types:Uponor MLCP_Leiding wit 100m:3230857,-
2Mgv72x1LFXuRml_QqOQWU,Pipe Types:Uponor MLCP_Leiding wit 100m:3231013,-
2Mgv72x1LFXuRml_QqOQkq,Pipe Types:Uponor MLCP_Leiding wit 100m:3231375,-
3SqnuGzYD0p92AVdYgOmNS,Pipe Types:Uponor MLCP_Leiding wit 100m:3284254,-
3SqnuGzYD0p92AVdYgOmMt,Pipe Types:Uponor MLCP_Leiding wit 100m:3284341,-
3SqnuGzYD0p92AVdYgOmQD,Pipe Types:Uponor MLCP_Leiding wit 100m:3284559,-
3SqnuGzYD0p92AVdYgOmPu,Pipe Types:Uponor MLCP_Leiding wit 100m:3284666,-
3QSFFEYDr97xgJPPLBRdMd,Pipe Types:Uponor MLCP_Leiding wit 100m:3286836,-
3QSFFEYDr97xgJPPLBRdMl,Pipe Types:Uponor MLCP_Leiding wit 100m:3286844,-
3QSFFEYDr97xgJPPLBRdNL,Pipe Types:Uponor MLCP_Leiding wit 100m:3286854,-
3QSFFEYDr97xgJPPLBRdhu,Pipe Types:Uponor MLCP_Leiding wit 100m:3287147,-
3QSFFEYDr97xgJPPLBRdhY,Pipe Types:Uponor MLCP_Leiding wit 100m:3287153,-
3QSFFEYDr97xgJPPLBRdiw,Pipe Types:Uponor MLCP_Leiding wit 100m:3287465,-
3QSFFEYDr97xgJPPLBRdbu,Pipe Types:Uponor MLCP_Leiding wit 100m:3288043,-
168712pn15GRoAWsKj4io8,Pipe Types:Uponor MLCP_Leiding wit 100m:3293453,-
168712pn15GRoAWsKj4ioI,Pipe Types:Uponor MLCP_Leiding wit 100m:3293463,-
1q5XdzkM1CpupZv1Mk4RGM,Pipe Types:Uponor MLCP_Leiding wit 100m:3303424,-
1q5XdzkM1CpupZv1Mk4RGJ,Pipe Types:Uponor MLCP_Leiding wit 100m:3303429,-
1q5XdzkM1CpupZv1Mk4RRO,Pipe Types:Uponor MLCP_Leiding wit 100m:3304142,-
1q5XdzkM1CpupZv1Mk4R1Z,Pipe Types:Uponor MLCP_Leiding wit 100m:3304565,-
1q5XdzkM1CpupZv1Mk4R7C,Pipe Types:Uponor MLCP_Leiding wit 100m:3304922,-
1q5XdzkM1CpupZv1Mk4R7a,Pipe Types:Uponor MLCP_Leiding wit 100m:3304946,-
1q5XdzkM1CpupZv1Mk4R7i,Pipe Types:Uponor MLCP_Leiding wit 100m:3304954,-
1q5XdzkM1CpupZv1Mk4QsH,Pipe Types:Uponor MLCP_Leiding wit 100m:3305863,-
1q5XdzkM1CpupZv1Mk4QsV,Pipe Types:Uponor MLCP_Leiding wit 100m:3305865,-
1q5XdzkM1CpupZv1Mk4QsP,Pipe Types:Uponor MLCP_Leiding wit 100m:3305871,-
3lj$IBREv4kvIFsfU0q7TJ,Pipe Types:Uponor MLCP_Leiding wit 100m:3307601,-
3lj$IBREv4kvIFsfU0q7Q8,Pipe Types:Uponor MLCP_Leiding wit 100m:3307914,-
3lj$IBREv4kvIFsfU0q7GO,Pipe Types:Uponor MLCP_Leiding wit 100m:3308314,-
3lj$IBREv4kvIFsfU0q7GW,Pipe Types:Uponor MLCP_Leiding wit 100m:3308322,-
3lj$IBREv4kvIFsfU0q7Go,Pipe Types:Uponor MLCP_Leiding wit 100m:3308336,-
3lj$IBREv4kvIFsfU0q7IX,Pipe Types:Uponor MLCP_Leiding wit 100m:3308451,-
3lj$IBREv4kvIFsfU0q7DW,Pipe Types:Uponor MLCP_Leiding wit 100m:3308642,-
3lj$IBREv4kvIFsfU0q7E1,Pipe Types:Uponor MLCP_Leiding wit 100m:3308675,-
3lj$IBREv4kvIFsfU0q7E9,Pipe Types:Uponor MLCP_Leiding wit 100m:3308683,-
0tYNHZFYnFZ860$pAOV4i9,Pipe Types:Uponor MLCP_Leiding wit 100m:3308778,-
0tYNHZFYnFZ860$pAOV4fO,Pipe Types:Uponor MLCP_Leiding wit 100m:3308987,-
0tYNHZFYnFZ860$pAOV4bU,Pipe Types:Uponor MLCP_Leiding wit 100m:3309245,-
0tYNHZFYnFZ860$pAOVBS2,Pipe Types:Uponor MLCP_Leiding wit 100m:3309793,-
0tYNHZFYnFZ860$pAOVBO6,Pipe Types:Uponor MLCP_Leiding wit 100m:3310053,-
0tYNHZFYnFZ860$pAOVBEJ,Pipe Types:Uponor MLCP_Leiding wit 100m:3310704,-
0tYNHZFYnFZ860$pAOVB8Z,Pipe Types:Uponor MLCP_Leiding wit 100m:3311040,-
0tYNHZFYnFZ860$pAOVB6V,Pipe Types:Uponor MLCP_Leiding wit 100m:3311228,-
0tYNHZFYnFZ860$pAOVB5X,Pipe Types:Uponor MLCP_Leiding wit 100m:3311234,-
0tYNHZFYnFZ860$pAOVB2l,Pipe Types:Uponor MLCP_Leiding wit 100m:3311436,-
0tYNHZFYnFZ860$pAOVB2Q,Pipe Types:Uponor MLCP_Leiding wit 100m:3311481,-
0tYNHZFYnFZ860$pAOVB$k,Pipe Types:Uponor MLCP_Leiding wit 100m:3311629,-
0tYNHZFYnFZ860$pAOVBsT,Pipe Types:Uponor MLCP_Leiding wit 100m:3312254,-
0tYNHZFYnFZ860$pAOVBrb,Pipe Types:Uponor MLCP_Leiding wit 100m:3312262,-
0tYNHZFYnFZ860$pAOVBr2,Pipe Types:Uponor MLCP_Leiding wit 100m:3312289,-
0tYNHZFYnFZ860$pAOVBrA,Pipe Types:Uponor MLCP_Leiding wit 100m:3312297,-
0tYNHZFYnFZ860$pAOVBmq,Pipe Types:Uponor MLCP_Leiding wit 100m:3312599,-
0tYNHZFYnFZ860$pAOVBl6,Pipe Types:Uponor MLCP_Leiding wit 100m:3312677,-
0tYNHZFYnFZ860$pAOVBlM,Pipe Types:Uponor MLCP_Leiding wit 100m:3312693,-
0tYNHZFYnFZ860$pAOVBkh,Pipe Types:Uponor MLCP_Leiding wit 100m:3312712,-
32qqtAZN1A8816l8V7bhlx,Pipe Types:Uponor MLCP_Leiding wit 100m:3312785,-
32qqtAZN1A8816l8V7bhlP,Pipe Types:Uponor MLCP_Leiding wit 100m:3312819,-
32qqtAZN1A8816l8V7bhlH,Pipe Types:Uponor MLCP_Leiding wit 100m:3312827,-
32qqtAZN1A8816l8V7bhgQ,Pipe Types:Uponor MLCP_Leiding wit 100m:3313136,-
32qqtAZN1A8816l8V7bhgS,Pipe Types:Uponor MLCP_Leiding wit 100m:3313142,-
32qqtAZN1A8816l8V7bhYy,Pipe Types:Uponor MLCP_Leiding wit 100m:3313622,-
32qqtAZN1A8816l8V7bhYs,Pipe Types:Uponor MLCP_Leiding wit 100m:3313628,-
32qqtAZN1A8816l8V7bgPl,Pipe Types:Uponor MLCP_Leiding wit 100m:3313925,-
32qqtAZN1A8816l8V7bgNp,Pipe Types:Uponor MLCP_Leiding wit 100m:3314329,-
32qqtAZN1A8816l8V7bgNJ,Pipe Types:Uponor MLCP_Leiding wit 100m:3314361,-
32qqtAZN1A8816l8V7bgDo,Pipe Types:Uponor MLCP_Leiding wit 100m:3314712,-
32qqtAZN1A8816l8V7bgCV,Pipe Types:Uponor MLCP_Leiding wit 100m:3314805,-
32qqtAZN1A8816l8V7bgFf,Pipe Types:Uponor MLCP_Leiding wit 100m:3314819,-
32qqtAZN1A8816l8V7bg8U,Pipe Types:Uponor MLCP_Leiding wit 100m:3315060,-
32qqtAZN1A8816l8V7bgB1,Pipe Types:Uponor MLCP_Leiding wit 100m:3315115,-
32qqtAZN1A8816l8V7bg5D,Pipe Types:Uponor MLCP_Leiding wit 100m:3315239,-
32qqtAZN1A8816l8V7bg5I,Pipe Types:Uponor MLCP_Leiding wit 100m:3315256,-
32qqtAZN1A8816l8V7bg4U,Pipe Types:Uponor MLCP_Leiding wit 100m:3315316,-
32qqtAZN1A8816l8V7bg4M,Pipe Types:Uponor MLCP_Leiding wit 100m:3315324,-
32qqtAZN1A8816l8V7bg6k,Pipe Types:Uponor MLCP_Leiding wit 100m:3315396,-
3bjIGqL_v8k94hae5oQ2bf,Pipe Types:Uponor MLCP_Leiding wit 100m:3316905,-
1vwKsZxY557Pbvey3zpzjj,Pipe Types:Uponor MLCP_Leiding wit 100m:3318775,-
1vwKsZxY557Pbvey3zpzjb,Pipe Types:Uponor MLCP_Leiding wit 100m:3318783,-
1vwKsZxY557Pbvey3zpzoU,Pipe Types:Uponor MLCP_Leiding wit 100m:3318788,-
1vwKsZxY557Pbvey3zpzoS,Pipe Types:Uponor MLCP_Leiding wit 100m:3318790,-
1vwKsZxY557Pbvey3zpzoG,Pipe Types:Uponor MLCP_Leiding wit 100m:3318794,-
1vwKsZxY557Pbvey3zpzoM,Pipe Types:Uponor MLCP_Leiding wit 100m:3318796,-
1vwKsZxY557Pbvey3zpzoB,Pipe Types:Uponor MLCP_Leiding wit 100m:3318801,-
1vwKsZxY557Pbvey3zpzoE,Pipe Types:Uponor MLCP_Leiding wit 100m:3318804,-
1vwKsZxY557Pbvey3zpzow,Pipe Types:Uponor MLCP_Leiding wit 100m:3318816,-
1vwKsZxY557Pbvey3zpzo_,Pipe Types:Uponor MLCP_Leiding wit 100m:3318820,-
1vwKsZxY557Pbvey3zpzoy,Pipe Types:Uponor MLCP_Leiding wit 100m:3318822,-
1vwKsZxY557Pbvey3zpzog,Pipe Types:Uponor MLCP_Leiding wit 100m:3318832,-
1vwKsZxY557Pbvey3zpzp2,Pipe Types:Uponor MLCP_Leiding wit 100m:3318872,-
1vwKsZxY557Pbvey3zpzp_,Pipe Types:Uponor MLCP_Leiding wit 100m:3318884,-
1vwKsZxY557Pbvey3zpzpg,Pipe Types:Uponor MLCP_Leiding wit 100m:3318896,-
1vwKsZxY557Pbvey3zpzmI,Pipe Types:Uponor MLCP_Leiding wit 100m:3318920,-
1vwKsZxY557Pbvey3zpzmt,Pipe Types:Uponor MLCP_Leiding wit 100m:3318957,-
1vwKsZxY557Pbvey3zpzmr,Pipe Types:Uponor MLCP_Leiding wit 100m:3318959,-
0REvqIbJPEWucSW7ihpIq9,Pipe Types:Uponor MLCP_Leiding wit 100m:3319845,-
0REvqIbJPEWucSW7ihpIq7,Pipe Types:Uponor MLCP_Leiding wit 100m:3319851,-
0REvqIbJPEWucSW7ihpIqV,Pipe Types:Uponor MLCP_Leiding wit 100m:3319859,-
0REvqIbJPEWucSW7ihpIqM,Pipe Types:Uponor MLCP_Leiding wit 100m:3319866,-
0REvqIbJPEWucSW7ihpIqI,Pipe Types:Uponor MLCP_Leiding wit 100m:3319870,-
0REvqIbJPEWucSW7ihpIri,Pipe Types:Uponor MLCP_Leiding wit 100m:3319872,-
0REvqIbJPEWucSW7ihpIrf,Pipe Types:Uponor MLCP_Leiding wit 100m:3319877,-
0REvqIbJPEWucSW7ihpIra,Pipe Types:Uponor MLCP_Leiding wit 100m:3319880,-
0REvqIbJPEWucSW7ihpIrd,Pipe Types:Uponor MLCP_Leiding wit 100m:3319883,-
0REvqIbJPEWucSW7ihpIrY,Pipe Types:Uponor MLCP_Leiding wit 100m:3319886,-
0REvqIbJPEWucSW7ihpIru,Pipe Types:Uponor MLCP_Leiding wit 100m:3319892,-
0REvqIbJPEWucSW7ihpIrq,Pipe Types:Uponor MLCP_Leiding wit 100m:3319896,-
0REvqIbJPEWucSW7ihpIrs,Pipe Types:Uponor MLCP_Leiding wit 100m:3319898,-
0REvqIbJPEWucSW7ihpIro,Pipe Types:Uponor MLCP_Leiding wit 100m:3319902,-
0REvqIbJPEWucSW7ihpIrC,Pipe Types:Uponor MLCP_Leiding wit 100m:3319904,-
0REvqIbJPEWucSW7ihpIr8,Pipe Types:Uponor MLCP_Leiding wit 100m:3319908,-
0REvqIbJPEWucSW7ihpIr4,Pipe Types:Uponor MLCP_Leiding wit 100m:3319912,-
0REvqIbJPEWucSW7ihpIr6,Pipe Types:Uponor MLCP_Leiding wit 100m:3319914,-
0REvqIbJPEWucSW7ihpIr2,Pipe Types:Uponor MLCP_Leiding wit 100m:3319918,-
0REvqIbJPEWucSW7ihpIrU,Pipe Types:Uponor MLCP_Leiding wit 100m:3319922,-
0REvqIbJPEWucSW7ihpIrP,Pipe Types:Uponor MLCP_Leiding wit 100m:3319925,-
0REvqIbJPEWucSW7ihpIrK,Pipe Types:Uponor MLCP_Leiding wit 100m:3319928,-
0REvqIbJPEWucSW7ihpIsk,Pipe Types:Uponor MLCP_Leiding wit 100m:3319938,-
0REvqIbJPEWucSW7ihpIsa,Pipe Types:Uponor MLCP_Leiding wit 100m:3319944,-
0REvqIbJPEWucSW7ihpIsW,Pipe Types:Uponor MLCP_Leiding wit 100m:3319948,-
0REvqIbJPEWucSW7ihpIsz,Pipe Types:Uponor MLCP_Leiding wit 100m:3319953,-
0REvqIbJPEWucSW7ihpIsq,Pipe Types:Uponor MLCP_Leiding wit 100m:3319960,-
0REvqIbJPEWucSW7ihpIss,Pipe Types:Uponor MLCP_Leiding wit 100m:3319962,-
0REvqIbJPEWucSW7ihpIso,Pipe Types:Uponor MLCP_Leiding wit 100m:3319966,-
0REvqIbJPEWucSW7ihpIs8,Pipe Types:Uponor MLCP_Leiding wit 100m:3319972,-
0REvqIbJPEWucSW7ihpIsA,Pipe Types:Uponor MLCP_Leiding wit 100m:3319974,-
0REvqIbJPEWucSW7ihpIs1,Pipe Types:Uponor MLCP_Leiding wit 100m:3319981,-
0REvqIbJPEWucSW7ihpIsG,Pipe Types:Uponor MLCP_Leiding wit 100m:3319996,-
0REvqIbJPEWucSW7ihpItD,Pipe Types:Uponor MLCP_Leiding wit 100m:3320033,-
0REvqIbJPEWucSW7ihpItF,Pipe Types:Uponor MLCP_Leiding wit 100m:3320035,-
0REvqIbJPEWucSW7ihpItB,Pipe Types:Uponor MLCP_Leiding wit 100m:3320039,-
0REvqIbJPEWucSW7ihpIt7,Pipe Types:Uponor MLCP_Leiding wit 100m:3320043,-
0REvqIbJPEWucSW7ihpIt1,Pipe Types:Uponor MLCP_Leiding wit 100m:3320045,-
0REvqIbJPEWucSW7ihpIyL,Pipe Types:Uponor MLCP_Leiding wit 100m:3320377,-
0REvqIbJPEWucSW7ihpJrL,Pipe Types:Uponor MLCP_Leiding wit 100m:3324025,-
0REvqIbJPEWucSW7ihpJrJ,Pipe Types:Uponor MLCP_Leiding wit 100m:3324031,-
0REvqIbJPEWucSW7ihpJsh,Pipe Types:Uponor MLCP_Leiding wit 100m:3324039,-
0REvqIbJPEWucSW7ihpJsY,Pipe Types:Uponor MLCP_Leiding wit 100m:3324046,-
0REvqIbJPEWucSW7ihpJs_,Pipe Types:Uponor MLCP_Leiding wit 100m:3324050,-
0REvqIbJPEWucSW7ihpJsu,Pipe Types:Uponor MLCP_Leiding wit 100m:3324052,-
0REvqIbJPEWucSW7ihpJsr,Pipe Types:Uponor MLCP_Leiding wit 100m:3324057,-
0REvqIbJPEWucSW7ihpJsm,Pipe Types:Uponor MLCP_Leiding wit 100m:3324060,-
0REvqIbJPEWucSW7ihpJsp,Pipe Types:Uponor MLCP_Leiding wit 100m:3324063,-
0REvqIbJPEWucSW7ihpJsE,Pipe Types:Uponor MLCP_Leiding wit 100m:3324066,-
0REvqIbJPEWucSW7ihpJs4,Pipe Types:Uponor MLCP_Leiding wit 100m:3324072,-
0REvqIbJPEWucSW7ihpJs0,Pipe Types:Uponor MLCP_Leiding wit 100m:3324076,-
0REvqIbJPEWucSW7ihpJs2,Pipe Types:Uponor MLCP_Leiding wit 100m:3324078,-
0REvqIbJPEWucSW7ihpJsU,Pipe Types:Uponor MLCP_Leiding wit 100m:3324082,-
0REvqIbJPEWucSW7ihpJsO,Pipe Types:Uponor MLCP_Leiding wit 100m:3324084,-
0REvqIbJPEWucSW7ihpJsK,Pipe Types:Uponor MLCP_Leiding wit 100m:3324088,-
0REvqIbJPEWucSW7ihpJsG,Pipe Types:Uponor MLCP_Leiding wit 100m:3324092,-
0REvqIbJPEWucSW7ihpJsI,Pipe Types:Uponor MLCP_Leiding wit 100m:3324094,-
0REvqIbJPEWucSW7ihpJtk,Pipe Types:Uponor MLCP_Leiding wit 100m:3324098,-
0REvqIbJPEWucSW7ihpJtg,Pipe Types:Uponor MLCP_Leiding wit 100m:3324102,-
0REvqIbJPEWucSW7ihpJtb,Pipe Types:Uponor MLCP_Leiding wit 100m:3324105,-
0REvqIbJPEWucSW7ihpJtW,Pipe Types:Uponor MLCP_Leiding wit 100m:3324108,-
0REvqIbJPEWucSW7ihpJtw,Pipe Types:Uponor MLCP_Leiding wit 100m:3324118,-
0REvqIbJPEWucSW7ihpJtm,Pipe Types:Uponor MLCP_Leiding wit 100m:3324124,-
0REvqIbJPEWucSW7ihpJtC,Pipe Types:Uponor MLCP_Leiding wit 100m:3324128,-
0REvqIbJPEWucSW7ihpJt9,Pipe Types:Uponor MLCP_Leiding wit 100m:3324133,-
0REvqIbJPEWucSW7ihpJt0,Pipe Types:Uponor MLCP_Leiding wit 100m:3324140,-
0REvqIbJPEWucSW7ihpJt2,Pipe Types:Uponor MLCP_Leiding wit 100m:3324142,-
0REvqIbJPEWucSW7ihpJtU,Pipe Types:Uponor MLCP_Leiding wit 100m:3324146,-
0REvqIbJPEWucSW7ihpJtK,Pipe Types:Uponor MLCP_Leiding wit 100m:3324152,-
0REvqIbJPEWucSW7ihpJtM,Pipe Types:Uponor MLCP_Leiding wit 100m:3324154,-
0REvqIbJPEWucSW7ihpJmj,Pipe Types:Uponor MLCP_Leiding wit 100m:3324161,-
0REvqIbJPEWucSW7ihpJmy,Pipe Types:Uponor MLCP_Leiding wit 100m:3324176,-
0REvqIbJPEWucSW7ihpJmP,Pipe Types:Uponor MLCP_Leiding wit 100m:3324213,-
0REvqIbJPEWucSW7ihpJmR,Pipe Types:Uponor MLCP_Leiding wit 100m:3324215,-
0REvqIbJPEWucSW7ihpJmN,Pipe Types:Uponor MLCP_Leiding wit 100m:3324219,-
0REvqIbJPEWucSW7ihpJmJ,Pipe Types:Uponor MLCP_Leiding wit 100m:3324223,-
0REvqIbJPEWucSW7ihpJnj,Pipe Types:Uponor MLCP_Leiding wit 100m:3324225,-
0REvqIbJPEWucSW7ihpJnB,Pipe Types:Uponor MLCP_Leiding wit 100m:3324263,-
0REvqIbJPEWucSW7ihpJn1,Pipe Types:Uponor MLCP_Leiding wit 100m:3324269,-
0REvqIbJPEWucSW7ihpJnP,Pipe Types:Uponor MLCP_Leiding wit 100m:3324277,-
0REvqIbJPEWucSW7ihpJnG,Pipe Types:Uponor MLCP_Leiding wit 100m:3324284,-
0REvqIbJPEWucSW7ihpJoi,Pipe Types:Uponor MLCP_Leiding wit 100m:3324288,-
0REvqIbJPEWucSW7ihpJok,Pipe Types:Uponor MLCP_Leiding wit 100m:3324290,-
0REvqIbJPEWucSW7ihpJoh,Pipe Types:Uponor MLCP_Leiding wit 100m:3324295,-
0REvqIbJPEWucSW7ihpJoc,Pipe Types:Uponor MLCP_Leiding wit 100m:3324298,-
0REvqIbJPEWucSW7ihpJoX,Pipe Types:Uponor MLCP_Leiding wit 100m:3324301,-
0REvqIbJPEWucSW7ihpJoy,Pipe Types:Uponor MLCP_Leiding wit 100m:3324304,-
0REvqIbJPEWucSW7ihpJow,Pipe Types:Uponor MLCP_Leiding wit 100m:3324310,-
0REvqIbJPEWucSW7ihpJos,Pipe Types:Uponor MLCP_Leiding wit 100m:3324314,-
0REvqIbJPEWucSW7ihpJom,Pipe Types:Uponor MLCP_Leiding wit 100m:3324316,-
0REvqIbJPEWucSW7ihpJoC,Pipe Types:Uponor MLCP_Leiding wit 100m:3324320,-
0REvqIbJPEWucSW7ihpJoE,Pipe Types:Uponor MLCP_Leiding wit 100m:3324322,-
0REvqIbJPEWucSW7ihpJoA,Pipe Types:Uponor MLCP_Leiding wit 100m:3324326,-
0REvqIbJPEWucSW7ihpJo6,Pipe Types:Uponor MLCP_Leiding wit 100m:3324330,-
0REvqIbJPEWucSW7ihpJo0,Pipe Types:Uponor MLCP_Leiding wit 100m:3324332,-
0REvqIbJPEWucSW7ihpJoS,Pipe Types:Uponor MLCP_Leiding wit 100m:3324336,-
0REvqIbJPEWucSW7ihpJoO,Pipe Types:Uponor MLCP_Leiding wit 100m:3324340,-
0REvqIbJPEWucSW7ihpJoR,Pipe Types:Uponor MLCP_Leiding wit 100m:3324343,-
0REvqIbJPEWucSW7ihpJoM,Pipe Types:Uponor MLCP_Leiding wit 100m:3324346,-
0REvqIbJPEWucSW7ihpJpe,Pipe Types:Uponor MLCP_Leiding wit 100m:3324356,-
0REvqIbJPEWucSW7ihpJpc,Pipe Types:Uponor MLCP_Leiding wit 100m:3324362,-
0REvqIbJPEWucSW7ihpJpY,Pipe Types:Uponor MLCP_Leiding wit 100m:3324366,-
0REvqIbJPEWucSW7ihpJp$,Pipe Types:Uponor MLCP_Leiding wit 100m:3324371,-
0REvqIbJPEWucSW7ihpJps,Pipe Types:Uponor MLCP_Leiding wit 100m:3324378,-
0REvqIbJPEWucSW7ihpJpm,Pipe Types:Uponor MLCP_Leiding wit 100m:3324380,-
0REvqIbJPEWucSW7ihpJpC,Pipe Types:Uponor MLCP_Leiding wit 100m:3324384,-
0REvqIbJPEWucSW7ihpJpA,Pipe Types:Uponor MLCP_Leiding wit 100m:3324390,-
0REvqIbJPEWucSW7ihpJp4,Pipe Types:Uponor MLCP_Leiding wit 100m:3324392,-
0REvqIbJPEWucSW7ihpJp3,Pipe Types:Uponor MLCP_Leiding wit 100m:3324399,-
0REvqIbJPEWucSW7ihpJpI,Pipe Types:Uponor MLCP_Leiding wit 100m:3324414,-
0REvqIbJPEWucSW7ihpJyF,Pipe Types:Uponor MLCP_Leiding wit 100m:3324451,-
0REvqIbJPEWucSW7ihpJy9,Pipe Types:Uponor MLCP_Leiding wit 100m:3324453,-
0REvqIbJPEWucSW7ihpJy5,Pipe Types:Uponor MLCP_Leiding wit 100m:3324457,-
0REvqIbJPEWucSW7ihpJy1,Pipe Types:Uponor MLCP_Leiding wit 100m:3324461,-
0REvqIbJPEWucSW7ihpJy3,Pipe Types:Uponor MLCP_Leiding wit 100m:3324463,-
0REvqIbJPEWucSW7ihpJzP,Pipe Types:Uponor MLCP_Leiding wit 100m:3324533,-
0REvqIbJPEWucSW7ihpJzN,Pipe Types:Uponor MLCP_Leiding wit 100m:3324539,-
0REvqIbJPEWucSW7ihpJ_l,Pipe Types:Uponor MLCP_Leiding wit 100m:3324547,-
0REvqIbJPEWucSW7ihpJ_c,Pipe Types:Uponor MLCP_Leiding wit 100m:3324554,-
0REvqIbJPEWucSW7ihpJ_Y,Pipe Types:Uponor MLCP_Leiding wit 100m:3324558,-
0REvqIbJPEWucSW7ihpJ_y,Pipe Types:Uponor MLCP_Leiding wit 100m:3324560,-
0REvqIbJPEWucSW7ihpJ_q,Pipe Types:Uponor MLCP_Leiding wit 100m:3324568,-
0REvqIbJPEWucSW7ihpJ_t,Pipe Types:Uponor MLCP_Leiding wit 100m:3324571,-
0REvqIbJPEWucSW7ihpJ_F,Pipe Types:Uponor MLCP_Leiding wit 100m:3324579,-
0REvqIbJPEWucSW7ihpJ_A,Pipe Types:Uponor MLCP_Leiding wit 100m:3324582,-
0REvqIbJPEWucSW7ihpJ_6,Pipe Types:Uponor MLCP_Leiding wit 100m:3324586,-
0REvqIbJPEWucSW7ihpJ_0,Pipe Types:Uponor MLCP_Leiding wit 100m:3324588,-
0REvqIbJPEWucSW7ihpJ_S,Pipe Types:Uponor MLCP_Leiding wit 100m:3324592,-
0REvqIbJPEWucSW7ihpJ_U,Pipe Types:Uponor MLCP_Leiding wit 100m:3324594,-
0REvqIbJPEWucSW7ihpJ_Q,Pipe Types:Uponor MLCP_Leiding wit 100m:3324598,-
0REvqIbJPEWucSW7ihpJ_M,Pipe Types:Uponor MLCP_Leiding wit 100m:3324602,-
0REvqIbJPEWucSW7ihpJ_I,Pipe Types:Uponor MLCP_Leiding wit 100m:3324606,-
0REvqIbJPEWucSW7ihpJ$a,Pipe Types:Uponor MLCP_Leiding wit 100m:3324616,-
0REvqIbJPEWucSW7ihpJ$y,Pipe Types:Uponor MLCP_Leiding wit 100m:3324624,-
0REvqIbJPEWucSW7ihpJ$s,Pipe Types:Uponor MLCP_Leiding wit 100m:3324634,-
0REvqIbJPEWucSW7ihpJ$C,Pipe Types:Uponor MLCP_Leiding wit 100m:3324640,-
0REvqIbJPEWucSW7ihpJ$8,Pipe Types:Uponor MLCP_Leiding wit 100m:3324644,-
0REvqIbJPEWucSW7ihpJ$5,Pipe Types:Uponor MLCP_Leiding wit 100m:3324649,-
0REvqIbJPEWucSW7ihpJ$O,Pipe Types:Uponor MLCP_Leiding wit 100m:3324660,-
0REvqIbJPEWucSW7ihpJ$Q,Pipe Types:Uponor MLCP_Leiding wit 100m:3324662,-
0REvqIbJPEWucSW7ihpJ$M,Pipe Types:Uponor MLCP_Leiding wit 100m:3324666,-
0REvqIbJPEWucSW7ihpJui,Pipe Types:Uponor MLCP_Leiding wit 100m:3324672,-
0REvqIbJPEWucSW7ihpJuk,Pipe Types:Uponor MLCP_Leiding wit 100m:3324674,-
0REvqIbJPEWucSW7ihpJub,Pipe Types:Uponor MLCP_Leiding wit 100m:3324681,-
0REvqIbJPEWucSW7ihpJuq,Pipe Types:Uponor MLCP_Leiding wit 100m:3324696,-
0REvqIbJPEWucSW7ihpJu0,Pipe Types:Uponor MLCP_Leiding wit 100m:3324716,-
0REvqIbJPEWucSW7ihpJu2,Pipe Types:Uponor MLCP_Leiding wit 100m:3324718,-
0REvqIbJPEWucSW7ihpJvx,Pipe Types:Uponor MLCP_Leiding wit 100m:3324759,-
0REvqIbJPEWucSW7ihpJvn,Pipe Types:Uponor MLCP_Leiding wit 100m:3324765,-
0REvqIbJPEWucSW7ihpJv9,Pipe Types:Uponor MLCP_Leiding wit 100m:3324773,-
0REvqIbJPEWucSW7ihpJv0,Pipe Types:Uponor MLCP_Leiding wit 100m:3324780,-
0REvqIbJPEWucSW7ihpJvS,Pipe Types:Uponor MLCP_Leiding wit 100m:3324784,-
0REvqIbJPEWucSW7ihpJvU,Pipe Types:Uponor MLCP_Leiding wit 100m:3324786,-
0REvqIbJPEWucSW7ihpJvM,Pipe Types:Uponor MLCP_Leiding wit 100m:3324794,-
0REvqIbJPEWucSW7ihpJvH,Pipe Types:Uponor MLCP_Leiding wit 100m:3324797,-
0REvqIbJPEWucSW7ihpJwf,Pipe Types:Uponor MLCP_Leiding wit 100m:3324805,-
0REvqIbJPEWucSW7ihpJwa,Pipe Types:Uponor MLCP_Leiding wit 100m:3324808,-
0REvqIbJPEWucSW7ihpJwW,Pipe Types:Uponor MLCP_Leiding wit 100m:3324812,-
0REvqIbJPEWucSW7ihpJwY,Pipe Types:Uponor MLCP_Leiding wit 100m:3324814,-
0REvqIbJPEWucSW7ihpJw_,Pipe Types:Uponor MLCP_Leiding wit 100m:3324818,-
0REvqIbJPEWucSW7ihpJwu,Pipe Types:Uponor MLCP_Leiding wit 100m:3324820,-
0REvqIbJPEWucSW7ihpJwq,Pipe Types:Uponor MLCP_Leiding wit 100m:3324824,-
0REvqIbJPEWucSW7ihpJwm,Pipe Types:Uponor MLCP_Leiding wit 100m:3324828,-
0REvqIbJPEWucSW7ihpJwC,Pipe Types:Uponor MLCP_Leiding wit 100m:3324832,-
0REvqIbJPEWucSW7ihpJw6,Pipe Types:Uponor MLCP_Leiding wit 100m:3324842,-
0REvqIbJPEWucSW7ihpJwU,Pipe Types:Uponor MLCP_Leiding wit 100m:3324850,-
0REvqIbJPEWucSW7ihpJwG,Pipe Types:Uponor MLCP_Leiding wit 100m:3324860,-
0REvqIbJPEWucSW7ihpJxk,Pipe Types:Uponor MLCP_Leiding wit 100m:3324866,-
0REvqIbJPEWucSW7ihpJxg,Pipe Types:Uponor MLCP_Leiding wit 100m:3324870,-
0REvqIbJPEWucSW7ihpJxd,Pipe Types:Uponor MLCP_Leiding wit 100m:3324875,-
0REvqIbJPEWucSW7ihpJxw,Pipe Types:Uponor MLCP_Leiding wit 100m:3324886,-
0REvqIbJPEWucSW7ihpJxq,Pipe Types:Uponor MLCP_Leiding wit 100m:3324888,-
0REvqIbJPEWucSW7ihpJxm,Pipe Types:Uponor MLCP_Leiding wit 100m:3324892,-
0REvqIbJPEWucSW7ihpJxE,Pipe Types:Uponor MLCP_Leiding wit 100m:3324898,-
0REvqIbJPEWucSW7ihpJx8,Pipe Types:Uponor MLCP_Leiding wit 100m:3324900,-
0REvqIbJPEWucSW7ihpJx7,Pipe Types:Uponor MLCP_Leiding wit 100m:3324907,-
0REvqIbJPEWucSW7ihpJxM,Pipe Types:Uponor MLCP_Leiding wit 100m:3324922,-
0REvqIbJPEWucSW7ihpJaY,Pipe Types:Uponor MLCP_Leiding wit 100m:3324942,-
0REvqIbJPEWucSW7ihpJay,Pipe Types:Uponor MLCP_Leiding wit 100m:3324944,-
1KuKi3ZI50c8NHOeFHvEjj,Pipe Types:Uponor MLCP_Leiding wit 100m:3328854,-
1KuKi3ZI50c8NHOeFHvEjd,Pipe Types:Uponor MLCP_Leiding wit 100m:3328860,-
1KuKi3ZI50c8NHOeFHvEq7,Pipe Types:Uponor MLCP_Leiding wit 100m:3329340,-
1KuKi3ZI50c8NHOeFHvEwd,Pipe Types:Uponor MLCP_Leiding wit 100m:3329692,-
1KuKi3ZI50c8NHOeFHvExc,Pipe Types:Uponor MLCP_Leiding wit 100m:3329757,-
1KuKi3ZI50c8NHOeFHvExO,Pipe Types:Uponor MLCP_Leiding wit 100m:3329763,-
1KuKi3ZI50c8NHOeFHvEy6,Pipe Types:Uponor MLCP_Leiding wit 100m:3329853,-
1ysMZq5ST7IhH08FUFCE6L,Pipe Types:Uponor MLCP_Leiding wit 100m:3334505,-
1ysMZq5ST7IhH08FUFCE6N,Pipe Types:Uponor MLCP_Leiding wit 100m:3334507,-
1ysMZq5ST7IhH08FUFCEQ5,Pipe Types:Uponor MLCP_Leiding wit 100m:3335801,-
1ysMZq5ST7IhH08FUFCEQ3,Pipe Types:Uponor MLCP_Leiding wit 100m:3335807,-
1ysMZq5ST7IhH08FUFCEPu,Pipe Types:Uponor MLCP_Leiding wit 100m:3335812,-
1ysMZq5ST7IhH08FUFCEPq,Pipe Types:Uponor MLCP_Leiding wit 100m:3335816,-
1ysMZq5ST7IhH08FUFCEPs,Pipe Types:Uponor MLCP_Leiding wit 100m:3335818,-
1ysMZq5ST7IhH08FUFCEPp,Pipe Types:Uponor MLCP_Leiding wit 100m:3335823,-
1ysMZq5ST7IhH08FUFCEPk,Pipe Types:Uponor MLCP_Leiding wit 100m:3335826,-
1ysMZq5ST7IhH08FUFCEPa,Pipe Types:Uponor MLCP_Leiding wit 100m:3335832,-
1ysMZq5ST7IhH08FUFCEPc,Pipe Types:Uponor MLCP_Leiding wit 100m:3335834,-
1ysMZq5ST7IhH08FUFCEPW,Pipe Types:Uponor MLCP_Leiding wit 100m:3335836,-
1ysMZq5ST7IhH08FUFCEPS,Pipe Types:Uponor MLCP_Leiding wit 100m:3335840,-
1ysMZq5ST7IhH08FUFCEPU,Pipe Types:Uponor MLCP_Leiding wit 100m:3335842,-
1ysMZq5ST7IhH08FUFCEPQ,Pipe Types:Uponor MLCP_Leiding wit 100m:3335846,-
1ysMZq5ST7IhH08FUFCEPK,Pipe Types:Uponor MLCP_Leiding wit 100m:3335848,-
1ysMZq5ST7IhH08FUFCEPM,Pipe Types:Uponor MLCP_Leiding wit 100m:3335850,-
1ysMZq5ST7IhH08FUFCEP4,Pipe Types:Uponor MLCP_Leiding wit 100m:3335864,-
1ysMZq5ST7IhH08FUFCEP6,Pipe Types:Uponor MLCP_Leiding wit 100m:3335866,-
1ysMZq5ST7IhH08FUFCEP0,Pipe Types:Uponor MLCP_Leiding wit 100m:3335868,-
1ysMZq5ST7IhH08FUFCEP2,Pipe Types:Uponor MLCP_Leiding wit 100m:3335870,-
1ysMZq5ST7IhH08FUFCEOu,Pipe Types:Uponor MLCP_Leiding wit 100m:3335876,-
1ysMZq5ST7IhH08FUFCEOe,Pipe Types:Uponor MLCP_Leiding wit 100m:3335892,-
1ysMZq5ST7IhH08FUFCEOJ,Pipe Types:Uponor MLCP_Leiding wit 100m:3335919,-
1ysMZq5ST7IhH08FUFCEO6,Pipe Types:Uponor MLCP_Leiding wit 100m:3335930,-
1ysMZq5ST7IhH08FUFCEO2,Pipe Types:Uponor MLCP_Leiding wit 100m:3335934,-
1ysMZq5ST7IhH08FUFCEV_,Pipe Types:Uponor MLCP_Leiding wit 100m:3335938,-
1ysMZq5ST7IhH08FUFCEVu,Pipe Types:Uponor MLCP_Leiding wit 100m:3335940,-
1ysMZq5ST7IhH08FUFCEVW,Pipe Types:Uponor MLCP_Leiding wit 100m:3335964,-
1ysMZq5ST7IhH08FUFCEVU,Pipe Types:Uponor MLCP_Leiding wit 100m:3335970,-
1ysMZq5ST7IhH08FUFCEVR,Pipe Types:Uponor MLCP_Leiding wit 100m:3335975,-
1ysMZq5ST7IhH08FUFCEVN,Pipe Types:Uponor MLCP_Leiding wit 100m:3335979,-
1ysMZq5ST7IhH08FUFCEVH,Pipe Types:Uponor MLCP_Leiding wit 100m:3335981,-
1ysMZq5ST7IhH08FUFCEVE,Pipe Types:Uponor MLCP_Leiding wit 100m:3335986,-
1ysMZq5ST7IhH08FUFCEV9,Pipe Types:Uponor MLCP_Leiding wit 100m:3335989,-
1ysMZq5ST7IhH08FUFCEV7,Pipe Types:Uponor MLCP_Leiding wit 100m:3335995,-
1ysMZq5ST7IhH08FUFCEV1,Pipe Types:Uponor MLCP_Leiding wit 100m:3335997,-
1ysMZq5ST7IhH08FUFCEV3,Pipe Types:Uponor MLCP_Leiding wit 100m:3335999,-
1ysMZq5ST7IhH08FUFCEU$,Pipe Types:Uponor MLCP_Leiding wit 100m:3336003,-
1ysMZq5ST7IhH08FUFCEUv,Pipe Types:Uponor MLCP_Leiding wit 100m:3336005,-
1ysMZq5ST7IhH08FUFCEUr,Pipe Types:Uponor MLCP_Leiding wit 100m:3336009,-
1ysMZq5ST7IhH08FUFCEUt,Pipe Types:Uponor MLCP_Leiding wit 100m:3336011,-
1ysMZq5ST7IhH08FUFCEUn,Pipe Types:Uponor MLCP_Leiding wit 100m:3336013,-
1ysMZq5ST7IhH08FUFCEUd,Pipe Types:Uponor MLCP_Leiding wit 100m:3336027,-
1ysMZq5ST7IhH08FUFCEUX,Pipe Types:Uponor MLCP_Leiding wit 100m:3336029,-
1ysMZq5ST7IhH08FUFCEUZ,Pipe Types:Uponor MLCP_Leiding wit 100m:3336031,-
1ysMZq5ST7IhH08FUFCEUT,Pipe Types:Uponor MLCP_Leiding wit 100m:3336033,-
1ysMZq5ST7IhH08FUFCEUR,Pipe Types:Uponor MLCP_Leiding wit 100m:3336039,-
1ysMZq5ST7IhH08FUFCEUB,Pipe Types:Uponor MLCP_Leiding wit 100m:3336055,-
1ysMZq5ST7IhH08FUFCETk,Pipe Types:Uponor MLCP_Leiding wit 100m:3336082,-
1ysMZq5ST7IhH08FUFCETX,Pipe Types:Uponor MLCP_Leiding wit 100m:3336093,-
1ysMZq5ST7IhH08FUFCETT,Pipe Types:Uponor MLCP_Leiding wit 100m:3336097,-
1ysMZq5ST7IhH08FUFCETP,Pipe Types:Uponor MLCP_Leiding wit 100m:3336101,-
1ysMZq5ST7IhH08FUFCETR,Pipe Types:Uponor MLCP_Leiding wit 100m:3336103,-
1ysMZq5ST7IhH08FUFCEZN,Pipe Types:Uponor MLCP_Leiding wit 100m:3336235,-
1ysMZq5ST7IhH08FUFCEZD,Pipe Types:Uponor MLCP_Leiding wit 100m:3336241,-
1ysMZq5ST7IhH08FUFCEZ8,Pipe Types:Uponor MLCP_Leiding wit 100m:3336244,-
1ysMZq5ST7IhH08FUFCEZA,Pipe Types:Uponor MLCP_Leiding wit 100m:3336246,-
1ysMZq5ST7IhH08FUFCEZ6,Pipe Types:Uponor MLCP_Leiding wit 100m:3336250,-
1ysMZq5ST7IhH08FUFCEZ0,Pipe Types:Uponor MLCP_Leiding wit 100m:3336252,-
1ysMZq5ST7IhH08FUFCEYz,Pipe Types:Uponor MLCP_Leiding wit 100m:3336257,-
1ysMZq5ST7IhH08FUFCEYu,Pipe Types:Uponor MLCP_Leiding wit 100m:3336260,-
1ysMZq5ST7IhH08FUFCEYs,Pipe Types:Uponor MLCP_Leiding wit 100m:3336266,-
1ysMZq5ST7IhH08FUFCEYm,Pipe Types:Uponor MLCP_Leiding wit 100m:3336268,-
1ysMZq5ST7IhH08FUFCEYo,Pipe Types:Uponor MLCP_Leiding wit 100m:3336270,-
1ysMZq5ST7IhH08FUFCEYk,Pipe Types:Uponor MLCP_Leiding wit 100m:3336274,-
1ysMZq5ST7IhH08FUFCEYe,Pipe Types:Uponor MLCP_Leiding wit 100m:3336276,-
1ysMZq5ST7IhH08FUFCEYa,Pipe Types:Uponor MLCP_Leiding wit 100m:3336280,-
1ysMZq5ST7IhH08FUFCEYc,Pipe Types:Uponor MLCP_Leiding wit 100m:3336282,-
1ysMZq5ST7IhH08FUFCEYW,Pipe Types:Uponor MLCP_Leiding wit 100m:3336284,-
1ysMZq5ST7IhH08FUFCEYD,Pipe Types:Uponor MLCP_Leiding wit 100m:3336305,-
1ysMZq5ST7IhH08FUFCEYF,Pipe Types:Uponor MLCP_Leiding wit 100m:3336307,-
1ysMZq5ST7IhH08FUFCEY9,Pipe Types:Uponor MLCP_Leiding wit 100m:3336309,-
1ysMZq5ST7IhH08FUFCEY3,Pipe Types:Uponor MLCP_Leiding wit 100m:3336319,-
1ysMZq5ST7IhH08FUFCEXu,Pipe Types:Uponor MLCP_Leiding wit 100m:3336324,-
1ysMZq5ST7IhH08FUFCEXr,Pipe Types:Uponor MLCP_Leiding wit 100m:3336329,-
1ysMZq5ST7IhH08FUFCEXi,Pipe Types:Uponor MLCP_Leiding wit 100m:3336336,-
1ysMZq5ST7IhH08FUFCEXl,Pipe Types:Uponor MLCP_Leiding wit 100m:3336339,-
1ysMZq5ST7IhH08FUFCEXa,Pipe Types:Uponor MLCP_Leiding wit 100m:3336344,-
1ysMZq5ST7IhH08FUFCEXd,Pipe Types:Uponor MLCP_Leiding wit 100m:3336347,-
1ysMZq5ST7IhH08FUFCEX4,Pipe Types:Uponor MLCP_Leiding wit 100m:3336376,-
1ysMZq5ST7IhH08FUFCEX6,Pipe Types:Uponor MLCP_Leiding wit 100m:3336378,-
1ysMZq5ST7IhH08FUFCEdw,Pipe Types:Uponor MLCP_Leiding wit 100m:3336454,-
1ysMZq5ST7IhH08FUFCEdm,Pipe Types:Uponor MLCP_Leiding wit 100m:3336460,-
1ysMZq5ST7IhH08FUFCEdp,Pipe Types:Uponor MLCP_Leiding wit 100m:3336463,-
1ysMZq5ST7IhH08FUFCEdj,Pipe Types:Uponor MLCP_Leiding wit 100m:3336465,-
1ysMZq5ST7IhH08FUFCEdf,Pipe Types:Uponor MLCP_Leiding wit 100m:3336469,-
1ysMZq5ST7IhH08FUFCEdh,Pipe Types:Uponor MLCP_Leiding wit 100m:3336471,-
1ysMZq5ST7IhH08FUFCEdW,Pipe Types:Uponor MLCP_Leiding wit 100m:3336476,-
1ysMZq5ST7IhH08FUFCEdZ,Pipe Types:Uponor MLCP_Leiding wit 100m:3336479,-
1ysMZq5ST7IhH08FUFCEdP,Pipe Types:Uponor MLCP_Leiding wit 100m:3336485,-
1ysMZq5ST7IhH08FUFCEdR,Pipe Types:Uponor MLCP_Leiding wit 100m:3336487,-
1ysMZq5ST7IhH08FUFCEdL,Pipe Types:Uponor MLCP_Leiding wit 100m:3336489,-
1ysMZq5ST7IhH08FUFCEdH,Pipe Types:Uponor MLCP_Leiding wit 100m:3336493,-
1ysMZq5ST7IhH08FUFCEdJ,Pipe Types:Uponor MLCP_Leiding wit 100m:3336495,-
1ysMZq5ST7IhH08FUFCEdF,Pipe Types:Uponor MLCP_Leiding wit 100m:3336499,-
1ysMZq5ST7IhH08FUFCEd9,Pipe Types:Uponor MLCP_Leiding wit 100m:3336501,-
1ysMZq5ST7IhH08FUFCEdB,Pipe Types:Uponor MLCP_Leiding wit 100m:3336503,-
1ysMZq5ST7IhH08FUFCEcm,Pipe Types:Uponor MLCP_Leiding wit 100m:3336524,-
1ysMZq5ST7IhH08FUFCEco,Pipe Types:Uponor MLCP_Leiding wit 100m:3336526,-
1ysMZq5ST7IhH08FUFCEci,Pipe Types:Uponor MLCP_Leiding wit 100m:3336528,-
1ysMZq5ST7IhH08FUFCEcc,Pipe Types:Uponor MLCP_Leiding wit 100m:3336538,-
1ysMZq5ST7IhH08FUFCEcZ,Pipe Types:Uponor MLCP_Leiding wit 100m:3336543,-
1ysMZq5ST7IhH08FUFCEcO,Pipe Types:Uponor MLCP_Leiding wit 100m:3336548,-
1ysMZq5ST7IhH08FUFCEcN,Pipe Types:Uponor MLCP_Leiding wit 100m:3336555,-
1ysMZq5ST7IhH08FUFCEcI,Pipe Types:Uponor MLCP_Leiding wit 100m:3336558,-
1ysMZq5ST7IhH08FUFCEcF,Pipe Types:Uponor MLCP_Leiding wit 100m:3336563,-
1ysMZq5ST7IhH08FUFCEcA,Pipe Types:Uponor MLCP_Leiding wit 100m:3336566,-
1ysMZq5ST7IhH08FUFCEbl,Pipe Types:Uponor MLCP_Leiding wit 100m:3336595,-
1ysMZq5ST7IhH08FUFCEbf,Pipe Types:Uponor MLCP_Leiding wit 100m:3336597,-
1ysMZq5ST7IhH08FUFCEe$,Pipe Types:Uponor MLCP_Leiding wit 100m:3336899,-
1ysMZq5ST7IhH08FUFCEer,Pipe Types:Uponor MLCP_Leiding wit 100m:3336905,-
0NN28gJPfBZuJU3ZelRdk5,Pipe Types:Uponor MLCP_Leiding wit 100m:3348731,-
0NN28gJPfBZuJU3ZelRdf$,Pipe Types:Uponor MLCP_Leiding wit 100m:3348737,-
0NN28gJPfBZuJU3ZelRdfu,Pipe Types:Uponor MLCP_Leiding wit 100m:3348742,-
0NN28gJPfBZuJU3ZelRdfq,Pipe Types:Uponor MLCP_Leiding wit 100m:3348746,-
0NN28gJPfBZuJU3ZelRdfo,Pipe Types:Uponor MLCP_Leiding wit 100m:3348748,-
0NN28gJPfBZuJU3ZelRdfl,Pipe Types:Uponor MLCP_Leiding wit 100m:3348753,-
0NN28gJPfBZuJU3ZelRdfg,Pipe Types:Uponor MLCP_Leiding wit 100m:3348756,-
0NN28gJPfBZuJU3ZelRdfa,Pipe Types:Uponor MLCP_Leiding wit 100m:3348762,-
0NN28gJPfBZuJU3ZelRdfY,Pipe Types:Uponor MLCP_Leiding wit 100m:3348764,-
0NN28gJPfBZuJU3ZelRdfW,Pipe Types:Uponor MLCP_Leiding wit 100m:3348766,-
0NN28gJPfBZuJU3ZelRdfS,Pipe Types:Uponor MLCP_Leiding wit 100m:3348770,-
0NN28gJPfBZuJU3ZelRdfQ,Pipe Types:Uponor MLCP_Leiding wit 100m:3348772,-
0NN28gJPfBZuJU3ZelRdfM,Pipe Types:Uponor MLCP_Leiding wit 100m:3348776,-
0NN28gJPfBZuJU3ZelRdfK,Pipe Types:Uponor MLCP_Leiding wit 100m:3348778,-
0NN28gJPfBZuJU3ZelRdfI,Pipe Types:Uponor MLCP_Leiding wit 100m:3348780,-
0NN28gJPfBZuJU3ZelRdf4,Pipe Types:Uponor MLCP_Leiding wit 100m:3348794,-
0NN28gJPfBZuJU3ZelRdf2,Pipe Types:Uponor MLCP_Leiding wit 100m:3348796,-
0NN28gJPfBZuJU3ZelRdf0,Pipe Types:Uponor MLCP_Leiding wit 100m:3348798,-
0NN28gJPfBZuJU3ZelRde_,Pipe Types:Uponor MLCP_Leiding wit 100m:3348800,-
0NN28gJPfBZuJU3ZelRdeu,Pipe Types:Uponor MLCP_Leiding wit 100m:3348806,-
0NN28gJPfBZuJU3ZelRdee,Pipe Types:Uponor MLCP_Leiding wit 100m:3348822,-
0NN28gJPfBZuJU3ZelRdeH,Pipe Types:Uponor MLCP_Leiding wit 100m:3348847,-
0NN28gJPfBZuJU3ZelRde4,Pipe Types:Uponor MLCP_Leiding wit 100m:3348858,-
0NN28gJPfBZuJU3ZelRde0,Pipe Types:Uponor MLCP_Leiding wit 100m:3348862,-
0NN28gJPfBZuJU3ZelRdhy,Pipe Types:Uponor MLCP_Leiding wit 100m:3348866,-
0NN28gJPfBZuJU3ZelRdhw,Pipe Types:Uponor MLCP_Leiding wit 100m:3348868,-
0NN28gJPfBZuJU3ZelRdhs,Pipe Types:Uponor MLCP_Leiding wit 100m:3348872,-
0NN28gJPfBZuJU3ZelRdyQ,Pipe Types:Uponor MLCP_Leiding wit 100m:3349604,-
0NN28gJPfBZuJU3ZelRdrC,Pipe Types:Uponor MLCP_Leiding wit 100m:3350066,-
0NN28gJPfBZuJU3ZelRdr0,Pipe Types:Uponor MLCP_Leiding wit 100m:3350078,-
0NN28gJPfBZuJU3ZelRbSU,Pipe Types:Uponor MLCP_Leiding wit 100m:3355744,-
0NN28gJPfBZuJU3ZelRbUJ,Pipe Types:Uponor MLCP_Leiding wit 100m:3355885,-
0NN28gJPfBZuJU3ZelRbU9,Pipe Types:Uponor MLCP_Leiding wit 100m:3355895,-
0NN28gJPfBZuJU3ZelRbRo,Pipe Types:Uponor MLCP_Leiding wit 100m:3356044,-
0NN28gJPfBZuJU3ZelRbRg,Pipe Types:Uponor MLCP_Leiding wit 100m:3356052,-
0NN28gJPfBZuJU3ZelRbRK,Pipe Types:Uponor MLCP_Leiding wit 100m:3356074,-
0NN28gJPfBZuJU3ZelRbRC,Pipe Types:Uponor MLCP_Leiding wit 100m:3356082,-
0NN28gJPfBZuJU3ZelRbJH,Pipe Types:Uponor MLCP_Leiding wit 100m:3356591,-
0NN28gJPfBZuJU3ZelRbJF,Pipe Types:Uponor MLCP_Leiding wit 100m:3356593,-
0NN28gJPfBZuJU3ZelRbJB,Pipe Types:Uponor MLCP_Leiding wit 100m:3356597,-
0NN28gJPfBZuJU3ZelRbJ9,Pipe Types:Uponor MLCP_Leiding wit 100m:3356599,-
0NN28gJPfBZuJU3ZelRbIt,Pipe Types:Uponor MLCP_Leiding wit 100m:3356617,-
0NN28gJPfBZuJU3ZelRbIr,Pipe Types:Uponor MLCP_Leiding wit 100m:3356619,-
0NN28gJPfBZuJU3ZelRbIn,Pipe Types:Uponor MLCP_Leiding wit 100m:3356623,-
0NN28gJPfBZuJU3ZelRbIl,Pipe Types:Uponor MLCP_Leiding wit 100m:3356625,-
0NN28gJPfBZuJU3ZelRbiX,Pipe Types:Uponor MLCP_Leiding wit 100m:3356767,-
0NN28gJPfBZuJU3ZelRbiP,Pipe Types:Uponor MLCP_Leiding wit 100m:3356775,-
0NN28gJPfBZuJU3ZelRbeb,Pipe Types:Uponor MLCP_Leiding wit 100m:3357019,-
0NN28gJPfBZuJU3ZelRbeZ,Pipe Types:Uponor MLCP_Leiding wit 100m:3357021,-
0NN28gJPfBZuJU3ZelRbeN,Pipe Types:Uponor MLCP_Leiding wit 100m:3357033,-
0NN28gJPfBZuJU3ZelRbeL,Pipe Types:Uponor MLCP_Leiding wit 100m:3357035,-
0NN28gJPfBZuJU3ZelRbqQ,Pipe Types:Uponor MLCP_Leiding wit 100m:3358308,-
0NN28gJPfBZuJU3ZelRbnL,Pipe Types:Uponor MLCP_Leiding wit 100m:3358507,-
0NN28gJPfBZuJU3ZelRbn7,Pipe Types:Uponor MLCP_Leiding wit 100m:3358521,-
0NN28gJPfBZuJU3ZelRbpb,Pipe Types:Uponor MLCP_Leiding wit 100m:3358619,-
0NN28gJPfBZuJU3ZelRbpS,Pipe Types:Uponor MLCP_Leiding wit 100m:3358626,-
0NN28gJPfBZuJU3ZelRYC4,Pipe Types:Uponor MLCP_Leiding wit 100m:3358842,-
0NN28gJPfBZuJU3ZelRYFv,Pipe Types:Uponor MLCP_Leiding wit 100m:3358855,-
0NN28gJPfBZuJU3ZelRYVP,Pipe Types:Uponor MLCP_Leiding wit 100m:3359911,-
0NN28gJPfBZuJU3ZelRYVJ,Pipe Types:Uponor MLCP_Leiding wit 100m:3359917,-
0NN28gJPfBZuJU3ZelRYNC,Pipe Types:Uponor MLCP_Leiding wit 100m:3360434,-
0NN28gJPfBZuJU3ZelRYN8,Pipe Types:Uponor MLCP_Leiding wit 100m:3360438,-
0NN28gJPfBZuJU3ZelRYN6,Pipe Types:Uponor MLCP_Leiding wit 100m:3360440,-
0NN28gJPfBZuJU3ZelRYN4,Pipe Types:Uponor MLCP_Leiding wit 100m:3360442,-
0NN28gJPfBZuJU3ZelRYN2,Pipe Types:Uponor MLCP_Leiding wit 100m:3360444,-
0NN28gJPfBZuJU3ZelRYN0,Pipe Types:Uponor MLCP_Leiding wit 100m:3360446,-
0NN28gJPfBZuJU3ZelRYMy,Pipe Types:Uponor MLCP_Leiding wit 100m:3360450,-
0NN28gJPfBZuJU3ZelRYMT,Pipe Types:Uponor MLCP_Leiding wit 100m:3360483,-
0NN28gJPfBZuJU3ZelRYgn,Pipe Types:Uponor MLCP_Leiding wit 100m:3361231,-
0NN28gJPfBZuJU3ZelRY_I,Pipe Types:Uponor MLCP_Leiding wit 100m:3362028,-
0NN28gJPfBZuJU3ZelRY_E,Pipe Types:Uponor MLCP_Leiding wit 100m:3362032,-
0NN28gJPfBZuJU3ZelRY_C,Pipe Types:Uponor MLCP_Leiding wit 100m:3362034,-
0NN28gJPfBZuJU3ZelRY_A,Pipe Types:Uponor MLCP_Leiding wit 100m:3362036,-
0NN28gJPfBZuJU3ZelRY_8,Pipe Types:Uponor MLCP_Leiding wit 100m:3362038,-
0NN28gJPfBZuJU3ZelRY_6,Pipe Types:Uponor MLCP_Leiding wit 100m:3362040,-
0NN28gJPfBZuJU3ZelRY_2,Pipe Types:Uponor MLCP_Leiding wit 100m:3362044,-
0NN28gJPfBZuJU3ZelRY_0,Pipe Types:Uponor MLCP_Leiding wit 100m:3362046,-
0NN28gJPfBZuJU3ZelRYwa,Pipe Types:Uponor MLCP_Leiding wit 100m:3362266,-
0NN28gJPfBZuJU3ZelRYwY,Pipe Types:Uponor MLCP_Leiding wit 100m:3362268,-
0NN28gJPfBZuJU3ZelRYwW,Pipe Types:Uponor MLCP_Leiding wit 100m:3362270,-
0NN28gJPfBZuJU3ZelRYwU,Pipe Types:Uponor MLCP_Leiding wit 100m:3362272,-
0NN28gJPfBZuJU3ZelRYwS,Pipe Types:Uponor MLCP_Leiding wit 100m:3362274,-
0NN28gJPfBZuJU3ZelRYwQ,Pipe Types:Uponor MLCP_Leiding wit 100m:3362276,-
0NN28gJPfBZuJU3ZelRYwM,Pipe Types:Uponor MLCP_Leiding wit 100m:3362280,-
0NN28gJPfBZuJU3ZelRYwK,Pipe Types:Uponor MLCP_Leiding wit 100m:3362282,-
0NN28gJPfBZuJU3ZelRYw0,Pipe Types:Uponor MLCP_Leiding wit 100m:3362302,-
0NN28gJPfBZuJU3ZelRYr_,Pipe Types:Uponor MLCP_Leiding wit 100m:3362304,-
0NN28gJPfBZuJU3ZelRYry,Pipe Types:Uponor MLCP_Leiding wit 100m:3362306,-
0NN28gJPfBZuJU3ZelRYrw,Pipe Types:Uponor MLCP_Leiding wit 100m:3362308,-
0NN28gJPfBZuJU3ZelRYru,Pipe Types:Uponor MLCP_Leiding wit 100m:3362310,-
0NN28gJPfBZuJU3ZelRYrs,Pipe Types:Uponor MLCP_Leiding wit 100m:3362312,-
0NN28gJPfBZuJU3ZelRYro,Pipe Types:Uponor MLCP_Leiding wit 100m:3362316,-
0NN28gJPfBZuJU3ZelRYrm,Pipe Types:Uponor MLCP_Leiding wit 100m:3362318,-
0NN28gJPfBZuJU3ZelRZ7P,Pipe Types:Uponor MLCP_Leiding wit 100m:3363495,-
1mjbevy4nBgO4S_vb82AX5,Pipe Types:Uponor MLCP_Leiding wit 100m:3363687,-
1mjbevy4nBgO4S_vb82AXC,Pipe Types:Uponor MLCP_Leiding wit 100m:3363694,-
1mjbevy4nBgO4S_vb82AYh,Pipe Types:Uponor MLCP_Leiding wit 100m:3363721,-
1mjbevy4nBgO4S_vb82AZ8,Pipe Types:Uponor MLCP_Leiding wit 100m:3363818,-
1mjbevy4nBgO4S_vb82AZH,Pipe Types:Uponor MLCP_Leiding wit 100m:3363827,-
2MiIklBlz1tPavBf7Yi0XM,Pipe Types:Uponor MLCP_Leiding wit 100m:3370219,-
2MiIklBlz1tPavBf7Yi0XG,Pipe Types:Uponor MLCP_Leiding wit 100m:3370221,-
2MiIklBlz1tPavBf7Yi0XF,Pipe Types:Uponor MLCP_Leiding wit 100m:3370226,-
2MiIklBlz1tPavBf7Yi0X2,Pipe Types:Uponor MLCP_Leiding wit 100m:3370239,-
2MiIklBlz1tPavBf7Yi0cp,Pipe Types:Uponor MLCP_Leiding wit 100m:3370254,-
2MiIklBlz1tPavBf7Yi0h5,Pipe Types:Uponor MLCP_Leiding wit 100m:3370616,-
2MiIklBlz1tPavBf7Yi0h7,Pipe Types:Uponor MLCP_Leiding wit 100m:3370618,-
2MiIklBlz1tPavBf7Yi0h2,Pipe Types:Uponor MLCP_Leiding wit 100m:3370623,-
2MiIklBlz1tPavBf7Yi0et,Pipe Types:Uponor MLCP_Leiding wit 100m:3370634,-
2MiIklBlz1tPavBf7Yi0eg,Pipe Types:Uponor MLCP_Leiding wit 100m:3370647,-
2MiIklBlz1tPavBf7Yi0ea,Pipe Types:Uponor MLCP_Leiding wit 100m:3370649,-
2MiIklBlz1tPavBf7Yi0eZ,Pipe Types:Uponor MLCP_Leiding wit 100m:3370654,-
2MiIklBlz1tPavBf7Yi0eK,Pipe Types:Uponor MLCP_Leiding wit 100m:3370665,-
2MiIklBlz1tPavBf7Yi1Mw,Pipe Types:Uponor MLCP_Leiding wit 100m:3371271,-
2MiIklBlz1tPavBf7Yi1MY,Pipe Types:Uponor MLCP_Leiding wit 100m:3371295,-
2MiIklBlz1tPavBf7Yi1MN,Pipe Types:Uponor MLCP_Leiding wit 100m:3371306,-
2MiIklBlz1tPavBf7Yi1QZ,Pipe Types:Uponor MLCP_Leiding wit 100m:3371550,-
2MiIklBlz1tPavBf7Yi1QV,Pipe Types:Uponor MLCP_Leiding wit 100m:3371554,-
2MiIklBlz1tPavBf7Yi1QP,Pipe Types:Uponor MLCP_Leiding wit 100m:3371556,-
2MiIklBlz1tPavBf7Yi1QC,Pipe Types:Uponor MLCP_Leiding wit 100m:3371569,-
2MiIklBlz1tPavBf7Yi1Q8,Pipe Types:Uponor MLCP_Leiding wit 100m:3371573,-
2MiIklBlz1tPavBf7Yi1QA,Pipe Types:Uponor MLCP_Leiding wit 100m:3371575,-
2MiIklBlz1tPavBf7Yi1Ow,Pipe Types:Uponor MLCP_Leiding wit 100m:3371655,-
2MiIklBlz1tPavBf7Yi12A,Pipe Types:Uponor MLCP_Leiding wit 100m:3372087,-
2MiIklBlz1tPavBf7Yi13y,Pipe Types:Uponor MLCP_Leiding wit 100m:3372097,-
2MiIklBlz1tPavBf7Yi174,Pipe Types:Uponor MLCP_Leiding wit 100m:3372409,-
2MiIklBlz1tPavBf7Yi14z,Pipe Types:Uponor MLCP_Leiding wit 100m:3372416,-
2MiIklBlz1tPavBf7Yi14g,Pipe Types:Uponor MLCP_Leiding wit 100m:3372439,-
2MiIklBlz1tPavBf7Yi1A$,Pipe Types:Uponor MLCP_Leiding wit 100m:3372546,-
2MiIklBlz1tPavBf7Yi1As,Pipe Types:Uponor MLCP_Leiding wit 100m:3372555,-
2MiIklBlz1tPavBf7Yi1uy,Pipe Types:Uponor MLCP_Leiding wit 100m:3373697,-
2MiIklBlz1tPavBf7Yi1u_,Pipe Types:Uponor MLCP_Leiding wit 100m:3373699,-
2MiIklBlz1tPavBf7Yi1uu,Pipe Types:Uponor MLCP_Leiding wit 100m:3373701,-
2MiIklBlz1tPavBf7Yi1ut,Pipe Types:Uponor MLCP_Leiding wit 100m:3373706,-
2MiIklBlz1tPavBf7Yi1uk,Pipe Types:Uponor MLCP_Leiding wit 100m:3373715,-
2MiIklBlz1tPavBf7Yi1ug,Pipe Types:Uponor MLCP_Leiding wit 100m:3373719,-
2MiIklBlz1tPavBf7Yi1ua,Pipe Types:Uponor MLCP_Leiding wit 100m:3373721,-
2MiIklBlz1tPavBf7Yi1uW,Pipe Types:Uponor MLCP_Leiding wit 100m:3373725,-
2MiIklBlz1tPavBf7Yi1YR,Pipe Types:Uponor MLCP_Leiding wit 100m:3374118,-
2MiIklBlz1tPavBf7Yi1YL,Pipe Types:Uponor MLCP_Leiding wit 100m:3374120,-
2MiIklBlz1tPavBf7Yi1YN,Pipe Types:Uponor MLCP_Leiding wit 100m:3374122,-
2MiIklBlz1tPavBf7Yi1YI,Pipe Types:Uponor MLCP_Leiding wit 100m:3374127,-
2MiIklBlz1tPavBf7Yi1Y5,Pipe Types:Uponor MLCP_Leiding wit 100m:3374136,-
2MiIklBlz1tPavBf7Yi1Y1,Pipe Types:Uponor MLCP_Leiding wit 100m:3374140,-
2MiIklBlz1tPavBf7Yi1Y3,Pipe Types:Uponor MLCP_Leiding wit 100m:3374142,-
2MiIklBlz1tPavBf7Yi1Z$,Pipe Types:Uponor MLCP_Leiding wit 100m:3374146,-
2MiIklBlz1tPavBf7Yi1Zi,Pipe Types:Uponor MLCP_Leiding wit 100m:3374161,-
2MiIklBlz1tPavBf7Yi1Zk,Pipe Types:Uponor MLCP_Leiding wit 100m:3374163,-
2MiIklBlz1tPavBf7Yi1Ze,Pipe Types:Uponor MLCP_Leiding wit 100m:3374165,-
2MiIklBlz1tPavBf7Yi1Zd,Pipe Types:Uponor MLCP_Leiding wit 100m:3374170,-
2MiIklBlz1tPavBf7Yi1ZU,Pipe Types:Uponor MLCP_Leiding wit 100m:3374179,-
2MiIklBlz1tPavBf7Yi1ZQ,Pipe Types:Uponor MLCP_Leiding wit 100m:3374183,-
2MiIklBlz1tPavBf7Yi1ZK,Pipe Types:Uponor MLCP_Leiding wit 100m:3374185,-
2MiIklBlz1tPavBf7Yi1ZG,Pipe Types:Uponor MLCP_Leiding wit 100m:3374189,-
2MiIklBlz1tPavBf7YiETr,Pipe Types:Uponor MLCP_Leiding wit 100m:3376072,-
2MiIklBlz1tPavBf7YiETi,Pipe Types:Uponor MLCP_Leiding wit 100m:3376081,-
2MiIklBlz1tPavBf7YiE0z,Pipe Types:Uponor MLCP_Leiding wit 100m:3376256,-
2MiIklBlz1tPavBf7YiE0_,Pipe Types:Uponor MLCP_Leiding wit 100m:3376259,-
2MiIklBlz1tPavBf7YiE0s,Pipe Types:Uponor MLCP_Leiding wit 100m:3376267,-
2MiIklBlz1tPavBf7YiE0p,Pipe Types:Uponor MLCP_Leiding wit 100m:3376270,-
2MiIklBlz1tPavBf7YiE1r,Pipe Types:Uponor MLCP_Leiding wit 100m:3376328,-
2MiIklBlz1tPavBf7YiE8U,Pipe Types:Uponor MLCP_Leiding wit 100m:3376803,-
2MiIklBlz1tPavBf7YiE8J,Pipe Types:Uponor MLCP_Leiding wit 100m:3376814,-
26xOSlxsnD7eUrqTZjHtQL,Pipe Types:Uponor MLCP_Leiding wit 100m:3394018,-
26xOSlxsnD7eUrqTZjHtQJ,Pipe Types:Uponor MLCP_Leiding wit 100m:3394020,-
26xOSlxsnD7eUrqTZjHtQG,Pipe Types:Uponor MLCP_Leiding wit 100m:3394023,-
26xOSlxsnD7eUrqTZjHtQT,Pipe Types:Uponor MLCP_Leiding wit 100m:3394026,-
26xOSlxsnD7eUrqTZjHtQR,Pipe Types:Uponor MLCP_Leiding wit 100m:3394028,-
26xOSlxsnD7eUrqTZjHtQP,Pipe Types:Uponor MLCP_Leiding wit 100m:3394030,-
26xOSlxsnD7eUrqTZjHtQ7,Pipe Types:Uponor MLCP_Leiding wit 100m:3394032,-
26xOSlxsnD7eUrqTZjHtQ5,Pipe Types:Uponor MLCP_Leiding wit 100m:3394034,-
26xOSlxsnD7eUrqTZjHtQF,Pipe Types:Uponor MLCP_Leiding wit 100m:3394040,-
26xOSlxsnD7eUrqTZjHtQC,Pipe Types:Uponor MLCP_Leiding wit 100m:3394043,-
26xOSlxsnD7eUrqTZjHtLt,Pipe Types:Uponor MLCP_Leiding wit 100m:3394048,-
26xOSlxsnD7eUrqTZjHtLr,Pipe Types:Uponor MLCP_Leiding wit 100m:3394050,-
26xOSlxsnD7eUrqTZjHtLp,Pipe Types:Uponor MLCP_Leiding wit 100m:3394052,-
26xOSlxsnD7eUrqTZjHtLx,Pipe Types:Uponor MLCP_Leiding wit 100m:3394060,-
26xOSlxsnD7eUrqTZjHtLv,Pipe Types:Uponor MLCP_Leiding wit 100m:3394062,-
26xOSlxsnD7eUrqTZjHtLd,Pipe Types:Uponor MLCP_Leiding wit 100m:3394064,-
26xOSlxsnD7eUrqTZjHtLZ,Pipe Types:Uponor MLCP_Leiding wit 100m:3394068,-
26xOSlxsnD7eUrqTZjHtLl,Pipe Types:Uponor MLCP_Leiding wit 100m:3394072,-
26xOSlxsnD7eUrqTZjHtLi,Pipe Types:Uponor MLCP_Leiding wit 100m:3394075,-
26xOSlxsnD7eUrqTZjHtLV,Pipe Types:Uponor MLCP_Leiding wit 100m:3394088,-
26xOSlxsnD7eUrqTZjHtLR,Pipe Types:Uponor MLCP_Leiding wit 100m:3394092,-
26xOSlxsnD7eUrqTZjHtL3,Pipe Types:Uponor MLCP_Leiding wit 100m:3394100,-
26xOSlxsnD7eUrqTZjHtLB,Pipe Types:Uponor MLCP_Leiding wit 100m:3394108,-
26xOSlxsnD7eUrqTZjHtL9,Pipe Types:Uponor MLCP_Leiding wit 100m:3394110,-
26xOSlxsnD7eUrqTZjHtKq,Pipe Types:Uponor MLCP_Leiding wit 100m:3394115,-
26xOSlxsnD7eUrqTZjHtKn,Pipe Types:Uponor MLCP_Leiding wit 100m:3394118,-
26xOSlxsnD7eUrqTZjHtKv,Pipe Types:Uponor MLCP_Leiding wit 100m:3394126,-
26xOSlxsnD7eUrqTZjHtKc,Pipe Types:Uponor MLCP_Leiding wit 100m:3394129,-
26xOSlxsnD7eUrqTZjHtKl,Pipe Types:Uponor MLCP_Leiding wit 100m:3394136,-
26xOSlxsnD7eUrqTZjHtKi,Pipe Types:Uponor MLCP_Leiding wit 100m:3394139,-
26xOSlxsnD7eUrqTZjHtKg,Pipe Types:Uponor MLCP_Leiding wit 100m:3394141,-
26xOSlxsnD7eUrqTZjHtK1,Pipe Types:Uponor MLCP_Leiding wit 100m:3394166,-
26xOSlxsnD7eUrqTZjHtKF,Pipe Types:Uponor MLCP_Leiding wit 100m:3394168,-
26xOSlxsnD7eUrqTZjHtKC,Pipe Types:Uponor MLCP_Leiding wit 100m:3394171,-
26xOSlxsnD7eUrqTZjHtNc,Pipe Types:Uponor MLCP_Leiding wit 100m:3394193,-
26xOSlxsnD7eUrqTZjHtNe,Pipe Types:Uponor MLCP_Leiding wit 100m:3394207,-
26xOSlxsnD7eUrqTZjHtNM,Pipe Types:Uponor MLCP_Leiding wit 100m:3394209,-
1$QeEXZaH1_8pbVHkWBLYV,Pipe Types:Uponor MLCP_Leiding wit 100m:3396845,-
1$QeEXZaH1_8pbVHkWBMWY,Pipe Types:Uponor MLCP_Leiding wit 100m:3400784,-
1$QeEXZaH1_8pbVHkWBMZY,Pipe Types:Uponor MLCP_Leiding wit 100m:3400848,-
1$QeEXZaH1_8pbVHkWBMlF,Pipe Types:Uponor MLCP_Leiding wit 100m:3401661,-
1$QeEXZaH1_8pbVHkWBMk7,Pipe Types:Uponor MLCP_Leiding wit 100m:3401717,-
1$QeEXZaH1_8pbVHkWBMk5,Pipe Types:Uponor MLCP_Leiding wit 100m:3401719,-
1$QeEXZaH1_8pbVHkWBMk8,Pipe Types:Uponor MLCP_Leiding wit 100m:3401722,-
1$QeEXZaH1_8pbVHkWBMkF,Pipe Types:Uponor MLCP_Leiding wit 100m:3401725,-
1$QeEXZaH1_8pbVHkWBMkD,Pipe Types:Uponor MLCP_Leiding wit 100m:3401727,-
1$QeEXZaH1_8pbVHkWBMHp,Pipe Types:Uponor MLCP_Leiding wit 100m:3401729,-
1$QeEXZaH1_8pbVHkWBMHn,Pipe Types:Uponor MLCP_Leiding wit 100m:3401731,-
1$QeEXZaH1_8pbVHkWBMHt,Pipe Types:Uponor MLCP_Leiding wit 100m:3401733,-
1$QeEXZaH1_8pbVHkWBMHx,Pipe Types:Uponor MLCP_Leiding wit 100m:3401737,-
1$QeEXZaH1_8pbVHkWBMH_,Pipe Types:Uponor MLCP_Leiding wit 100m:3401740,-
1$QeEXZaH1_8pbVHkWBMHZ,Pipe Types:Uponor MLCP_Leiding wit 100m:3401745,-
1$QeEXZaH1_8pbVHkWBMHX,Pipe Types:Uponor MLCP_Leiding wit 100m:3401747,-
1$QeEXZaH1_8pbVHkWBMHd,Pipe Types:Uponor MLCP_Leiding wit 100m:3401749,-
1$QeEXZaH1_8pbVHkWBMHl,Pipe Types:Uponor MLCP_Leiding wit 100m:3401757,-
1$QeEXZaH1_8pbVHkWBMHj,Pipe Types:Uponor MLCP_Leiding wit 100m:3401759,-
1$QeEXZaH1_8pbVHkWBMHJ,Pipe Types:Uponor MLCP_Leiding wit 100m:3401761,-
1$QeEXZaH1_8pbVHkWBMHN,Pipe Types:Uponor MLCP_Leiding wit 100m:3401765,-
1$QeEXZaH1_8pbVHkWBMHR,Pipe Types:Uponor MLCP_Leiding wit 100m:3401769,-
1$QeEXZaH1_8pbVHkWBMHU,Pipe Types:Uponor MLCP_Leiding wit 100m:3401772,-
1$QeEXZaH1_8pbVHkWBMHT,Pipe Types:Uponor MLCP_Leiding wit 100m:3401775,-
1$QeEXZaH1_8pbVHkWBMH3,Pipe Types:Uponor MLCP_Leiding wit 100m:3401777,-
1$QeEXZaH1_8pbVHkWBMH5,Pipe Types:Uponor MLCP_Leiding wit 100m:3401783,-
1$QeEXZaH1_8pbVHkWBMH9,Pipe Types:Uponor MLCP_Leiding wit 100m:3401787,-
1$QeEXZaH1_8pbVHkWBMHF,Pipe Types:Uponor MLCP_Leiding wit 100m:3401789,-
1$QeEXZaH1_8pbVHkWBMGm,Pipe Types:Uponor MLCP_Leiding wit 100m:3401794,-
1$QeEXZaH1_8pbVHkWBMGt,Pipe Types:Uponor MLCP_Leiding wit 100m:3401797,-
1$QeEXZaH1_8pbVHkWBMGx,Pipe Types:Uponor MLCP_Leiding wit 100m:3401801,-
1$QeEXZaH1_8pbVHkWBMG_,Pipe Types:Uponor MLCP_Leiding wit 100m:3401804,-
1$QeEXZaH1_8pbVHkWBMGz,Pipe Types:Uponor MLCP_Leiding wit 100m:3401807,-
1$QeEXZaH1_8pbVHkWBMGW,Pipe Types:Uponor MLCP_Leiding wit 100m:3401810,-
1$QeEXZaH1_8pbVHkWBMGc,Pipe Types:Uponor MLCP_Leiding wit 100m:3401812,-
1$QeEXZaH1_8pbVHkWBMGN,Pipe Types:Uponor MLCP_Leiding wit 100m:3401829,-
1$QeEXZaH1_8pbVHkWBMGL,Pipe Types:Uponor MLCP_Leiding wit 100m:3401831,-
1$QeEXZaH1_8pbVHkWBMGO,Pipe Types:Uponor MLCP_Leiding wit 100m:3401834,-
1$QeEXZaH1_8pbVHkWBMG8,Pipe Types:Uponor MLCP_Leiding wit 100m:3401850,-
1$QeEXZaH1_8pbVHkWBMJo,Pipe Types:Uponor MLCP_Leiding wit 100m:3401856,-
1$QeEXZaH1_8pbVHkWBMJm,Pipe Types:Uponor MLCP_Leiding wit 100m:3401858,-
1$QeEXZaH1_8pbVHkWBMJg,Pipe Types:Uponor MLCP_Leiding wit 100m:3401880,-
1$QeEXZaH1_8pbVHkWBMJQ,Pipe Types:Uponor MLCP_Leiding wit 100m:3401896,-
1$QeEXZaH1_8pbVHkWBMJS,Pipe Types:Uponor MLCP_Leiding wit 100m:3401902,-
1$QeEXZaH1_8pbVHkWBMJ2,Pipe Types:Uponor MLCP_Leiding wit 100m:3401904,-
1ozauvCGHFgxHC9zf470m8,Pipe Types:Uponor MLCP_Leiding wit 100m:3402349,-
1ozauvCGHFgxHC9zf470mT,Pipe Types:Uponor MLCP_Leiding wit 100m:3402360,-
1ozauvCGHFgxHC9zf470rk,Pipe Types:Uponor MLCP_Leiding wit 100m:3402507,-
1ozauvCGHFgxHC9zf470rh,Pipe Types:Uponor MLCP_Leiding wit 100m:3402510,-
1ozauvCGHFgxHC9zf470bj,Pipe Types:Uponor MLCP_Leiding wit 100m:3403528,-
1ozauvCGHFgxHC9zf470bl,Pipe Types:Uponor MLCP_Leiding wit 100m:3403530,-
1ozauvCGHFgxHC9zf470be,Pipe Types:Uponor MLCP_Leiding wit 100m:3403533,-
1ozauvCGHFgxHC9zf470br,Pipe Types:Uponor MLCP_Leiding wit 100m:3403536,-
1ozauvCGHFgxHC9zf470bt,Pipe Types:Uponor MLCP_Leiding wit 100m:3403538,-
1ozauvCGHFgxHC9zf470bn,Pipe Types:Uponor MLCP_Leiding wit 100m:3403540,-
1ozauvCGHFgxHC9zf470bp,Pipe Types:Uponor MLCP_Leiding wit 100m:3403542,-
1ozauvCGHFgxHC9zf470bz,Pipe Types:Uponor MLCP_Leiding wit 100m:3403544,-
1ozauvCGHFgxHC9zf470bv,Pipe Types:Uponor MLCP_Leiding wit 100m:3403548,-
1ozauvCGHFgxHC9zf470bw,Pipe Types:Uponor MLCP_Leiding wit 100m:3403551,-
1ozauvCGHFgxHC9zf470b1,Pipe Types:Uponor MLCP_Leiding wit 100m:3403556,-
1ozauvCGHFgxHC9zf470b3,Pipe Types:Uponor MLCP_Leiding wit 100m:3403558,-
1ozauvCGHFgxHC9zf470bD,Pipe Types:Uponor MLCP_Leiding wit 100m:3403560,-
1ozauvCGHFgxHC9zf470bL,Pipe Types:Uponor MLCP_Leiding wit 100m:3403568,-
1ozauvCGHFgxHC9zf470bN,Pipe Types:Uponor MLCP_Leiding wit 100m:3403570,-
1ozauvCGHFgxHC9zf470bH,Pipe Types:Uponor MLCP_Leiding wit 100m:3403572,-
1ozauvCGHFgxHC9zf470bT,Pipe Types:Uponor MLCP_Leiding wit 100m:3403576,-
1ozauvCGHFgxHC9zf470bP,Pipe Types:Uponor MLCP_Leiding wit 100m:3403580,-
1ozauvCGHFgxHC9zf470bQ,Pipe Types:Uponor MLCP_Leiding wit 100m:3403583,-
1ozauvCGHFgxHC9zf470ad,Pipe Types:Uponor MLCP_Leiding wit 100m:3403586,-
1ozauvCGHFgxHC9zf470aX,Pipe Types:Uponor MLCP_Leiding wit 100m:3403588,-
1ozauvCGHFgxHC9zf470al,Pipe Types:Uponor MLCP_Leiding wit 100m:3403594,-
1ozauvCGHFgxHC9zf470ah,Pipe Types:Uponor MLCP_Leiding wit 100m:3403598,-
1ozauvCGHFgxHC9zf470ar,Pipe Types:Uponor MLCP_Leiding wit 100m:3403600,-
1ozauvCGHFgxHC9zf470am,Pipe Types:Uponor MLCP_Leiding wit 100m:3403605,-
1ozauvCGHFgxHC9zf470az,Pipe Types:Uponor MLCP_Leiding wit 100m:3403608,-
1ozauvCGHFgxHC9zf470av,Pipe Types:Uponor MLCP_Leiding wit 100m:3403612,-
1ozauvCGHFgxHC9zf470aw,Pipe Types:Uponor MLCP_Leiding wit 100m:3403615,-
1ozauvCGHFgxHC9zf470a7,Pipe Types:Uponor MLCP_Leiding wit 100m:3403618,-
1ozauvCGHFgxHC9zf470a0,Pipe Types:Uponor MLCP_Leiding wit 100m:3403621,-
1ozauvCGHFgxHC9zf470a2,Pipe Types:Uponor MLCP_Leiding wit 100m:3403623,-
1ozauvCGHFgxHC9zf470aT,Pipe Types:Uponor MLCP_Leiding wit 100m:3403640,-
1ozauvCGHFgxHC9zf470aV,Pipe Types:Uponor MLCP_Leiding wit 100m:3403642,-
1ozauvCGHFgxHC9zf470aO,Pipe Types:Uponor MLCP_Leiding wit 100m:3403645,-
1ozauvCGHFgxHC9zf470de,Pipe Types:Uponor MLCP_Leiding wit 100m:3403661,-
1ozauvCGHFgxHC9zf470ds,Pipe Types:Uponor MLCP_Leiding wit 100m:3403667,-
1ozauvCGHFgxHC9zf470dm,Pipe Types:Uponor MLCP_Leiding wit 100m:3403669,-
1ozauvCGHFgxHC9zf470dE,Pipe Types:Uponor MLCP_Leiding wit 100m:3403691,-
1ozauvCGHFgxHC9zf470dU,Pipe Types:Uponor MLCP_Leiding wit 100m:3403707,-
1ozauvCGHFgxHC9zf470ca,Pipe Types:Uponor MLCP_Leiding wit 100m:3403713,-
1ozauvCGHFgxHC9zf470cc,Pipe Types:Uponor MLCP_Leiding wit 100m:3403715,-
1ozauvCGHFgxHC9zf470cY,Pipe Types:Uponor MLCP_Leiding wit 100m:3403719,-
1ozauvCGHFgxHC9zf470cl,Pipe Types:Uponor MLCP_Leiding wit 100m:3403722,-
1ozauvCGHFgxHC9zf46_Gl,Pipe Types:Uponor MLCP_Leiding wit 100m:3408458,-
1ozauvCGHFgxHC9zf46_Gf,Pipe Types:Uponor MLCP_Leiding wit 100m:3408460,-
1ozauvCGHFgxHC9zf46_Gg,Pipe Types:Uponor MLCP_Leiding wit 100m:3408463,-
1ozauvCGHFgxHC9zf46_Gt,Pipe Types:Uponor MLCP_Leiding wit 100m:3408466,-
1ozauvCGHFgxHC9zf46_Gn,Pipe Types:Uponor MLCP_Leiding wit 100m:3408468,-
1ozauvCGHFgxHC9zf46_Gp,Pipe Types:Uponor MLCP_Leiding wit 100m:3408470,-
1ozauvCGHFgxHC9zf46_Gz,Pipe Types:Uponor MLCP_Leiding wit 100m:3408472,-
1ozauvCGHFgxHC9zf46_G$,Pipe Types:Uponor MLCP_Leiding wit 100m:3408474,-
1ozauvCGHFgxHC9zf46_Gx,Pipe Types:Uponor MLCP_Leiding wit 100m:3408478,-
1ozauvCGHFgxHC9zf46_G4,Pipe Types:Uponor MLCP_Leiding wit 100m:3408481,-
1ozauvCGHFgxHC9zf46_G3,Pipe Types:Uponor MLCP_Leiding wit 100m:3408486,-
1ozauvCGHFgxHC9zf46_GD,Pipe Types:Uponor MLCP_Leiding wit 100m:3408488,-
1ozauvCGHFgxHC9zf46_GF,Pipe Types:Uponor MLCP_Leiding wit 100m:3408490,-
1ozauvCGHFgxHC9zf46_GN,Pipe Types:Uponor MLCP_Leiding wit 100m:3408498,-
1ozauvCGHFgxHC9zf46_GH,Pipe Types:Uponor MLCP_Leiding wit 100m:3408500,-
1ozauvCGHFgxHC9zf46_GJ,Pipe Types:Uponor MLCP_Leiding wit 100m:3408502,-
1ozauvCGHFgxHC9zf46_GV,Pipe Types:Uponor MLCP_Leiding wit 100m:3408506,-
1ozauvCGHFgxHC9zf46_GR,Pipe Types:Uponor MLCP_Leiding wit 100m:3408510,-
1ozauvCGHFgxHC9zf46_Ja,Pipe Types:Uponor MLCP_Leiding wit 100m:3408513,-
1ozauvCGHFgxHC9zf46_JX,Pipe Types:Uponor MLCP_Leiding wit 100m:3408516,-
1ozauvCGHFgxHC9zf46_JZ,Pipe Types:Uponor MLCP_Leiding wit 100m:3408518,-
1ozauvCGHFgxHC9zf46_Jf,Pipe Types:Uponor MLCP_Leiding wit 100m:3408524,-
1ozauvCGHFgxHC9zf46_Jr,Pipe Types:Uponor MLCP_Leiding wit 100m:3408528,-
1ozauvCGHFgxHC9zf46_Jt,Pipe Types:Uponor MLCP_Leiding wit 100m:3408530,-
1ozauvCGHFgxHC9zf46_Jo,Pipe Types:Uponor MLCP_Leiding wit 100m:3408535,-
1ozauvCGHFgxHC9zf46_J$,Pipe Types:Uponor MLCP_Leiding wit 100m:3408538,-
1ozauvCGHFgxHC9zf46_Jx,Pipe Types:Uponor MLCP_Leiding wit 100m:3408542,-
1ozauvCGHFgxHC9zf46_J4,Pipe Types:Uponor MLCP_Leiding wit 100m:3408545,-
1ozauvCGHFgxHC9zf46_J1,Pipe Types:Uponor MLCP_Leiding wit 100m:3408548,-
1ozauvCGHFgxHC9zf46_J2,Pipe Types:Uponor MLCP_Leiding wit 100m:3408551,-
1ozauvCGHFgxHC9zf46_JC,Pipe Types:Uponor MLCP_Leiding wit 100m:3408553,-
1ozauvCGHFgxHC9zf46_JV,Pipe Types:Uponor MLCP_Leiding wit 100m:3408570,-
1ozauvCGHFgxHC9zf46_JP,Pipe Types:Uponor MLCP_Leiding wit 100m:3408572,-
1ozauvCGHFgxHC9zf46_JQ,Pipe Types:Uponor MLCP_Leiding wit 100m:3408575,-
1ozauvCGHFgxHC9zf46_Ig,Pipe Types:Uponor MLCP_Leiding wit 100m:3408591,-
1ozauvCGHFgxHC9zf46_Im,Pipe Types:Uponor MLCP_Leiding wit 100m:3408597,-
1ozauvCGHFgxHC9zf46_Io,Pipe Types:Uponor MLCP_Leiding wit 100m:3408599,-
1ozauvCGHFgxHC9zf46_I8,Pipe Types:Uponor MLCP_Leiding wit 100m:3408621,-
1ozauvCGHFgxHC9zf46_IO,Pipe Types:Uponor MLCP_Leiding wit 100m:3408637,-
1ozauvCGHFgxHC9zf46_Lc,Pipe Types:Uponor MLCP_Leiding wit 100m:3408643,-
1ozauvCGHFgxHC9zf46_LW,Pipe Types:Uponor MLCP_Leiding wit 100m:3408645,-
1ozauvCGHFgxHC9zf46_Li,Pipe Types:Uponor MLCP_Leiding wit 100m:3408649,-
1ozauvCGHFgxHC9zf46_Lf,Pipe Types:Uponor MLCP_Leiding wit 100m:3408652,-
1ozauvCGHFgxHC9zf46_LM,Pipe Types:Uponor MLCP_Leiding wit 100m:3408691,-
1ozauvCGHFgxHC9zf46_LG,Pipe Types:Uponor MLCP_Leiding wit 100m:3408693,-
1ozauvCGHFgxHC9zf46_LT,Pipe Types:Uponor MLCP_Leiding wit 100m:3408696,-
1ozauvCGHFgxHC9zf46_LU,Pipe Types:Uponor MLCP_Leiding wit 100m:3408699,-
1ozauvCGHFgxHC9zf46_LO,Pipe Types:Uponor MLCP_Leiding wit 100m:3408701,-
1ozauvCGHFgxHC9zf46_LQ,Pipe Types:Uponor MLCP_Leiding wit 100m:3408703,-
1ozauvCGHFgxHC9zf46_Ka,Pipe Types:Uponor MLCP_Leiding wit 100m:3408705,-
1ozauvCGHFgxHC9zf46_Kc,Pipe Types:Uponor MLCP_Leiding wit 100m:3408707,-
1ozauvCGHFgxHC9zf46_KY,Pipe Types:Uponor MLCP_Leiding wit 100m:3408711,-
1ozauvCGHFgxHC9zf46_Kl,Pipe Types:Uponor MLCP_Leiding wit 100m:3408714,-
1ozauvCGHFgxHC9zf46_Kg,Pipe Types:Uponor MLCP_Leiding wit 100m:3408719,-
1ozauvCGHFgxHC9zf46_Kq,Pipe Types:Uponor MLCP_Leiding wit 100m:3408721,-
1ozauvCGHFgxHC9zf46_Ks,Pipe Types:Uponor MLCP_Leiding wit 100m:3408723,-
1ozauvCGHFgxHC9zf46_K_,Pipe Types:Uponor MLCP_Leiding wit 100m:3408731,-
1ozauvCGHFgxHC9zf46_Ku,Pipe Types:Uponor MLCP_Leiding wit 100m:3408733,-
1ozauvCGHFgxHC9zf46_Kw,Pipe Types:Uponor MLCP_Leiding wit 100m:3408735,-
1ozauvCGHFgxHC9zf46_K6,Pipe Types:Uponor MLCP_Leiding wit 100m:3408739,-
1ozauvCGHFgxHC9zf46_K2,Pipe Types:Uponor MLCP_Leiding wit 100m:3408743,-
1ozauvCGHFgxHC9zf46_KF,Pipe Types:Uponor MLCP_Leiding wit 100m:3408746,-
1ozauvCGHFgxHC9zf46_K8,Pipe Types:Uponor MLCP_Leiding wit 100m:3408749,-
1ozauvCGHFgxHC9zf46_KA,Pipe Types:Uponor MLCP_Leiding wit 100m:3408751,-
1ozauvCGHFgxHC9zf46_KG,Pipe Types:Uponor MLCP_Leiding wit 100m:3408757,-
1ozauvCGHFgxHC9zf46_KS,Pipe Types:Uponor MLCP_Leiding wit 100m:3408761,-
1ozauvCGHFgxHC9zf46_KU,Pipe Types:Uponor MLCP_Leiding wit 100m:3408763,-
1ozauvCGHFgxHC9zf46_Nb,Pipe Types:Uponor MLCP_Leiding wit 100m:3408768,-
1ozauvCGHFgxHC9zf46_Nc,Pipe Types:Uponor MLCP_Leiding wit 100m:3408771,-
1ozauvCGHFgxHC9zf46_NY,Pipe Types:Uponor MLCP_Leiding wit 100m:3408775,-
1ozauvCGHFgxHC9zf46_Nl,Pipe Types:Uponor MLCP_Leiding wit 100m:3408778,-
1ozauvCGHFgxHC9zf46_Ne,Pipe Types:Uponor MLCP_Leiding wit 100m:3408781,-
1ozauvCGHFgxHC9zf46_Nr,Pipe Types:Uponor MLCP_Leiding wit 100m:3408784,-
1ozauvCGHFgxHC9zf46_Nt,Pipe Types:Uponor MLCP_Leiding wit 100m:3408786,-
1ozauvCGHFgxHC9zf46_N6,Pipe Types:Uponor MLCP_Leiding wit 100m:3408803,-
1ozauvCGHFgxHC9zf46_N0,Pipe Types:Uponor MLCP_Leiding wit 100m:3408805,-
1ozauvCGHFgxHC9zf46_ND,Pipe Types:Uponor MLCP_Leiding wit 100m:3408808,-
1ozauvCGHFgxHC9zf46_NT,Pipe Types:Uponor MLCP_Leiding wit 100m:3408824,-
1ozauvCGHFgxHC9zf46_NR,Pipe Types:Uponor MLCP_Leiding wit 100m:3408830,-
1ozauvCGHFgxHC9zf46_Mb,Pipe Types:Uponor MLCP_Leiding wit 100m:3408832,-
1ozauvCGHFgxHC9zf46_Mp,Pipe Types:Uponor MLCP_Leiding wit 100m:3408854,-
1ozauvCGHFgxHC9zf46_M3,Pipe Types:Uponor MLCP_Leiding wit 100m:3408870,-
1ozauvCGHFgxHC9zf46_M9,Pipe Types:Uponor MLCP_Leiding wit 100m:3408876,-
1ozauvCGHFgxHC9zf46_MB,Pipe Types:Uponor MLCP_Leiding wit 100m:3408878,-
1ozauvCGHFgxHC9zf46_MN,Pipe Types:Uponor MLCP_Leiding wit 100m:3408882,-
1ozauvCGHFgxHC9zf46_MG,Pipe Types:Uponor MLCP_Leiding wit 100m:3408885,-
1ozauvCGHFgxHC9zf46_9v,Pipe Types:Uponor MLCP_Leiding wit 100m:3408924,-
1ozauvCGHFgxHC9zf46_9x,Pipe Types:Uponor MLCP_Leiding wit 100m:3408926,-
1ozauvCGHFgxHC9zf46_94,Pipe Types:Uponor MLCP_Leiding wit 100m:3408929,-
1ozauvCGHFgxHC9zf46_91,Pipe Types:Uponor MLCP_Leiding wit 100m:3408932,-
1ozauvCGHFgxHC9zf46_93,Pipe Types:Uponor MLCP_Leiding wit 100m:3408934,-
1ozauvCGHFgxHC9zf46_9D,Pipe Types:Uponor MLCP_Leiding wit 100m:3408936,-
1ozauvCGHFgxHC9zf46_9F,Pipe Types:Uponor MLCP_Leiding wit 100m:3408938,-
1ozauvCGHFgxHC9zf46_99,Pipe Types:Uponor MLCP_Leiding wit 100m:3408940,-
1ozauvCGHFgxHC9zf46_9L,Pipe Types:Uponor MLCP_Leiding wit 100m:3408944,-
1ozauvCGHFgxHC9zf46_9M,Pipe Types:Uponor MLCP_Leiding wit 100m:3408947,-
1ozauvCGHFgxHC9zf46_9T,Pipe Types:Uponor MLCP_Leiding wit 100m:3408952,-
1ozauvCGHFgxHC9zf46_9V,Pipe Types:Uponor MLCP_Leiding wit 100m:3408954,-
1ozauvCGHFgxHC9zf46_9P,Pipe Types:Uponor MLCP_Leiding wit 100m:3408956,-
1ozauvCGHFgxHC9zf46_8X,Pipe Types:Uponor MLCP_Leiding wit 100m:3408964,-
1ozauvCGHFgxHC9zf46_8Z,Pipe Types:Uponor MLCP_Leiding wit 100m:3408966,-
1ozauvCGHFgxHC9zf46_8j,Pipe Types:Uponor MLCP_Leiding wit 100m:3408968,-
1ozauvCGHFgxHC9zf46_8f,Pipe Types:Uponor MLCP_Leiding wit 100m:3408972,-
1ozauvCGHFgxHC9zf46_8r,Pipe Types:Uponor MLCP_Leiding wit 100m:3408976,-
1ozauvCGHFgxHC9zf46_8s,Pipe Types:Uponor MLCP_Leiding wit 100m:3408979,-
1ozauvCGHFgxHC9zf46_8p,Pipe Types:Uponor MLCP_Leiding wit 100m:3408982,-
1ozauvCGHFgxHC9zf46_8z,Pipe Types:Uponor MLCP_Leiding wit 100m:3408984,-
1ozauvCGHFgxHC9zf46_8x,Pipe Types:Uponor MLCP_Leiding wit 100m:3408990,-
1ozauvCGHFgxHC9zf46_87,Pipe Types:Uponor MLCP_Leiding wit 100m:3408994,-
1ozauvCGHFgxHC9zf46_81,Pipe Types:Uponor MLCP_Leiding wit 100m:3408996,-
1ozauvCGHFgxHC9zf46_8C,Pipe Types:Uponor MLCP_Leiding wit 100m:3409001,-
1ozauvCGHFgxHC9zf46_89,Pipe Types:Uponor MLCP_Leiding wit 100m:3409004,-
1ozauvCGHFgxHC9zf46_8L,Pipe Types:Uponor MLCP_Leiding wit 100m:3409008,-
1ozauvCGHFgxHC9zf46_8M,Pipe Types:Uponor MLCP_Leiding wit 100m:3409011,-
1ozauvCGHFgxHC9zf46_8J,Pipe Types:Uponor MLCP_Leiding wit 100m:3409014,-
1ozauvCGHFgxHC9zf46_8S,Pipe Types:Uponor MLCP_Leiding wit 100m:3409017,-
1ozauvCGHFgxHC9zf46_8U,Pipe Types:Uponor MLCP_Leiding wit 100m:3409019,-
1ozauvCGHFgxHC9zf46_Bf,Pipe Types:Uponor MLCP_Leiding wit 100m:3409036,-
1ozauvCGHFgxHC9zf46_Bh,Pipe Types:Uponor MLCP_Leiding wit 100m:3409038,-
1ozauvCGHFgxHC9zf46_Bq,Pipe Types:Uponor MLCP_Leiding wit 100m:3409041,-
1ozauvCGHFgxHC9zf46_B4,Pipe Types:Uponor MLCP_Leiding wit 100m:3409057,-
1ozauvCGHFgxHC9zf46_B2,Pipe Types:Uponor MLCP_Leiding wit 100m:3409063,-
1ozauvCGHFgxHC9zf46_BC,Pipe Types:Uponor MLCP_Leiding wit 100m:3409065,-
1ozauvCGHFgxHC9zf46_BQ,Pipe Types:Uponor MLCP_Leiding wit 100m:3409087,-
1ozauvCGHFgxHC9zf46_Ag,Pipe Types:Uponor MLCP_Leiding wit 100m:3409103,-
1ozauvCGHFgxHC9zf46_Am,Pipe Types:Uponor MLCP_Leiding wit 100m:3409109,-
1ozauvCGHFgxHC9zf46_Ao,Pipe Types:Uponor MLCP_Leiding wit 100m:3409111,-
1ozauvCGHFgxHC9zf46_A_,Pipe Types:Uponor MLCP_Leiding wit 100m:3409115,-
1ozauvCGHFgxHC9zf46_Ax,Pipe Types:Uponor MLCP_Leiding wit 100m:3409118,-
1ozauvCGHFgxHC9zf46_DW,Pipe Types:Uponor MLCP_Leiding wit 100m:3409157,-
1ozauvCGHFgxHC9zf46_DY,Pipe Types:Uponor MLCP_Leiding wit 100m:3409159,-
1ozauvCGHFgxHC9zf46_Dl,Pipe Types:Uponor MLCP_Leiding wit 100m:3409162,-
1ozauvCGHFgxHC9zf46_De,Pipe Types:Uponor MLCP_Leiding wit 100m:3409165,-
1ozauvCGHFgxHC9zf46_Dg,Pipe Types:Uponor MLCP_Leiding wit 100m:3409167,-
1ozauvCGHFgxHC9zf46_Dq,Pipe Types:Uponor MLCP_Leiding wit 100m:3409169,-
1ozauvCGHFgxHC9zf46_Ds,Pipe Types:Uponor MLCP_Leiding wit 100m:3409171,-
1ozauvCGHFgxHC9zf46_Dm,Pipe Types:Uponor MLCP_Leiding wit 100m:3409173,-
1ozauvCGHFgxHC9zf46_Dy,Pipe Types:Uponor MLCP_Leiding wit 100m:3409177,-
1ozauvCGHFgxHC9zf46_Dv,Pipe Types:Uponor MLCP_Leiding wit 100m:3409180,-
1ozauvCGHFgxHC9zf46_D4,Pipe Types:Uponor MLCP_Leiding wit 100m:3409185,-
1ozauvCGHFgxHC9zf46_D6,Pipe Types:Uponor MLCP_Leiding wit 100m:3409187,-
1ozauvCGHFgxHC9zf46_D0,Pipe Types:Uponor MLCP_Leiding wit 100m:3409189,-
1ozauvCGHFgxHC9zf46_D8,Pipe Types:Uponor MLCP_Leiding wit 100m:3409197,-
1ozauvCGHFgxHC9zf46_DA,Pipe Types:Uponor MLCP_Leiding wit 100m:3409199,-
1ozauvCGHFgxHC9zf46_DK,Pipe Types:Uponor MLCP_Leiding wit 100m:3409201,-
1ozauvCGHFgxHC9zf46_DG,Pipe Types:Uponor MLCP_Leiding wit 100m:3409205,-
1ozauvCGHFgxHC9zf46_DS,Pipe Types:Uponor MLCP_Leiding wit 100m:3409209,-
1ozauvCGHFgxHC9zf46_DP,Pipe Types:Uponor MLCP_Leiding wit 100m:3409212,-
1ozauvCGHFgxHC9zf46_DQ,Pipe Types:Uponor MLCP_Leiding wit 100m:3409215,-
1ozauvCGHFgxHC9zf46_Ca,Pipe Types:Uponor MLCP_Leiding wit 100m:3409217,-
1ozauvCGHFgxHC9zf46_CY,Pipe Types:Uponor MLCP_Leiding wit 100m:3409223,-
1ozauvCGHFgxHC9zf46_Ck,Pipe Types:Uponor MLCP_Leiding wit 100m:3409227,-
1ozauvCGHFgxHC9zf46_Ce,Pipe Types:Uponor MLCP_Leiding wit 100m:3409229,-
1ozauvCGHFgxHC9zf46_Ct,Pipe Types:Uponor MLCP_Leiding wit 100m:3409234,-
1ozauvCGHFgxHC9zf46_Cm,Pipe Types:Uponor MLCP_Leiding wit 100m:3409237,-
1ozauvCGHFgxHC9zf46_Cy,Pipe Types:Uponor MLCP_Leiding wit 100m:3409241,-
1ozauvCGHFgxHC9zf46_Cv,Pipe Types:Uponor MLCP_Leiding wit 100m:3409244,-
1ozauvCGHFgxHC9zf46_Cw,Pipe Types:Uponor MLCP_Leiding wit 100m:3409247,-
1ozauvCGHFgxHC9zf46_C7,Pipe Types:Uponor MLCP_Leiding wit 100m:3409250,-
1ozauvCGHFgxHC9zf46_C1,Pipe Types:Uponor MLCP_Leiding wit 100m:3409252,-
1ozauvCGHFgxHC9zf46_CG,Pipe Types:Uponor MLCP_Leiding wit 100m:3409269,-
1ozauvCGHFgxHC9zf46_CI,Pipe Types:Uponor MLCP_Leiding wit 100m:3409271,-
1ozauvCGHFgxHC9zf46_CV,Pipe Types:Uponor MLCP_Leiding wit 100m:3409274,-
1ozauvCGHFgxHC9zf46_Fl,Pipe Types:Uponor MLCP_Leiding wit 100m:3409290,-
1ozauvCGHFgxHC9zf46_Fr,Pipe Types:Uponor MLCP_Leiding wit 100m:3409296,-
1ozauvCGHFgxHC9zf46_Ft,Pipe Types:Uponor MLCP_Leiding wit 100m:3409298,-
1ozauvCGHFgxHC9zf46_FD,Pipe Types:Uponor MLCP_Leiding wit 100m:3409320,-
1ozauvCGHFgxHC9zf46_FT,Pipe Types:Uponor MLCP_Leiding wit 100m:3409336,-
1ozauvCGHFgxHC9zf46_FR,Pipe Types:Uponor MLCP_Leiding wit 100m:3409342,-
1ozauvCGHFgxHC9zf46_Eb,Pipe Types:Uponor MLCP_Leiding wit 100m:3409344,-
1ozauvCGHFgxHC9zf46_EX,Pipe Types:Uponor MLCP_Leiding wit 100m:3409348,-
1ozauvCGHFgxHC9zf46_EY,Pipe Types:Uponor MLCP_Leiding wit 100m:3409351,-
1ozauvCGHFgxHC9zf46_EB,Pipe Types:Uponor MLCP_Leiding wit 100m:3409390,-
1ozauvCGHFgxHC9zf46_EL,Pipe Types:Uponor MLCP_Leiding wit 100m:3409392,-
1ozauvCGHFgxHC9zf46_EM,Pipe Types:Uponor MLCP_Leiding wit 100m:3409395,-
1ozauvCGHFgxHC9zf46_EJ,Pipe Types:Uponor MLCP_Leiding wit 100m:3409398,-
1ozauvCGHFgxHC9zf46_ET,Pipe Types:Uponor MLCP_Leiding wit 100m:3409400,-
1ozauvCGHFgxHC9zf46_EV,Pipe Types:Uponor MLCP_Leiding wit 100m:3409402,-
1ozauvCGHFgxHC9zf46_EP,Pipe Types:Uponor MLCP_Leiding wit 100m:3409404,-
1ozauvCGHFgxHC9zf46_ER,Pipe Types:Uponor MLCP_Leiding wit 100m:3409406,-
1ozauvCGHFgxHC9zf46_1d,Pipe Types:Uponor MLCP_Leiding wit 100m:3409410,-
1ozauvCGHFgxHC9zf46_1W,Pipe Types:Uponor MLCP_Leiding wit 100m:3409413,-
1ozauvCGHFgxHC9zf46_1l,Pipe Types:Uponor MLCP_Leiding wit 100m:3409418,-
1ozauvCGHFgxHC9zf46_1f,Pipe Types:Uponor MLCP_Leiding wit 100m:3409420,-
1ozauvCGHFgxHC9zf46_1h,Pipe Types:Uponor MLCP_Leiding wit 100m:3409422,-
1ozauvCGHFgxHC9zf46_1p,Pipe Types:Uponor MLCP_Leiding wit 100m:3409430,-
1ozauvCGHFgxHC9zf46_1z,Pipe Types:Uponor MLCP_Leiding wit 100m:3409432,-
1ozauvCGHFgxHC9zf46_1$,Pipe Types:Uponor MLCP_Leiding wit 100m:3409434,-
1ozauvCGHFgxHC9zf46_1x,Pipe Types:Uponor MLCP_Leiding wit 100m:3409438,-
1ozauvCGHFgxHC9zf46_17,Pipe Types:Uponor MLCP_Leiding wit 100m:3409442,-
1ozauvCGHFgxHC9zf46_10,Pipe Types:Uponor MLCP_Leiding wit 100m:3409445,-
1ozauvCGHFgxHC9zf46_1D,Pipe Types:Uponor MLCP_Leiding wit 100m:3409448,-
1ozauvCGHFgxHC9zf46_1F,Pipe Types:Uponor MLCP_Leiding wit 100m:3409450,-
1ozauvCGHFgxHC9zf46_1L,Pipe Types:Uponor MLCP_Leiding wit 100m:3409456,-
1ozauvCGHFgxHC9zf46_1H,Pipe Types:Uponor MLCP_Leiding wit 100m:3409460,-
1ozauvCGHFgxHC9zf46_1J,Pipe Types:Uponor MLCP_Leiding wit 100m:3409462,-
1ozauvCGHFgxHC9zf46_1U,Pipe Types:Uponor MLCP_Leiding wit 100m:3409467,-
1ozauvCGHFgxHC9zf46_1R,Pipe Types:Uponor MLCP_Leiding wit 100m:3409470,-
1ozauvCGHFgxHC9zf46_0d,Pipe Types:Uponor MLCP_Leiding wit 100m:3409474,-
1ozauvCGHFgxHC9zf46_0W,Pipe Types:Uponor MLCP_Leiding wit 100m:3409477,-
1ozauvCGHFgxHC9zf46_0j,Pipe Types:Uponor MLCP_Leiding wit 100m:3409480,-
1ozauvCGHFgxHC9zf46_0k,Pipe Types:Uponor MLCP_Leiding wit 100m:3409483,-
1ozauvCGHFgxHC9zf46_0e,Pipe Types:Uponor MLCP_Leiding wit 100m:3409485,-
1ozauvCGHFgxHC9zf46_0x,Pipe Types:Uponor MLCP_Leiding wit 100m:3409502,-
1ozauvCGHFgxHC9zf46_05,Pipe Types:Uponor MLCP_Leiding wit 100m:3409504,-
1ozauvCGHFgxHC9zf46_06,Pipe Types:Uponor MLCP_Leiding wit 100m:3409507,-
1ozauvCGHFgxHC9zf46_0M,Pipe Types:Uponor MLCP_Leiding wit 100m:3409523,-
1ozauvCGHFgxHC9zf46_0S,Pipe Types:Uponor MLCP_Leiding wit 100m:3409529,-
1ozauvCGHFgxHC9zf46_0U,Pipe Types:Uponor MLCP_Leiding wit 100m:3409531,-
1ozauvCGHFgxHC9zf46_3q,Pipe Types:Uponor MLCP_Leiding wit 100m:3409553,-
1ozauvCGHFgxHC9zf46_34,Pipe Types:Uponor MLCP_Leiding wit 100m:3409569,-
1ozauvCGHFgxHC9zf46_32,Pipe Types:Uponor MLCP_Leiding wit 100m:3409575,-
1ozauvCGHFgxHC9zf46_3C,Pipe Types:Uponor MLCP_Leiding wit 100m:3409577,-
1ozauvCGHFgxHC9zf46_38,Pipe Types:Uponor MLCP_Leiding wit 100m:3409581,-
1ozauvCGHFgxHC9zf46_3L,Pipe Types:Uponor MLCP_Leiding wit 100m:3409584,-
1ozauvCGHFgxHC9zf46_2o,Pipe Types:Uponor MLCP_Leiding wit 100m:3409623,-
1ozauvCGHFgxHC9zf46_2y,Pipe Types:Uponor MLCP_Leiding wit 100m:3409625,-
1ozauvCGHFgxHC9zf46_2v,Pipe Types:Uponor MLCP_Leiding wit 100m:3409628,-
1ozauvCGHFgxHC9zf46_2w,Pipe Types:Uponor MLCP_Leiding wit 100m:3409631,-
1ozauvCGHFgxHC9zf46_24,Pipe Types:Uponor MLCP_Leiding wit 100m:3409633,-
1ozauvCGHFgxHC9zf46_26,Pipe Types:Uponor MLCP_Leiding wit 100m:3409635,-
1ozauvCGHFgxHC9zf46_20,Pipe Types:Uponor MLCP_Leiding wit 100m:3409637,-
1ozauvCGHFgxHC9zf46_22,Pipe Types:Uponor MLCP_Leiding wit 100m:3409639,-
1ozauvCGHFgxHC9zf46_2E,Pipe Types:Uponor MLCP_Leiding wit 100m:3409643,-
1ozauvCGHFgxHC9zf46_2B,Pipe Types:Uponor MLCP_Leiding wit 100m:3409646,-
1ozauvCGHFgxHC9zf46_2M,Pipe Types:Uponor MLCP_Leiding wit 100m:3409651,-
1ozauvCGHFgxHC9zf46_2G,Pipe Types:Uponor MLCP_Leiding wit 100m:3409653,-
1ozauvCGHFgxHC9zf46_2I,Pipe Types:Uponor MLCP_Leiding wit 100m:3409655,-
1ozauvCGHFgxHC9zf46_2Q,Pipe Types:Uponor MLCP_Leiding wit 100m:3409663,-
1ozauvCGHFgxHC9zf46_5a,Pipe Types:Uponor MLCP_Leiding wit 100m:3409665,-
1ozauvCGHFgxHC9zf46_5c,Pipe Types:Uponor MLCP_Leiding wit 100m:3409667,-
1ozauvCGHFgxHC9zf46_5Y,Pipe Types:Uponor MLCP_Leiding wit 100m:3409671,-
1ozauvCGHFgxHC9zf46_5k,Pipe Types:Uponor MLCP_Leiding wit 100m:3409675,-
1ozauvCGHFgxHC9zf46_5h,Pipe Types:Uponor MLCP_Leiding wit 100m:3409678,-
1ozauvCGHFgxHC9zf46_5q,Pipe Types:Uponor MLCP_Leiding wit 100m:3409681,-
1ozauvCGHFgxHC9zf46_5s,Pipe Types:Uponor MLCP_Leiding wit 100m:3409683,-
1ozauvCGHFgxHC9zf46_5y,Pipe Types:Uponor MLCP_Leiding wit 100m:3409689,-
1ozauvCGHFgxHC9zf46_5u,Pipe Types:Uponor MLCP_Leiding wit 100m:3409693,-
1ozauvCGHFgxHC9zf46_5w,Pipe Types:Uponor MLCP_Leiding wit 100m:3409695,-
1ozauvCGHFgxHC9zf46_51,Pipe Types:Uponor MLCP_Leiding wit 100m:3409700,-
1ozauvCGHFgxHC9zf46_52,Pipe Types:Uponor MLCP_Leiding wit 100m:3409703,-
1ozauvCGHFgxHC9zf46_5E,Pipe Types:Uponor MLCP_Leiding wit 100m:3409707,-
1ozauvCGHFgxHC9zf46_5B,Pipe Types:Uponor MLCP_Leiding wit 100m:3409710,-
1ozauvCGHFgxHC9zf46_5K,Pipe Types:Uponor MLCP_Leiding wit 100m:3409713,-
1ozauvCGHFgxHC9zf46_5H,Pipe Types:Uponor MLCP_Leiding wit 100m:3409716,-
1ozauvCGHFgxHC9zf46_5J,Pipe Types:Uponor MLCP_Leiding wit 100m:3409718,-
1ozauvCGHFgxHC9zf46_4Y,Pipe Types:Uponor MLCP_Leiding wit 100m:3409735,-
1ozauvCGHFgxHC9zf46_4i,Pipe Types:Uponor MLCP_Leiding wit 100m:3409737,-
1ozauvCGHFgxHC9zf46_4f,Pipe Types:Uponor MLCP_Leiding wit 100m:3409740,-
1ozauvCGHFgxHC9zf46_4v,Pipe Types:Uponor MLCP_Leiding wit 100m:3409756,-
1ozauvCGHFgxHC9zf46_47,Pipe Types:Uponor MLCP_Leiding wit 100m:3409762,-
1ozauvCGHFgxHC9zf46_41,Pipe Types:Uponor MLCP_Leiding wit 100m:3409764,-
1ozauvCGHFgxHC9zf46_4V,Pipe Types:Uponor MLCP_Leiding wit 100m:3409786,-
1ozauvCGHFgxHC9zf46_7l,Pipe Types:Uponor MLCP_Leiding wit 100m:3409802,-
1ozauvCGHFgxHC9zf46_7r,Pipe Types:Uponor MLCP_Leiding wit 100m:3409808,-
1ozauvCGHFgxHC9zf46_7t,Pipe Types:Uponor MLCP_Leiding wit 100m:3409810,-
1ozauvCGHFgxHC9zf46_7p,Pipe Types:Uponor MLCP_Leiding wit 100m:3409814,-
1ozauvCGHFgxHC9zf46_7y,Pipe Types:Uponor MLCP_Leiding wit 100m:3409817,-
1ozauvCGHFgxHC9zf46_6b,Pipe Types:Uponor MLCP_Leiding wit 100m:3409856,-
1ozauvCGHFgxHC9zf46_6d,Pipe Types:Uponor MLCP_Leiding wit 100m:3409858,-
1ozauvCGHFgxHC9zf46_6W,Pipe Types:Uponor MLCP_Leiding wit 100m:3409861,-
1ozauvCGHFgxHC9zf46_6j,Pipe Types:Uponor MLCP_Leiding wit 100m:3409864,-
1ozauvCGHFgxHC9zf46_6l,Pipe Types:Uponor MLCP_Leiding wit 100m:3409866,-
1ozauvCGHFgxHC9zf46_6f,Pipe Types:Uponor MLCP_Leiding wit 100m:3409868,-
1ozauvCGHFgxHC9zf46_6h,Pipe Types:Uponor MLCP_Leiding wit 100m:3409870,-
1ozauvCGHFgxHC9zf46_6r,Pipe Types:Uponor MLCP_Leiding wit 100m:3409872,-
1ozauvCGHFgxHC9zf46_6n,Pipe Types:Uponor MLCP_Leiding wit 100m:3409876,-
1ozauvCGHFgxHC9zf46_6o,Pipe Types:Uponor MLCP_Leiding wit 100m:3409879,-
1ozauvCGHFgxHC9zf46_6v,Pipe Types:Uponor MLCP_Leiding wit 100m:3409884,-
1ozauvCGHFgxHC9zf46_6x,Pipe Types:Uponor MLCP_Leiding wit 100m:3409886,-
1ozauvCGHFgxHC9zf46_65,Pipe Types:Uponor MLCP_Leiding wit 100m:3409888,-
1ozauvCGHFgxHC9zf46_6D,Pipe Types:Uponor MLCP_Leiding wit 100m:3409896,-
1ozauvCGHFgxHC9zf46_6F,Pipe Types:Uponor MLCP_Leiding wit 100m:3409898,-
1ozauvCGHFgxHC9zf46_69,Pipe Types:Uponor MLCP_Leiding wit 100m:3409900,-
1ozauvCGHFgxHC9zf46_6L,Pipe Types:Uponor MLCP_Leiding wit 100m:3409904,-
1ozauvCGHFgxHC9zf46_6H,Pipe Types:Uponor MLCP_Leiding wit 100m:3409908,-
1ozauvCGHFgxHC9zf46_6I,Pipe Types:Uponor MLCP_Leiding wit 100m:3409911,-
1ozauvCGHFgxHC9zf46_6V,Pipe Types:Uponor MLCP_Leiding wit 100m:3409914,-
1ozauvCGHFgxHC9zf46_6P,Pipe Types:Uponor MLCP_Leiding wit 100m:3409916,-
1ozauvCGHFgxHC9zf46_vd,Pipe Types:Uponor MLCP_Leiding wit 100m:3409922,-
1ozauvCGHFgxHC9zf46_vZ,Pipe Types:Uponor MLCP_Leiding wit 100m:3409926,-
1ozauvCGHFgxHC9zf46_vj,Pipe Types:Uponor MLCP_Leiding wit 100m:3409928,-
1ozauvCGHFgxHC9zf46_ve,Pipe Types:Uponor MLCP_Leiding wit 100m:3409933,-
1ozauvCGHFgxHC9zf46_vr,Pipe Types:Uponor MLCP_Leiding wit 100m:3409936,-
1ozauvCGHFgxHC9zf46_vn,Pipe Types:Uponor MLCP_Leiding wit 100m:3409940,-
1ozauvCGHFgxHC9zf46_vo,Pipe Types:Uponor MLCP_Leiding wit 100m:3409943,-
1ozauvCGHFgxHC9zf46_v$,Pipe Types:Uponor MLCP_Leiding wit 100m:3409946,-
1ozauvCGHFgxHC9zf46_vu,Pipe Types:Uponor MLCP_Leiding wit 100m:3409949,-
1ozauvCGHFgxHC9zf46_vw,Pipe Types:Uponor MLCP_Leiding wit 100m:3409951,-
1ozauvCGHFgxHC9zf46_vL,Pipe Types:Uponor MLCP_Leiding wit 100m:3409968,-
1ozauvCGHFgxHC9zf46_vN,Pipe Types:Uponor MLCP_Leiding wit 100m:3409970,-
1ozauvCGHFgxHC9zf46_vG,Pipe Types:Uponor MLCP_Leiding wit 100m:3409973,-
1ozauvCGHFgxHC9zf46_uW,Pipe Types:Uponor MLCP_Leiding wit 100m:3409989,-
1ozauvCGHFgxHC9zf46_uk,Pipe Types:Uponor MLCP_Leiding wit 100m:3409995,-
1ozauvCGHFgxHC9zf46_ue,Pipe Types:Uponor MLCP_Leiding wit 100m:3409997,-
1ozauvCGHFgxHC9zf46_u6,Pipe Types:Uponor MLCP_Leiding wit 100m:3410019,-
1ozauvCGHFgxHC9zf46_uM,Pipe Types:Uponor MLCP_Leiding wit 100m:3410035,-
1ozauvCGHFgxHC9zf46_uS,Pipe Types:Uponor MLCP_Leiding wit 100m:3410041,-
1ozauvCGHFgxHC9zf46_uU,Pipe Types:Uponor MLCP_Leiding wit 100m:3410043,-
1ozauvCGHFgxHC9zf46_uQ,Pipe Types:Uponor MLCP_Leiding wit 100m:3410047,-
1ozauvCGHFgxHC9zf46_xd,Pipe Types:Uponor MLCP_Leiding wit 100m:3410050,-
1ozauvCGHFgxHC9zf46_xC,Pipe Types:Uponor MLCP_Leiding wit 100m:3410089,-
1ozauvCGHFgxHC9zf46_xE,Pipe Types:Uponor MLCP_Leiding wit 100m:3410091,-
1ozauvCGHFgxHC9zf46_xB,Pipe Types:Uponor MLCP_Leiding wit 100m:3410094,-
1ozauvCGHFgxHC9zf46_xK,Pipe Types:Uponor MLCP_Leiding wit 100m:3410097,-
1ozauvCGHFgxHC9zf46_xM,Pipe Types:Uponor MLCP_Leiding wit 100m:3410099,-
1ozauvCGHFgxHC9zf46_xG,Pipe Types:Uponor MLCP_Leiding wit 100m:3410101,-
1ozauvCGHFgxHC9zf46_xI,Pipe Types:Uponor MLCP_Leiding wit 100m:3410103,-
1ozauvCGHFgxHC9zf46_xS,Pipe Types:Uponor MLCP_Leiding wit 100m:3410105,-
1ozauvCGHFgxHC9zf46_xO,Pipe Types:Uponor MLCP_Leiding wit 100m:3410109,-
1ozauvCGHFgxHC9zf46_wb,Pipe Types:Uponor MLCP_Leiding wit 100m:3410112,-
1ozauvCGHFgxHC9zf46_wW,Pipe Types:Uponor MLCP_Leiding wit 100m:3410117,-
1ozauvCGHFgxHC9zf46_wY,Pipe Types:Uponor MLCP_Leiding wit 100m:3410119,-
1ozauvCGHFgxHC9zf46_wi,Pipe Types:Uponor MLCP_Leiding wit 100m:3410121,-
1ozauvCGHFgxHC9zf46_wq,Pipe Types:Uponor MLCP_Leiding wit 100m:3410129,-
1ozauvCGHFgxHC9zf46_ws,Pipe Types:Uponor MLCP_Leiding wit 100m:3410131,-
1ozauvCGHFgxHC9zf46_wm,Pipe Types:Uponor MLCP_Leiding wit 100m:3410133,-
1ozauvCGHFgxHC9zf46_wy,Pipe Types:Uponor MLCP_Leiding wit 100m:3410137,-
1ozauvCGHFgxHC9zf46_wu,Pipe Types:Uponor MLCP_Leiding wit 100m:3410141,-
1ozauvCGHFgxHC9zf46_w5,Pipe Types:Uponor MLCP_Leiding wit 100m:3410144,-
1ozauvCGHFgxHC9zf46_w6,Pipe Types:Uponor MLCP_Leiding wit 100m:3410147,-
1ozauvCGHFgxHC9zf46_w0,Pipe Types:Uponor MLCP_Leiding wit 100m:3410149,-
1ozauvCGHFgxHC9zf46_wE,Pipe Types:Uponor MLCP_Leiding wit 100m:3410155,-
1ozauvCGHFgxHC9zf46_wA,Pipe Types:Uponor MLCP_Leiding wit 100m:3410159,-
1ozauvCGHFgxHC9zf46_wK,Pipe Types:Uponor MLCP_Leiding wit 100m:3410161,-
1ozauvCGHFgxHC9zf46_wJ,Pipe Types:Uponor MLCP_Leiding wit 100m:3410166,-
1ozauvCGHFgxHC9zf46_wS,Pipe Types:Uponor MLCP_Leiding wit 100m:3410169,-
1ozauvCGHFgxHC9zf46_wO,Pipe Types:Uponor MLCP_Leiding wit 100m:3410173,-
1ozauvCGHFgxHC9zf46_zb,Pipe Types:Uponor MLCP_Leiding wit 100m:3410176,-
1ozauvCGHFgxHC9zf46_zc,Pipe Types:Uponor MLCP_Leiding wit 100m:3410179,-
1ozauvCGHFgxHC9zf46_zZ,Pipe Types:Uponor MLCP_Leiding wit 100m:3410182,-
1ozauvCGHFgxHC9zf46_zj,Pipe Types:Uponor MLCP_Leiding wit 100m:3410184,-
1ozauvCGHFgxHC9zf46_zy,Pipe Types:Uponor MLCP_Leiding wit 100m:3410201,-
1ozauvCGHFgxHC9zf46_z_,Pipe Types:Uponor MLCP_Leiding wit 100m:3410203,-
1ozauvCGHFgxHC9zf46_zx,Pipe Types:Uponor MLCP_Leiding wit 100m:3410206,-
1ozauvCGHFgxHC9zf46_zB,Pipe Types:Uponor MLCP_Leiding wit 100m:3410222,-
1ozauvCGHFgxHC9zf46_zH,Pipe Types:Uponor MLCP_Leiding wit 100m:3410228,-
1ozauvCGHFgxHC9zf46_zJ,Pipe Types:Uponor MLCP_Leiding wit 100m:3410230,-
1ozauvCGHFgxHC9zf46_yf,Pipe Types:Uponor MLCP_Leiding wit 100m:3410252,-
1ozauvCGHFgxHC9zf46_yv,Pipe Types:Uponor MLCP_Leiding wit 100m:3410268,-
1ozauvCGHFgxHC9zf46_y7,Pipe Types:Uponor MLCP_Leiding wit 100m:3410274,-
1ozauvCGHFgxHC9zf46_y1,Pipe Types:Uponor MLCP_Leiding wit 100m:3410276,-
1ozauvCGHFgxHC9zf46_yD,Pipe Types:Uponor MLCP_Leiding wit 100m:3410280,-
1ozauvCGHFgxHC9zf46_yE,Pipe Types:Uponor MLCP_Leiding wit 100m:3410283,-
1ozauvCGHFgxHC9zf46_$t,Pipe Types:Uponor MLCP_Leiding wit 100m:3410322,-
1ozauvCGHFgxHC9zf46_$n,Pipe Types:Uponor MLCP_Leiding wit 100m:3410324,-
1ozauvCGHFgxHC9zf46_$o,Pipe Types:Uponor MLCP_Leiding wit 100m:3410327,-
1ozauvCGHFgxHC9zf46_$$,Pipe Types:Uponor MLCP_Leiding wit 100m:3410330,-
1ozauvCGHFgxHC9zf46_$v,Pipe Types:Uponor MLCP_Leiding wit 100m:3410332,-
1ozauvCGHFgxHC9zf46_$x,Pipe Types:Uponor MLCP_Leiding wit 100m:3410334,-
1ozauvCGHFgxHC9zf46_$5,Pipe Types:Uponor MLCP_Leiding wit 100m:3410336,-
1ozauvCGHFgxHC9zf46_$7,Pipe Types:Uponor MLCP_Leiding wit 100m:3410338,-
1ozauvCGHFgxHC9zf46_$3,Pipe Types:Uponor MLCP_Leiding wit 100m:3410342,-
1ozauvCGHFgxHC9zf46_$C,Pipe Types:Uponor MLCP_Leiding wit 100m:3410345,-
1ozauvCGHFgxHC9zf46_$B,Pipe Types:Uponor MLCP_Leiding wit 100m:3410350,-
1ozauvCGHFgxHC9zf46_$L,Pipe Types:Uponor MLCP_Leiding wit 100m:3410352,-
1ozauvCGHFgxHC9zf46_$N,Pipe Types:Uponor MLCP_Leiding wit 100m:3410354,-
1ozauvCGHFgxHC9zf46_$V,Pipe Types:Uponor MLCP_Leiding wit 100m:3410362,-
1ozauvCGHFgxHC9zf46_$P,Pipe Types:Uponor MLCP_Leiding wit 100m:3410364,-
1ozauvCGHFgxHC9zf46_$R,Pipe Types:Uponor MLCP_Leiding wit 100m:3410366,-
1ozauvCGHFgxHC9zf46__d,Pipe Types:Uponor MLCP_Leiding wit 100m:3410370,-
1ozauvCGHFgxHC9zf46__Z,Pipe Types:Uponor MLCP_Leiding wit 100m:3410374,-
1ozauvCGHFgxHC9zf46__i,Pipe Types:Uponor MLCP_Leiding wit 100m:3410377,-
1ozauvCGHFgxHC9zf46__f,Pipe Types:Uponor MLCP_Leiding wit 100m:3410380,-
1ozauvCGHFgxHC9zf46__h,Pipe Types:Uponor MLCP_Leiding wit 100m:3410382,-
1ozauvCGHFgxHC9zf46__n,Pipe Types:Uponor MLCP_Leiding wit 100m:3410388,-
1ozauvCGHFgxHC9zf46__z,Pipe Types:Uponor MLCP_Leiding wit 100m:3410392,-
1ozauvCGHFgxHC9zf46__$,Pipe Types:Uponor MLCP_Leiding wit 100m:3410394,-
1ozauvCGHFgxHC9zf46__w,Pipe Types:Uponor MLCP_Leiding wit 100m:3410399,-
1ozauvCGHFgxHC9zf46__7,Pipe Types:Uponor MLCP_Leiding wit 100m:3410402,-
1ozauvCGHFgxHC9zf46__3,Pipe Types:Uponor MLCP_Leiding wit 100m:3410406,-
1ozauvCGHFgxHC9zf46__C,Pipe Types:Uponor MLCP_Leiding wit 100m:3410409,-
1ozauvCGHFgxHC9zf46__9,Pipe Types:Uponor MLCP_Leiding wit 100m:3410412,-
1ozauvCGHFgxHC9zf46__A,Pipe Types:Uponor MLCP_Leiding wit 100m:3410415,-
1ozauvCGHFgxHC9zf46__K,Pipe Types:Uponor MLCP_Leiding wit 100m:3410417,-
1ozauvCGHFgxHC9zf46_nd,Pipe Types:Uponor MLCP_Leiding wit 100m:3410434,-
1ozauvCGHFgxHC9zf46_nX,Pipe Types:Uponor MLCP_Leiding wit 100m:3410436,-
1ozauvCGHFgxHC9zf46_nY,Pipe Types:Uponor MLCP_Leiding wit 100m:3410439,-
1ozauvCGHFgxHC9zf46_no,Pipe Types:Uponor MLCP_Leiding wit 100m:3410455,-
1ozauvCGHFgxHC9zf46_nu,Pipe Types:Uponor MLCP_Leiding wit 100m:3410461,-
1ozauvCGHFgxHC9zf46_nw,Pipe Types:Uponor MLCP_Leiding wit 100m:3410463,-
1ozauvCGHFgxHC9zf46_nG,Pipe Types:Uponor MLCP_Leiding wit 100m:3410485,-
1ozauvCGHFgxHC9zf46_mW,Pipe Types:Uponor MLCP_Leiding wit 100m:3410501,-
1ozauvCGHFgxHC9zf46_mk,Pipe Types:Uponor MLCP_Leiding wit 100m:3410507,-
1ozauvCGHFgxHC9zf46_me,Pipe Types:Uponor MLCP_Leiding wit 100m:3410509,-
1ozauvCGHFgxHC9zf46_mq,Pipe Types:Uponor MLCP_Leiding wit 100m:3410513,-
1ozauvCGHFgxHC9zf46_mn,Pipe Types:Uponor MLCP_Leiding wit 100m:3410516,-
1ozauvCGHFgxHC9zf46_mU,Pipe Types:Uponor MLCP_Leiding wit 100m:3410555,-
1ozauvCGHFgxHC9zf46_mO,Pipe Types:Uponor MLCP_Leiding wit 100m:3410557,-
1ozauvCGHFgxHC9zf46_pb,Pipe Types:Uponor MLCP_Leiding wit 100m:3410560,-
1ozauvCGHFgxHC9zf46_pc,Pipe Types:Uponor MLCP_Leiding wit 100m:3410563,-
1ozauvCGHFgxHC9zf46_pW,Pipe Types:Uponor MLCP_Leiding wit 100m:3410565,-
1ozauvCGHFgxHC9zf46_pY,Pipe Types:Uponor MLCP_Leiding wit 100m:3410567,-
1ozauvCGHFgxHC9zf46_pi,Pipe Types:Uponor MLCP_Leiding wit 100m:3410569,-
1ozauvCGHFgxHC9zf46_pk,Pipe Types:Uponor MLCP_Leiding wit 100m:3410571,-
1ozauvCGHFgxHC9zf46_pg,Pipe Types:Uponor MLCP_Leiding wit 100m:3410575,-
1ozauvCGHFgxHC9zf46_pt,Pipe Types:Uponor MLCP_Leiding wit 100m:3410578,-
1ozauvCGHFgxHC9zf46_po,Pipe Types:Uponor MLCP_Leiding wit 100m:3410583,-
1ozauvCGHFgxHC9zf46_py,Pipe Types:Uponor MLCP_Leiding wit 100m:3410585,-
1ozauvCGHFgxHC9zf46_p_,Pipe Types:Uponor MLCP_Leiding wit 100m:3410587,-
1ozauvCGHFgxHC9zf46_p6,Pipe Types:Uponor MLCP_Leiding wit 100m:3410595,-
1ozauvCGHFgxHC9zf46_p0,Pipe Types:Uponor MLCP_Leiding wit 100m:3410597,-
1ozauvCGHFgxHC9zf46_p2,Pipe Types:Uponor MLCP_Leiding wit 100m:3410599,-
1ozauvCGHFgxHC9zf46_pE,Pipe Types:Uponor MLCP_Leiding wit 100m:3410603,-
1ozauvCGHFgxHC9zf46_pA,Pipe Types:Uponor MLCP_Leiding wit 100m:3410607,-
1ozauvCGHFgxHC9zf46_pN,Pipe Types:Uponor MLCP_Leiding wit 100m:3410610,-
1ozauvCGHFgxHC9zf46_pG,Pipe Types:Uponor MLCP_Leiding wit 100m:3410613,-
1ozauvCGHFgxHC9zf46_pI,Pipe Types:Uponor MLCP_Leiding wit 100m:3410615,-
1ozauvCGHFgxHC9zf46_pO,Pipe Types:Uponor MLCP_Leiding wit 100m:3410621,-
1ozauvCGHFgxHC9zf46_oa,Pipe Types:Uponor MLCP_Leiding wit 100m:3410625,-
1ozauvCGHFgxHC9zf46_oc,Pipe Types:Uponor MLCP_Leiding wit 100m:3410627,-
1ozauvCGHFgxHC9zf46_oj,Pipe Types:Uponor MLCP_Leiding wit 100m:3410632,-
1ozauvCGHFgxHC9zf46_ok,Pipe Types:Uponor MLCP_Leiding wit 100m:3410635,-
1ozauvCGHFgxHC9zf46_og,Pipe Types:Uponor MLCP_Leiding wit 100m:3410639,-
1ozauvCGHFgxHC9zf46_ot,Pipe Types:Uponor MLCP_Leiding wit 100m:3410642,-
1ozauvCGHFgxHC9zf46_om,Pipe Types:Uponor MLCP_Leiding wit 100m:3410645,-
1ozauvCGHFgxHC9zf46_oz,Pipe Types:Uponor MLCP_Leiding wit 100m:3410648,-
1ozauvCGHFgxHC9zf46_o$,Pipe Types:Uponor MLCP_Leiding wit 100m:3410650,-
1ozauvCGHFgxHC9zf46_oE,Pipe Types:Uponor MLCP_Leiding wit 100m:3410667,-
1ozauvCGHFgxHC9zf46_o8,Pipe Types:Uponor MLCP_Leiding wit 100m:3410669,-
1ozauvCGHFgxHC9zf46_oL,Pipe Types:Uponor MLCP_Leiding wit 100m:3410672,-
1ozauvCGHFgxHC9zf46_rb,Pipe Types:Uponor MLCP_Leiding wit 100m:3410688,-
1ozauvCGHFgxHC9zf46_rZ,Pipe Types:Uponor MLCP_Leiding wit 100m:3410694,-
1ozauvCGHFgxHC9zf46_rj,Pipe Types:Uponor MLCP_Leiding wit 100m:3410696,-
1ozauvCGHFgxHC9zf46_rx,Pipe Types:Uponor MLCP_Leiding wit 100m:3410718,-
1ozauvCGHFgxHC9zf46_rB,Pipe Types:Uponor MLCP_Leiding wit 100m:3410734,-
1ozauvCGHFgxHC9zf46_rH,Pipe Types:Uponor MLCP_Leiding wit 100m:3410740,-
1ozauvCGHFgxHC9zf46_rJ,Pipe Types:Uponor MLCP_Leiding wit 100m:3410742,-
1ozauvCGHFgxHC9zf46_rV,Pipe Types:Uponor MLCP_Leiding wit 100m:3410746,-
1ozauvCGHFgxHC9zf46_rO,Pipe Types:Uponor MLCP_Leiding wit 100m:3410749,-
1ozauvCGHFgxHC9zf46_lE,Pipe Types:Uponor MLCP_Leiding wit 100m:3411371,-
1ozauvCGHFgxHC9zf46_aD,Pipe Types:Uponor MLCP_Leiding wit 100m:3411816,-
1ozauvCGHFgxHC9zf46_aA,Pipe Types:Uponor MLCP_Leiding wit 100m:3411823,-
1ozauvCGHFgxHC9zf46_aJ,Pipe Types:Uponor MLCP_Leiding wit 100m:3411830,-
1ozauvCGHFgxHC9zf46_aO,Pipe Types:Uponor MLCP_Leiding wit 100m:3411837,-
1ozauvCGHFgxHC9zf46_dX,Pipe Types:Uponor MLCP_Leiding wit 100m:3411844,-
1ozauvCGHFgxHC9zf46_dk,Pipe Types:Uponor MLCP_Leiding wit 100m:3411851,-
1ozauvCGHFgxHC9zf46_dt,Pipe Types:Uponor MLCP_Leiding wit 100m:3411858,-
1ozauvCGHFgxHC9zf46_dy,Pipe Types:Uponor MLCP_Leiding wit 100m:3411865,-
1ozauvCGHFgxHC9zf46_d5,Pipe Types:Uponor MLCP_Leiding wit 100m:3411872,-
1ozauvCGHFgxHC9zf46_d2,Pipe Types:Uponor MLCP_Leiding wit 100m:3411879,-
1ozauvCGHFgxHC9zf46_dB,Pipe Types:Uponor MLCP_Leiding wit 100m:3411886,-
1ozauvCGHFgxHC9zf46_dG,Pipe Types:Uponor MLCP_Leiding wit 100m:3411893,-
3x$GkbgnfC9QCSP_JqN9zN,Pipe Types:Uponor MLCP_Leiding wit 100m:3422588,-
3x$GkbgnfC9QCSP_JqN9zL,Pipe Types:Uponor MLCP_Leiding wit 100m:3422590,-
3x$GkbgnfC9QCSP_JqN9_g,Pipe Types:Uponor MLCP_Leiding wit 100m:3422593,-
3x$GkbgnfC9QCSP_JqN9_l,Pipe Types:Uponor MLCP_Leiding wit 100m:3422596,-
3x$GkbgnfC9QCSP_JqN9_j,Pipe Types:Uponor MLCP_Leiding wit 100m:3422598,-
3x$GkbgnfC9QCSP_JqN9_Z,Pipe Types:Uponor MLCP_Leiding wit 100m:3422600,-
3x$GkbgnfC9QCSP_JqN9_X,Pipe Types:Uponor MLCP_Leiding wit 100m:3422602,-
3x$GkbgnfC9QCSP_JqN9_d,Pipe Types:Uponor MLCP_Leiding wit 100m:3422604,-
3x$GkbgnfC9QCSP_JqN9_x,Pipe Types:Uponor MLCP_Leiding wit 100m:3422608,-
3x$GkbgnfC9QCSP_JqN9_u,Pipe Types:Uponor MLCP_Leiding wit 100m:3422611,-
3x$GkbgnfC9QCSP_JqN9_p,Pipe Types:Uponor MLCP_Leiding wit 100m:3422616,-
3x$GkbgnfC9QCSP_JqN9_n,Pipe Types:Uponor MLCP_Leiding wit 100m:3422618,-
3x$GkbgnfC9QCSP_JqN9_t,Pipe Types:Uponor MLCP_Leiding wit 100m:3422620,-
3x$GkbgnfC9QCSP_JqN9_F,Pipe Types:Uponor MLCP_Leiding wit 100m:3422628,-
3x$GkbgnfC9QCSP_JqN9_3,Pipe Types:Uponor MLCP_Leiding wit 100m:3422632,-
3x$GkbgnfC9QCSP_JqN9_7,Pipe Types:Uponor MLCP_Leiding wit 100m:3422636,-
3x$GkbgnfC9QCSP_JqN9_R,Pipe Types:Uponor MLCP_Leiding wit 100m:3422640,-
3x$GkbgnfC9QCSP_JqN9_O,Pipe Types:Uponor MLCP_Leiding wit 100m:3422643,-
3x$GkbgnfC9QCSP_JqN9_T,Pipe Types:Uponor MLCP_Leiding wit 100m:3422646,-
3x$GkbgnfC9QCSP_JqN9_J,Pipe Types:Uponor MLCP_Leiding wit 100m:3422648,-
3x$GkbgnfC9QCSP_JqN9_L,Pipe Types:Uponor MLCP_Leiding wit 100m:3422654,-
3x$GkbgnfC9QCSP_JqN9$f,Pipe Types:Uponor MLCP_Leiding wit 100m:3422658,-
3x$GkbgnfC9QCSP_JqN9$l,Pipe Types:Uponor MLCP_Leiding wit 100m:3422660,-
3x$GkbgnfC9QCSP_JqN9$Y,Pipe Types:Uponor MLCP_Leiding wit 100m:3422665,-
3x$GkbgnfC9QCSP_JqN9$d,Pipe Types:Uponor MLCP_Leiding wit 100m:3422668,-
3x$GkbgnfC9QCSP_JqN9$x,Pipe Types:Uponor MLCP_Leiding wit 100m:3422672,-
3x$GkbgnfC9QCSP_JqN9$u,Pipe Types:Uponor MLCP_Leiding wit 100m:3422675,-
3x$GkbgnfC9QCSP_JqN9$z,Pipe Types:Uponor MLCP_Leiding wit 100m:3422678,-
3x$GkbgnfC9QCSP_JqN9$o,Pipe Types:Uponor MLCP_Leiding wit 100m:3422681,-
3x$GkbgnfC9QCSP_JqN9$m,Pipe Types:Uponor MLCP_Leiding wit 100m:3422683,-
3x$GkbgnfC9QCSP_JqN9$5,Pipe Types:Uponor MLCP_Leiding wit 100m:3422702,-
3x$GkbgnfC9QCSP_JqN9$Q,Pipe Types:Uponor MLCP_Leiding wit 100m:3422705,-
3x$GkbgnfC9QCSP_JqN9$M,Pipe Types:Uponor MLCP_Leiding wit 100m:3422717,-
3x$GkbgnfC9QCSP_JqN9me,Pipe Types:Uponor MLCP_Leiding wit 100m:3422723,-
3x$GkbgnfC9QCSP_JqN9mk,Pipe Types:Uponor MLCP_Leiding wit 100m:3422725,-
3x$GkbgnfC9QCSP_JqN9mm,Pipe Types:Uponor MLCP_Leiding wit 100m:3422747,-
3x$GkbgnfC9QCSP_JqN9m0,Pipe Types:Uponor MLCP_Leiding wit 100m:3422763,-
3x$GkbgnfC9QCSP_JqN9mQ,Pipe Types:Uponor MLCP_Leiding wit 100m:3422769,-
3x$GkbgnfC9QCSP_JqN9mO,Pipe Types:Uponor MLCP_Leiding wit 100m:3422771,-
3x$GkbgnfC9QCSP_JqN9mS,Pipe Types:Uponor MLCP_Leiding wit 100m:3422775,-
3x$GkbgnfC9QCSP_JqN9mH,Pipe Types:Uponor MLCP_Leiding wit 100m:3422778,-
3x$GkbgnfC9QCSP_JqN9mM,Pipe Types:Uponor MLCP_Leiding wit 100m:3422781,-
3x$GkbgnfC9QCSP_JqN9tU,Pipe Types:Uponor MLCP_Leiding wit 100m:3423221,-
3x$GkbgnfC9QCSP_JqN9tK,Pipe Types:Uponor MLCP_Leiding wit 100m:3423231,-
3x$GkbgnfC9QCSP_JqN9g2,Pipe Types:Uponor MLCP_Leiding wit 100m:3423401,-
3x$GkbgnfC9QCSP_JqNEQr,Pipe Types:Uponor MLCP_Leiding wit 100m:3424414,-
3x$GkbgnfC9QCSP_JqNEQA,Pipe Types:Uponor MLCP_Leiding wit 100m:3424417,-
3x$GkbgnfC9QCSP_JqNEQ8,Pipe Types:Uponor MLCP_Leiding wit 100m:3424419,-
3x$GkbgnfC9QCSP_JqNEQ1,Pipe Types:Uponor MLCP_Leiding wit 100m:3424426,-
3x$GkbgnfC9QCSP_JqNEQ7,Pipe Types:Uponor MLCP_Leiding wit 100m:3424428,-
3x$GkbgnfC9QCSP_JqNEQQ,Pipe Types:Uponor MLCP_Leiding wit 100m:3424433,-
3x$GkbgnfC9QCSP_JqNEQV,Pipe Types:Uponor MLCP_Leiding wit 100m:3424436,-
3x$GkbgnfC9QCSP_JqNEQT,Pipe Types:Uponor MLCP_Leiding wit 100m:3424438,-
3x$GkbgnfC9QCSP_JqNEQJ,Pipe Types:Uponor MLCP_Leiding wit 100m:3424440,-
3x$GkbgnfC9QCSP_JqNEQH,Pipe Types:Uponor MLCP_Leiding wit 100m:3424442,-
3x$GkbgnfC9QCSP_JqNEQN,Pipe Types:Uponor MLCP_Leiding wit 100m:3424444,-
3x$GkbgnfC9QCSP_JqNERj,Pipe Types:Uponor MLCP_Leiding wit 100m:3424454,-
3x$GkbgnfC9QCSP_JqNERY,Pipe Types:Uponor MLCP_Leiding wit 100m:3424457,-
3x$GkbgnfC9QCSP_JqNERb,Pipe Types:Uponor MLCP_Leiding wit 100m:3424462,-
3x$GkbgnfC9QCSP_JqNERx,Pipe Types:Uponor MLCP_Leiding wit 100m:3424464,-
3x$GkbgnfC9QCSP_JqNERv,Pipe Types:Uponor MLCP_Leiding wit 100m:3424466,-
3x$GkbgnfC9QCSP_JqNERE,Pipe Types:Uponor MLCP_Leiding wit 100m:3424485,-
3x$GkbgnfC9QCSP_JqNER2,Pipe Types:Uponor MLCP_Leiding wit 100m:3424489,-
3x$GkbgnfC9QCSP_JqNER0,Pipe Types:Uponor MLCP_Leiding wit 100m:3424491,-
3x$GkbgnfC9QCSP_JqNERU,Pipe Types:Uponor MLCP_Leiding wit 100m:3424501,-
3x$GkbgnfC9QCSP_JqNERI,Pipe Types:Uponor MLCP_Leiding wit 100m:3424505,-
3x$GkbgnfC9QCSP_JqNERN,Pipe Types:Uponor MLCP_Leiding wit 100m:3424508,-
3x$GkbgnfC9QCSP_JqNESc,Pipe Types:Uponor MLCP_Leiding wit 100m:3424525,-
3x$GkbgnfC9QCSP_JqNES_,Pipe Types:Uponor MLCP_Leiding wit 100m:3424533,-
3x$GkbgnfC9QCSP_JqNESp,Pipe Types:Uponor MLCP_Leiding wit 100m:3424536,-
3x$GkbgnfC9QCSP_JqNESA,Pipe Types:Uponor MLCP_Leiding wit 100m:3424545,-
3x$GkbgnfC9QCSP_JqNESC,Pipe Types:Uponor MLCP_Leiding wit 100m:3424551,-
3x$GkbgnfC9QCSP_JqNES0,Pipe Types:Uponor MLCP_Leiding wit 100m:3424555,-
3x$GkbgnfC9QCSP_JqNES4,Pipe Types:Uponor MLCP_Leiding wit 100m:3424559,-
3x$GkbgnfC9QCSP_JqNESQ,Pipe Types:Uponor MLCP_Leiding wit 100m:3424561,-
3x$GkbgnfC9QCSP_JqNEST,Pipe Types:Uponor MLCP_Leiding wit 100m:3424566,-
3x$GkbgnfC9QCSP_JqNESI,Pipe Types:Uponor MLCP_Leiding wit 100m:3424569,-
3x$GkbgnfC9QCSP_JqNETe,Pipe Types:Uponor MLCP_Leiding wit 100m:3424579,-
3x$GkbgnfC9QCSP_JqNETj,Pipe Types:Uponor MLCP_Leiding wit 100m:3424582,-
3x$GkbgnfC9QCSP_JqNETY,Pipe Types:Uponor MLCP_Leiding wit 100m:3424585,-
3x$GkbgnfC9QCSP_JqNETc,Pipe Types:Uponor MLCP_Leiding wit 100m:3424589,-
3x$GkbgnfC9QCSP_JqNETw,Pipe Types:Uponor MLCP_Leiding wit 100m:3424593,-
3x$GkbgnfC9QCSP_JqNET$,Pipe Types:Uponor MLCP_Leiding wit 100m:3424596,-
3x$GkbgnfC9QCSP_JqNETy,Pipe Types:Uponor MLCP_Leiding wit 100m:3424599,-
3x$GkbgnfC9QCSP_JqNETo,Pipe Types:Uponor MLCP_Leiding wit 100m:3424601,-
3x$GkbgnfC9QCSP_JqNEHP,Pipe Types:Uponor MLCP_Leiding wit 100m:3424882,-
36Y5O7qIHCpfq0E6zuE9PP,Pipe Types:Uponor MLCP_Leiding wit 100m:3425692,-
2uzEct6_r9KvE9l88YDPqp,Pipe Types:Uponor MLCP_Leiding wit 100m:3427930,-
2uzEct6_r9KvE9l88YDPqq,Pipe Types:Uponor MLCP_Leiding wit 100m:3427933,-
2uzEct6_r9KvE9l88YDPqs,Pipe Types:Uponor MLCP_Leiding wit 100m:3427935,-
2uzEct6_r9KvE9l88YDPqD,Pipe Types:Uponor MLCP_Leiding wit 100m:3427940,-
2uzEct6_r9KvE9l88YDPqF,Pipe Types:Uponor MLCP_Leiding wit 100m:3427942,-
2uzEct6_r9KvE9l88YDPq2,Pipe Types:Uponor MLCP_Leiding wit 100m:3427947,-
2uzEct6_r9KvE9l88YDPq7,Pipe Types:Uponor MLCP_Leiding wit 100m:3427950,-
2uzEct6_r9KvE9l88YDPqP,Pipe Types:Uponor MLCP_Leiding wit 100m:3427952,-
2uzEct6_r9KvE9l88YDPqR,Pipe Types:Uponor MLCP_Leiding wit 100m:3427954,-
2uzEct6_r9KvE9l88YDPqT,Pipe Types:Uponor MLCP_Leiding wit 100m:3427956,-
2uzEct6_r9KvE9l88YDPqV,Pipe Types:Uponor MLCP_Leiding wit 100m:3427958,-
2uzEct6_r9KvE9l88YDPqJ,Pipe Types:Uponor MLCP_Leiding wit 100m:3427962,-
2uzEct6_r9KvE9l88YDPqK,Pipe Types:Uponor MLCP_Leiding wit 100m:3427965,-
2uzEct6_r9KvE9l88YDPth,Pipe Types:Uponor MLCP_Leiding wit 100m:3427970,-
2uzEct6_r9KvE9l88YDPtj,Pipe Types:Uponor MLCP_Leiding wit 100m:3427972,-
2uzEct6_r9KvE9l88YDPtl,Pipe Types:Uponor MLCP_Leiding wit 100m:3427974,-
2uzEct6_r9KvE9l88YDPt_,Pipe Types:Uponor MLCP_Leiding wit 100m:3427991,-
2uzEct6_r9KvE9l88YDPto,Pipe Types:Uponor MLCP_Leiding wit 100m:3427995,-
2uzEct6_r9KvE9l88YDPtq,Pipe Types:Uponor MLCP_Leiding wit 100m:3427997,-
2uzEct6_r9KvE9l88YDPtC,Pipe Types:Uponor MLCP_Leiding wit 100m:3428005,-
2uzEct6_r9KvE9l88YDPt0,Pipe Types:Uponor MLCP_Leiding wit 100m:3428009,-
2uzEct6_r9KvE9l88YDPt5,Pipe Types:Uponor MLCP_Leiding wit 100m:3428012,-
2uzEct6_r9KvE9l88YDPtK,Pipe Types:Uponor MLCP_Leiding wit 100m:3428029,-
2uzEct6_r9KvE9l88YDPsg,Pipe Types:Uponor MLCP_Leiding wit 100m:3428035,-
2uzEct6_r9KvE9l88YDPsl,Pipe Types:Uponor MLCP_Leiding wit 100m:3428038,-
2uzEct6_r9KvE9l88YDPsc,Pipe Types:Uponor MLCP_Leiding wit 100m:3428047,-
2uzEct6_r9KvE9l88YDPsy,Pipe Types:Uponor MLCP_Leiding wit 100m:3428053,-
2uzEct6_r9KvE9l88YDPsm,Pipe Types:Uponor MLCP_Leiding wit 100m:3428057,-
2uzEct6_r9KvE9l88YDPsq,Pipe Types:Uponor MLCP_Leiding wit 100m:3428061,-
2uzEct6_r9KvE9l88YDPss,Pipe Types:Uponor MLCP_Leiding wit 100m:3428063,-
2uzEct6_r9KvE9l88YDPsD,Pipe Types:Uponor MLCP_Leiding wit 100m:3428068,-
2uzEct6_r9KvE9l88YDPsE,Pipe Types:Uponor MLCP_Leiding wit 100m:3428071,-
2uzEct6_r9KvE9l88YDPsO,Pipe Types:Uponor MLCP_Leiding wit 100m:3428081,-
2uzEct6_r9KvE9l88YDPsT,Pipe Types:Uponor MLCP_Leiding wit 100m:3428084,-
2uzEct6_r9KvE9l88YDPsU,Pipe Types:Uponor MLCP_Leiding wit 100m:3428087,-
2uzEct6_r9KvE9l88YDPsJ,Pipe Types:Uponor MLCP_Leiding wit 100m:3428090,-
2uzEct6_r9KvE9l88YDPsN,Pipe Types:Uponor MLCP_Leiding wit 100m:3428094,-
2uzEct6_r9KvE9l88YDPne,Pipe Types:Uponor MLCP_Leiding wit 100m:3428097,-
2uzEct6_r9KvE9l88YDPnj,Pipe Types:Uponor MLCP_Leiding wit 100m:3428100,-
2uzEct6_r9KvE9l88YDPnl,Pipe Types:Uponor MLCP_Leiding wit 100m:3428102,-
2uzEct6_r9KvE9l88YDPnZ,Pipe Types:Uponor MLCP_Leiding wit 100m:3428106,-
2uzEct6_r9KvE9l88YDPnx,Pipe Types:Uponor MLCP_Leiding wit 100m:3428114,-
2uzEct6_r9KvE9l88YDR0G,Pipe Types:Uponor MLCP_Leiding wit 100m:3433337,-
2uzEct6_r9KvE9l88YDR0L,Pipe Types:Uponor MLCP_Leiding wit 100m:3433340,-
2uzEct6_r9KvE9l88YDR0N,Pipe Types:Uponor MLCP_Leiding wit 100m:3433342,-
2uzEct6_r9KvE9l88YDR3g,Pipe Types:Uponor MLCP_Leiding wit 100m:3433347,-
2uzEct6_r9KvE9l88YDR3i,Pipe Types:Uponor MLCP_Leiding wit 100m:3433349,-
2uzEct6_r9KvE9l88YDR3Z,Pipe Types:Uponor MLCP_Leiding wit 100m:3433354,-
2uzEct6_r9KvE9l88YDR3a,Pipe Types:Uponor MLCP_Leiding wit 100m:3433357,-
2uzEct6_r9KvE9l88YDR3c,Pipe Types:Uponor MLCP_Leiding wit 100m:3433359,-
2uzEct6_r9KvE9l88YDR3u,Pipe Types:Uponor MLCP_Leiding wit 100m:3433361,-
2uzEct6_r9KvE9l88YDR3w,Pipe Types:Uponor MLCP_Leiding wit 100m:3433363,-
2uzEct6_r9KvE9l88YDR3y,Pipe Types:Uponor MLCP_Leiding wit 100m:3433365,-
2uzEct6_r9KvE9l88YDR3m,Pipe Types:Uponor MLCP_Leiding wit 100m:3433369,-
2uzEct6_r9KvE9l88YDR3r,Pipe Types:Uponor MLCP_Leiding wit 100m:3433372,-
2uzEct6_r9KvE9l88YDR38,Pipe Types:Uponor MLCP_Leiding wit 100m:3433377,-
2uzEct6_r9KvE9l88YDR3A,Pipe Types:Uponor MLCP_Leiding wit 100m:3433379,-
2uzEct6_r9KvE9l88YDR3C,Pipe Types:Uponor MLCP_Leiding wit 100m:3433381,-
2uzEct6_r9KvE9l88YDR3V,Pipe Types:Uponor MLCP_Leiding wit 100m:3433398,-
2uzEct6_r9KvE9l88YDR3J,Pipe Types:Uponor MLCP_Leiding wit 100m:3433402,-
2uzEct6_r9KvE9l88YDR3L,Pipe Types:Uponor MLCP_Leiding wit 100m:3433404,-
2uzEct6_r9KvE9l88YDR2j,Pipe Types:Uponor MLCP_Leiding wit 100m:3433412,-
2uzEct6_r9KvE9l88YDR2X,Pipe Types:Uponor MLCP_Leiding wit 100m:3433416,-
2uzEct6_r9KvE9l88YDR2Y,Pipe Types:Uponor MLCP_Leiding wit 100m:3433419,-
2uzEct6_r9KvE9l88YDR2r,Pipe Types:Uponor MLCP_Leiding wit 100m:3433436,-
2uzEct6_r9KvE9l88YDR2B,Pipe Types:Uponor MLCP_Leiding wit 100m:3433442,-
2uzEct6_r9KvE9l88YDR2C,Pipe Types:Uponor MLCP_Leiding wit 100m:3433445,-
2uzEct6_r9KvE9l88YDR27,Pipe Types:Uponor MLCP_Leiding wit 100m:3433454,-
2uzEct6_r9KvE9l88YDR2T,Pipe Types:Uponor MLCP_Leiding wit 100m:3433460,-
2uzEct6_r9KvE9l88YDR2H,Pipe Types:Uponor MLCP_Leiding wit 100m:3433464,-
2uzEct6_r9KvE9l88YDR2L,Pipe Types:Uponor MLCP_Leiding wit 100m:3433468,-
2uzEct6_r9KvE9l88YDR2N,Pipe Types:Uponor MLCP_Leiding wit 100m:3433470,-
2uzEct6_r9KvE9l88YDRTg,Pipe Types:Uponor MLCP_Leiding wit 100m:3433475,-
2uzEct6_r9KvE9l88YDRTl,Pipe Types:Uponor MLCP_Leiding wit 100m:3433478,-
2uzEct6_r9KvE9l88YDRTv,Pipe Types:Uponor MLCP_Leiding wit 100m:3433488,-
2uzEct6_r9KvE9l88YDRTw,Pipe Types:Uponor MLCP_Leiding wit 100m:3433491,-
2uzEct6_r9KvE9l88YDRT$,Pipe Types:Uponor MLCP_Leiding wit 100m:3433494,-
2uzEct6_r9KvE9l88YDRTm,Pipe Types:Uponor MLCP_Leiding wit 100m:3433497,-
2uzEct6_r9KvE9l88YDRTq,Pipe Types:Uponor MLCP_Leiding wit 100m:3433501,-
2uzEct6_r9KvE9l88YDRT9,Pipe Types:Uponor MLCP_Leiding wit 100m:3433504,-
2uzEct6_r9KvE9l88YDRTA,Pipe Types:Uponor MLCP_Leiding wit 100m:3433507,-
2uzEct6_r9KvE9l88YDRTC,Pipe Types:Uponor MLCP_Leiding wit 100m:3433509,-
2uzEct6_r9KvE9l88YDRT0,Pipe Types:Uponor MLCP_Leiding wit 100m:3433513,-
2uzEct6_r9KvE9l88YDRTO,Pipe Types:Uponor MLCP_Leiding wit 100m:3433521,-
2uzEct6_r9KvE9l88YDRSC,Pipe Types:Uponor MLCP_Leiding wit 100m:3433573,-
2uzEct6_r9KvE9l88YDRS1,Pipe Types:Uponor MLCP_Leiding wit 100m:3433576,-
2uzEct6_r9KvE9l88YDRS3,Pipe Types:Uponor MLCP_Leiding wit 100m:3433578,-
2uzEct6_r9KvE9l88YDRS6,Pipe Types:Uponor MLCP_Leiding wit 100m:3433583,-
2uzEct6_r9KvE9l88YDRSO,Pipe Types:Uponor MLCP_Leiding wit 100m:3433585,-
2uzEct6_r9KvE9l88YDRSV,Pipe Types:Uponor MLCP_Leiding wit 100m:3433590,-
2uzEct6_r9KvE9l88YDRSG,Pipe Types:Uponor MLCP_Leiding wit 100m:3433593,-
2uzEct6_r9KvE9l88YDRSI,Pipe Types:Uponor MLCP_Leiding wit 100m:3433595,-
2uzEct6_r9KvE9l88YDRSK,Pipe Types:Uponor MLCP_Leiding wit 100m:3433597,-
2uzEct6_r9KvE9l88YDRSM,Pipe Types:Uponor MLCP_Leiding wit 100m:3433599,-
2uzEct6_r9KvE9l88YDRVe,Pipe Types:Uponor MLCP_Leiding wit 100m:3433601,-
2uzEct6_r9KvE9l88YDRVi,Pipe Types:Uponor MLCP_Leiding wit 100m:3433605,-
2uzEct6_r9KvE9l88YDRVX,Pipe Types:Uponor MLCP_Leiding wit 100m:3433608,-
2uzEct6_r9KvE9l88YDRVa,Pipe Types:Uponor MLCP_Leiding wit 100m:3433613,-
2uzEct6_r9KvE9l88YDRVc,Pipe Types:Uponor MLCP_Leiding wit 100m:3433615,-
2uzEct6_r9KvE9l88YDRVu,Pipe Types:Uponor MLCP_Leiding wit 100m:3433617,-
2uzEct6_r9KvE9l88YDRVB,Pipe Types:Uponor MLCP_Leiding wit 100m:3433634,-
2uzEct6_r9KvE9l88YDRVF,Pipe Types:Uponor MLCP_Leiding wit 100m:3433638,-
2uzEct6_r9KvE9l88YDRV1,Pipe Types:Uponor MLCP_Leiding wit 100m:3433640,-
2uzEct6_r9KvE9l88YDRVP,Pipe Types:Uponor MLCP_Leiding wit 100m:3433648,-
2uzEct6_r9KvE9l88YDRVT,Pipe Types:Uponor MLCP_Leiding wit 100m:3433652,-
2uzEct6_r9KvE9l88YDRVU,Pipe Types:Uponor MLCP_Leiding wit 100m:3433655,-
2uzEct6_r9KvE9l88YDRUX,Pipe Types:Uponor MLCP_Leiding wit 100m:3433672,-
2uzEct6_r9KvE9l88YDRUd,Pipe Types:Uponor MLCP_Leiding wit 100m:3433678,-
2uzEct6_r9KvE9l88YDRUu,Pipe Types:Uponor MLCP_Leiding wit 100m:3433681,-
2uzEct6_r9KvE9l88YDRUp,Pipe Types:Uponor MLCP_Leiding wit 100m:3433690,-
2uzEct6_r9KvE9l88YDRU9,Pipe Types:Uponor MLCP_Leiding wit 100m:3433696,-
2uzEct6_r9KvE9l88YDRUD,Pipe Types:Uponor MLCP_Leiding wit 100m:3433700,-
2uzEct6_r9KvE9l88YDRU1,Pipe Types:Uponor MLCP_Leiding wit 100m:3433704,-
2uzEct6_r9KvE9l88YDRU3,Pipe Types:Uponor MLCP_Leiding wit 100m:3433706,-
2uzEct6_r9KvE9l88YDRU6,Pipe Types:Uponor MLCP_Leiding wit 100m:3433711,-
2uzEct6_r9KvE9l88YDRUR,Pipe Types:Uponor MLCP_Leiding wit 100m:3433714,-
2uzEct6_r9KvE9l88YDRUL,Pipe Types:Uponor MLCP_Leiding wit 100m:3433724,-
2uzEct6_r9KvE9l88YDRUM,Pipe Types:Uponor MLCP_Leiding wit 100m:3433727,-
2uzEct6_r9KvE9l88YDRPh,Pipe Types:Uponor MLCP_Leiding wit 100m:3433730,-
2uzEct6_r9KvE9l88YDRPi,Pipe Types:Uponor MLCP_Leiding wit 100m:3433733,-
2uzEct6_r9KvE9l88YDRPW,Pipe Types:Uponor MLCP_Leiding wit 100m:3433737,-
2uzEct6_r9KvE9l88YDRPb,Pipe Types:Uponor MLCP_Leiding wit 100m:3433740,-
2uzEct6_r9KvE9l88YDRPc,Pipe Types:Uponor MLCP_Leiding wit 100m:3433743,-
2uzEct6_r9KvE9l88YDRPu,Pipe Types:Uponor MLCP_Leiding wit 100m:3433745,-
2uzEct6_r9KvE9l88YDRPy,Pipe Types:Uponor MLCP_Leiding wit 100m:3433749,-
2uzEct6_r9KvE9l88YDRPq,Pipe Types:Uponor MLCP_Leiding wit 100m:3433757,-
2uzEct6_r9KvE9l88YDROd,Pipe Types:Uponor MLCP_Leiding wit 100m:3433806,-
2uzEct6_r9KvE9l88YDROu,Pipe Types:Uponor MLCP_Leiding wit 100m:3433809,-
2uzEct6_r9KvE9l88YDROw,Pipe Types:Uponor MLCP_Leiding wit 100m:3433811,-
2uzEct6_r9KvE9l88YDROn,Pipe Types:Uponor MLCP_Leiding wit 100m:3433816,-
2uzEct6_r9KvE9l88YDROp,Pipe Types:Uponor MLCP_Leiding wit 100m:3433818,-
2uzEct6_r9KvE9l88YDROs,Pipe Types:Uponor MLCP_Leiding wit 100m:3433823,-
2uzEct6_r9KvE9l88YDROB,Pipe Types:Uponor MLCP_Leiding wit 100m:3433826,-
2uzEct6_r9KvE9l88YDROD,Pipe Types:Uponor MLCP_Leiding wit 100m:3433828,-
2uzEct6_r9KvE9l88YDROF,Pipe Types:Uponor MLCP_Leiding wit 100m:3433830,-
2uzEct6_r9KvE9l88YDRO1,Pipe Types:Uponor MLCP_Leiding wit 100m:3433832,-
2uzEct6_r9KvE9l88YDRO3,Pipe Types:Uponor MLCP_Leiding wit 100m:3433834,-
2uzEct6_r9KvE9l88YDRO7,Pipe Types:Uponor MLCP_Leiding wit 100m:3433838,-
2uzEct6_r9KvE9l88YDROO,Pipe Types:Uponor MLCP_Leiding wit 100m:3433841,-
2uzEct6_r9KvE9l88YDROV,Pipe Types:Uponor MLCP_Leiding wit 100m:3433846,-
2uzEct6_r9KvE9l88YDROH,Pipe Types:Uponor MLCP_Leiding wit 100m:3433848,-
2uzEct6_r9KvE9l88YDROJ,Pipe Types:Uponor MLCP_Leiding wit 100m:3433850,-
2uzEct6_r9KvE9l88YDRRY,Pipe Types:Uponor MLCP_Leiding wit 100m:3433867,-
2uzEct6_r9KvE9l88YDRRc,Pipe Types:Uponor MLCP_Leiding wit 100m:3433871,-
2uzEct6_r9KvE9l88YDRRu,Pipe Types:Uponor MLCP_Leiding wit 100m:3433873,-
2uzEct6_r9KvE9l88YDRRm,Pipe Types:Uponor MLCP_Leiding wit 100m:3433881,-
2uzEct6_r9KvE9l88YDRRq,Pipe Types:Uponor MLCP_Leiding wit 100m:3433885,-
2uzEct6_r9KvE9l88YDRR9,Pipe Types:Uponor MLCP_Leiding wit 100m:3433888,-
2uzEct6_r9KvE9l88YDRRO,Pipe Types:Uponor MLCP_Leiding wit 100m:3433905,-
2uzEct6_r9KvE9l88YDRRU,Pipe Types:Uponor MLCP_Leiding wit 100m:3433911,-
2uzEct6_r9KvE9l88YDRRJ,Pipe Types:Uponor MLCP_Leiding wit 100m:3433914,-
2uzEct6_r9KvE9l88YDRQg,Pipe Types:Uponor MLCP_Leiding wit 100m:3433923,-
2uzEct6_r9KvE9l88YDRQW,Pipe Types:Uponor MLCP_Leiding wit 100m:3433929,-
2uzEct6_r9KvE9l88YDRQa,Pipe Types:Uponor MLCP_Leiding wit 100m:3433933,-
2uzEct6_r9KvE9l88YDRQu,Pipe Types:Uponor MLCP_Leiding wit 100m:3433937,-
2uzEct6_r9KvE9l88YDRQw,Pipe Types:Uponor MLCP_Leiding wit 100m:3433939,-
2uzEct6_r9KvE9l88YDRQn,Pipe Types:Uponor MLCP_Leiding wit 100m:3433944,-
2uzEct6_r9KvE9l88YDRQo,Pipe Types:Uponor MLCP_Leiding wit 100m:3433947,-
2uzEct6_r9KvE9l88YDRQC,Pipe Types:Uponor MLCP_Leiding wit 100m:3433957,-
2uzEct6_r9KvE9l88YDRQ1,Pipe Types:Uponor MLCP_Leiding wit 100m:3433960,-
2uzEct6_r9KvE9l88YDRQ2,Pipe Types:Uponor MLCP_Leiding wit 100m:3433963,-
2uzEct6_r9KvE9l88YDRQ7,Pipe Types:Uponor MLCP_Leiding wit 100m:3433966,-
2uzEct6_r9KvE9l88YDRQR,Pipe Types:Uponor MLCP_Leiding wit 100m:3433970,-
2uzEct6_r9KvE9l88YDRQS,Pipe Types:Uponor MLCP_Leiding wit 100m:3433973,-
2uzEct6_r9KvE9l88YDRQH,Pipe Types:Uponor MLCP_Leiding wit 100m:3433976,-
2uzEct6_r9KvE9l88YDRQJ,Pipe Types:Uponor MLCP_Leiding wit 100m:3433978,-
2uzEct6_r9KvE9l88YDRQN,Pipe Types:Uponor MLCP_Leiding wit 100m:3433982,-
2uzEct6_r9KvE9l88YDRLl,Pipe Types:Uponor MLCP_Leiding wit 100m:3433990,-
2uzEct6_r9KvE9l88YDRLU,Pipe Types:Uponor MLCP_Leiding wit 100m:3434039,-
2uzEct6_r9KvE9l88YDRLJ,Pipe Types:Uponor MLCP_Leiding wit 100m:3434042,-
2uzEct6_r9KvE9l88YDRLL,Pipe Types:Uponor MLCP_Leiding wit 100m:3434044,-
2uzEct6_r9KvE9l88YDRKe,Pipe Types:Uponor MLCP_Leiding wit 100m:3434049,-
2uzEct6_r9KvE9l88YDRKg,Pipe Types:Uponor MLCP_Leiding wit 100m:3434051,-
2uzEct6_r9KvE9l88YDRKX,Pipe Types:Uponor MLCP_Leiding wit 100m:3434056,-
2uzEct6_r9KvE9l88YDRKY,Pipe Types:Uponor MLCP_Leiding wit 100m:3434059,-
2uzEct6_r9KvE9l88YDRKa,Pipe Types:Uponor MLCP_Leiding wit 100m:3434061,-
2uzEct6_r9KvE9l88YDRKc,Pipe Types:Uponor MLCP_Leiding wit 100m:3434063,-
2uzEct6_r9KvE9l88YDRKu,Pipe Types:Uponor MLCP_Leiding wit 100m:3434065,-
2uzEct6_r9KvE9l88YDRKw,Pipe Types:Uponor MLCP_Leiding wit 100m:3434067,-
2uzEct6_r9KvE9l88YDRK_,Pipe Types:Uponor MLCP_Leiding wit 100m:3434071,-
2uzEct6_r9KvE9l88YDRKp,Pipe Types:Uponor MLCP_Leiding wit 100m:3434074,-
2uzEct6_r9KvE9l88YDRKs,Pipe Types:Uponor MLCP_Leiding wit 100m:3434079,-
2uzEct6_r9KvE9l88YDRK8,Pipe Types:Uponor MLCP_Leiding wit 100m:3434081,-
2uzEct6_r9KvE9l88YDRKA,Pipe Types:Uponor MLCP_Leiding wit 100m:3434083,-
2uzEct6_r9KvE9l88YDRKT,Pipe Types:Uponor MLCP_Leiding wit 100m:3434100,-
2uzEct6_r9KvE9l88YDRKH,Pipe Types:Uponor MLCP_Leiding wit 100m:3434104,-
2uzEct6_r9KvE9l88YDRKJ,Pipe Types:Uponor MLCP_Leiding wit 100m:3434106,-
2uzEct6_r9KvE9l88YDRNh,Pipe Types:Uponor MLCP_Leiding wit 100m:3434114,-
2uzEct6_r9KvE9l88YDRNl,Pipe Types:Uponor MLCP_Leiding wit 100m:3434118,-
2uzEct6_r9KvE9l88YDRNW,Pipe Types:Uponor MLCP_Leiding wit 100m:3434121,-
2uzEct6_r9KvE9l88YDRNp,Pipe Types:Uponor MLCP_Leiding wit 100m:3434138,-
2uzEct6_r9KvE9l88YDRN9,Pipe Types:Uponor MLCP_Leiding wit 100m:3434144,-
2uzEct6_r9KvE9l88YDRNA,Pipe Types:Uponor MLCP_Leiding wit 100m:3434147,-
2uzEct6_r9KvE9l88YDRN5,Pipe Types:Uponor MLCP_Leiding wit 100m:3434156,-
2uzEct6_r9KvE9l88YDRNR,Pipe Types:Uponor MLCP_Leiding wit 100m:3434162,-
2uzEct6_r9KvE9l88YDRNV,Pipe Types:Uponor MLCP_Leiding wit 100m:3434166,-
2uzEct6_r9KvE9l88YDRNJ,Pipe Types:Uponor MLCP_Leiding wit 100m:3434170,-
2uzEct6_r9KvE9l88YDRNL,Pipe Types:Uponor MLCP_Leiding wit 100m:3434172,-
2uzEct6_r9KvE9l88YDRMe,Pipe Types:Uponor MLCP_Leiding wit 100m:3434177,-
2uzEct6_r9KvE9l88YDRMj,Pipe Types:Uponor MLCP_Leiding wit 100m:3434180,-
2uzEct6_r9KvE9l88YDRMd,Pipe Types:Uponor MLCP_Leiding wit 100m:3434190,-
2uzEct6_r9KvE9l88YDRMu,Pipe Types:Uponor MLCP_Leiding wit 100m:3434193,-
2uzEct6_r9KvE9l88YDRMz,Pipe Types:Uponor MLCP_Leiding wit 100m:3434196,-
2uzEct6_r9KvE9l88YDRM_,Pipe Types:Uponor MLCP_Leiding wit 100m:3434199,-
2uzEct6_r9KvE9l88YDRMo,Pipe Types:Uponor MLCP_Leiding wit 100m:3434203,-
2uzEct6_r9KvE9l88YDRMt,Pipe Types:Uponor MLCP_Leiding wit 100m:3434206,-
2uzEct6_r9KvE9l88YDRM8,Pipe Types:Uponor MLCP_Leiding wit 100m:3434209,-
2uzEct6_r9KvE9l88YDRMA,Pipe Types:Uponor MLCP_Leiding wit 100m:3434211,-
2uzEct6_r9KvE9l88YDRME,Pipe Types:Uponor MLCP_Leiding wit 100m:3434215,-
2uzEct6_r9KvE9l88YDRM6,Pipe Types:Uponor MLCP_Leiding wit 100m:3434223,-
2uzEct6_r9KvE9l88YDRH9,Pipe Types:Uponor MLCP_Leiding wit 100m:3434272,-
2uzEct6_r9KvE9l88YDRHA,Pipe Types:Uponor MLCP_Leiding wit 100m:3434275,-
2uzEct6_r9KvE9l88YDRHC,Pipe Types:Uponor MLCP_Leiding wit 100m:3434277,-
2uzEct6_r9KvE9l88YDRH3,Pipe Types:Uponor MLCP_Leiding wit 100m:3434282,-
2uzEct6_r9KvE9l88YDRH5,Pipe Types:Uponor MLCP_Leiding wit 100m:3434284,-
2uzEct6_r9KvE9l88YDRHO,Pipe Types:Uponor MLCP_Leiding wit 100m:3434289,-
2uzEct6_r9KvE9l88YDRHT,Pipe Types:Uponor MLCP_Leiding wit 100m:3434292,-
2uzEct6_r9KvE9l88YDRHV,Pipe Types:Uponor MLCP_Leiding wit 100m:3434294,-
2uzEct6_r9KvE9l88YDRHH,Pipe Types:Uponor MLCP_Leiding wit 100m:3434296,-
2uzEct6_r9KvE9l88YDRHJ,Pipe Types:Uponor MLCP_Leiding wit 100m:3434298,-
2uzEct6_r9KvE9l88YDRHL,Pipe Types:Uponor MLCP_Leiding wit 100m:3434300,-
2uzEct6_r9KvE9l88YDRGf,Pipe Types:Uponor MLCP_Leiding wit 100m:3434304,-
2uzEct6_r9KvE9l88YDRGg,Pipe Types:Uponor MLCP_Leiding wit 100m:3434307,-
2uzEct6_r9KvE9l88YDRGX,Pipe Types:Uponor MLCP_Leiding wit 100m:3434312,-
2uzEct6_r9KvE9l88YDRGZ,Pipe Types:Uponor MLCP_Leiding wit 100m:3434314,-
2uzEct6_r9KvE9l88YDRGb,Pipe Types:Uponor MLCP_Leiding wit 100m:3434316,-
2uzEct6_r9KvE9l88YDRGq,Pipe Types:Uponor MLCP_Leiding wit 100m:3434333,-
2uzEct6_r9KvE9l88YDRG8,Pipe Types:Uponor MLCP_Leiding wit 100m:3434337,-
2uzEct6_r9KvE9l88YDRGA,Pipe Types:Uponor MLCP_Leiding wit 100m:3434339,-
2uzEct6_r9KvE9l88YDRG2,Pipe Types:Uponor MLCP_Leiding wit 100m:3434347,-
2uzEct6_r9KvE9l88YDRG6,Pipe Types:Uponor MLCP_Leiding wit 100m:3434351,-
2uzEct6_r9KvE9l88YDRGR,Pipe Types:Uponor MLCP_Leiding wit 100m:3434354,-
2uzEct6_r9KvE9l88YDRJg,Pipe Types:Uponor MLCP_Leiding wit 100m:3434371,-
2uzEct6_r9KvE9l88YDRJW,Pipe Types:Uponor MLCP_Leiding wit 100m:3434377,-
2uzEct6_r9KvE9l88YDRJb,Pipe Types:Uponor MLCP_Leiding wit 100m:3434380,-
2uzEct6_r9KvE9l88YDRJy,Pipe Types:Uponor MLCP_Leiding wit 100m:3434389,-
2uzEct6_r9KvE9l88YDRJo,Pipe Types:Uponor MLCP_Leiding wit 100m:3434395,-
2uzEct6_r9KvE9l88YDRJs,Pipe Types:Uponor MLCP_Leiding wit 100m:3434399,-
2uzEct6_r9KvE9l88YDRJA,Pipe Types:Uponor MLCP_Leiding wit 100m:3434403,-
2uzEct6_r9KvE9l88YDRJC,Pipe Types:Uponor MLCP_Leiding wit 100m:3434405,-
2uzEct6_r9KvE9l88YDRJ3,Pipe Types:Uponor MLCP_Leiding wit 100m:3434410,-
2uzEct6_r9KvE9l88YDRJ4,Pipe Types:Uponor MLCP_Leiding wit 100m:3434413,-
2uzEct6_r9KvE9l88YDRJU,Pipe Types:Uponor MLCP_Leiding wit 100m:3434423,-
2uzEct6_r9KvE9l88YDRJJ,Pipe Types:Uponor MLCP_Leiding wit 100m:3434426,-
2uzEct6_r9KvE9l88YDRJK,Pipe Types:Uponor MLCP_Leiding wit 100m:3434429,-
2uzEct6_r9KvE9l88YDRIf,Pipe Types:Uponor MLCP_Leiding wit 100m:3434432,-
2uzEct6_r9KvE9l88YDRIj,Pipe Types:Uponor MLCP_Leiding wit 100m:3434436,-
2uzEct6_r9KvE9l88YDRIk,Pipe Types:Uponor MLCP_Leiding wit 100m:3434439,-
2uzEct6_r9KvE9l88YDRIZ,Pipe Types:Uponor MLCP_Leiding wit 100m:3434442,-
2uzEct6_r9KvE9l88YDRIb,Pipe Types:Uponor MLCP_Leiding wit 100m:3434444,-
2uzEct6_r9KvE9l88YDRIv,Pipe Types:Uponor MLCP_Leiding wit 100m:3434448,-
2uzEct6_r9KvE9l88YDRIn,Pipe Types:Uponor MLCP_Leiding wit 100m:3434456,-
2uzEct6_r9KvE9l88YDRjW,Pipe Types:Uponor MLCP_Leiding wit 100m:3434505,-
2uzEct6_r9KvE9l88YDRjb,Pipe Types:Uponor MLCP_Leiding wit 100m:3434508,-
2uzEct6_r9KvE9l88YDRjd,Pipe Types:Uponor MLCP_Leiding wit 100m:3434510,-
2uzEct6_r9KvE9l88YDRjw,Pipe Types:Uponor MLCP_Leiding wit 100m:3434515,-
2uzEct6_r9KvE9l88YDRjy,Pipe Types:Uponor MLCP_Leiding wit 100m:3434517,-
2uzEct6_r9KvE9l88YDRjp,Pipe Types:Uponor MLCP_Leiding wit 100m:3434522,-
2uzEct6_r9KvE9l88YDRjq,Pipe Types:Uponor MLCP_Leiding wit 100m:3434525,-
2uzEct6_r9KvE9l88YDRjs,Pipe Types:Uponor MLCP_Leiding wit 100m:3434527,-
2uzEct6_r9KvE9l88YDRj8,Pipe Types:Uponor MLCP_Leiding wit 100m:3434529,-
2uzEct6_r9KvE9l88YDRjA,Pipe Types:Uponor MLCP_Leiding wit 100m:3434531,-
2uzEct6_r9KvE9l88YDRjC,Pipe Types:Uponor MLCP_Leiding wit 100m:3434533,-
2uzEct6_r9KvE9l88YDRj0,Pipe Types:Uponor MLCP_Leiding wit 100m:3434537,-
2uzEct6_r9KvE9l88YDRj5,Pipe Types:Uponor MLCP_Leiding wit 100m:3434540,-
2uzEct6_r9KvE9l88YDRjO,Pipe Types:Uponor MLCP_Leiding wit 100m:3434545,-
2uzEct6_r9KvE9l88YDRjQ,Pipe Types:Uponor MLCP_Leiding wit 100m:3434547,-
2uzEct6_r9KvE9l88YDRjS,Pipe Types:Uponor MLCP_Leiding wit 100m:3434549,-
2uzEct6_r9KvE9l88YDRil,Pipe Types:Uponor MLCP_Leiding wit 100m:3434566,-
2uzEct6_r9KvE9l88YDRiZ,Pipe Types:Uponor MLCP_Leiding wit 100m:3434570,-
2uzEct6_r9KvE9l88YDRib,Pipe Types:Uponor MLCP_Leiding wit 100m:3434572,-
2uzEct6_r9KvE9l88YDRiz,Pipe Types:Uponor MLCP_Leiding wit 100m:3434580,-
2uzEct6_r9KvE9l88YDRin,Pipe Types:Uponor MLCP_Leiding wit 100m:3434584,-
2uzEct6_r9KvE9l88YDRio,Pipe Types:Uponor MLCP_Leiding wit 100m:3434587,-
2uzEct6_r9KvE9l88YDRi5,Pipe Types:Uponor MLCP_Leiding wit 100m:3434604,-
2uzEct6_r9KvE9l88YDRiR,Pipe Types:Uponor MLCP_Leiding wit 100m:3434610,-
2uzEct6_r9KvE9l88YDRiS,Pipe Types:Uponor MLCP_Leiding wit 100m:3434613,-
2uzEct6_r9KvE9l88YDRiN,Pipe Types:Uponor MLCP_Leiding wit 100m:3434622,-
2uzEct6_r9KvE9l88YDRlj,Pipe Types:Uponor MLCP_Leiding wit 100m:3434628,-
2uzEct6_r9KvE9l88YDRlX,Pipe Types:Uponor MLCP_Leiding wit 100m:3434632,-
2uzEct6_r9KvE9l88YDRlb,Pipe Types:Uponor MLCP_Leiding wit 100m:3434636,-
2uzEct6_r9KvE9l88YDRld,Pipe Types:Uponor MLCP_Leiding wit 100m:3434638,-
2uzEct6_r9KvE9l88YDRlw,Pipe Types:Uponor MLCP_Leiding wit 100m:3434643,-
2uzEct6_r9KvE9l88YDRl$,Pipe Types:Uponor MLCP_Leiding wit 100m:3434646,-
2uzEct6_r9KvE9l88YDRl9,Pipe Types:Uponor MLCP_Leiding wit 100m:3434656,-
2uzEct6_r9KvE9l88YDRlA,Pipe Types:Uponor MLCP_Leiding wit 100m:3434659,-
2uzEct6_r9KvE9l88YDRlF,Pipe Types:Uponor MLCP_Leiding wit 100m:3434662,-
2uzEct6_r9KvE9l88YDRl0,Pipe Types:Uponor MLCP_Leiding wit 100m:3434665,-
2uzEct6_r9KvE9l88YDRl4,Pipe Types:Uponor MLCP_Leiding wit 100m:3434669,-
2uzEct6_r9KvE9l88YDRlP,Pipe Types:Uponor MLCP_Leiding wit 100m:3434672,-
2uzEct6_r9KvE9l88YDRlQ,Pipe Types:Uponor MLCP_Leiding wit 100m:3434675,-
2uzEct6_r9KvE9l88YDRlS,Pipe Types:Uponor MLCP_Leiding wit 100m:3434677,-
2uzEct6_r9KvE9l88YDRlG,Pipe Types:Uponor MLCP_Leiding wit 100m:3434681,-
2uzEct6_r9KvE9l88YDRke,Pipe Types:Uponor MLCP_Leiding wit 100m:3434689,-
2uzEct6_r9KvE9l88YDRkR,Pipe Types:Uponor MLCP_Leiding wit 100m:3434738,-
2uzEct6_r9KvE9l88YDRkS,Pipe Types:Uponor MLCP_Leiding wit 100m:3434741,-
2uzEct6_r9KvE9l88YDRkU,Pipe Types:Uponor MLCP_Leiding wit 100m:3434743,-
2uzEct6_r9KvE9l88YDRkL,Pipe Types:Uponor MLCP_Leiding wit 100m:3434748,-
2uzEct6_r9KvE9l88YDRkN,Pipe Types:Uponor MLCP_Leiding wit 100m:3434750,-
2uzEct6_r9KvE9l88YDRfg,Pipe Types:Uponor MLCP_Leiding wit 100m:3434755,-
2uzEct6_r9KvE9l88YDRfl,Pipe Types:Uponor MLCP_Leiding wit 100m:3434758,-
2uzEct6_r9KvE9l88YDRfX,Pipe Types:Uponor MLCP_Leiding wit 100m:3434760,-
2uzEct6_r9KvE9l88YDRfZ,Pipe Types:Uponor MLCP_Leiding wit 100m:3434762,-
2uzEct6_r9KvE9l88YDRfb,Pipe Types:Uponor MLCP_Leiding wit 100m:3434764,-
2uzEct6_r9KvE9l88YDRfd,Pipe Types:Uponor MLCP_Leiding wit 100m:3434766,-
2uzEct6_r9KvE9l88YDRfx,Pipe Types:Uponor MLCP_Leiding wit 100m:3434770,-
2uzEct6_r9KvE9l88YDRfy,Pipe Types:Uponor MLCP_Leiding wit 100m:3434773,-
2uzEct6_r9KvE9l88YDRfp,Pipe Types:Uponor MLCP_Leiding wit 100m:3434778,-
2uzEct6_r9KvE9l88YDRfr,Pipe Types:Uponor MLCP_Leiding wit 100m:3434780,-
2uzEct6_r9KvE9l88YDRft,Pipe Types:Uponor MLCP_Leiding wit 100m:3434782,-
2uzEct6_r9KvE9l88YDRf6,Pipe Types:Uponor MLCP_Leiding wit 100m:3434799,-
2uzEct6_r9KvE9l88YDRfQ,Pipe Types:Uponor MLCP_Leiding wit 100m:3434803,-
2uzEct6_r9KvE9l88YDRfS,Pipe Types:Uponor MLCP_Leiding wit 100m:3434805,-
2uzEct6_r9KvE9l88YDRfK,Pipe Types:Uponor MLCP_Leiding wit 100m:3434813,-
2uzEct6_r9KvE9l88YDRee,Pipe Types:Uponor MLCP_Leiding wit 100m:3434817,-
2uzEct6_r9KvE9l88YDRej,Pipe Types:Uponor MLCP_Leiding wit 100m:3434820,-
2uzEct6_r9KvE9l88YDRey,Pipe Types:Uponor MLCP_Leiding wit 100m:3434837,-
2uzEct6_r9KvE9l88YDReo,Pipe Types:Uponor MLCP_Leiding wit 100m:3434843,-
2uzEct6_r9KvE9l88YDRet,Pipe Types:Uponor MLCP_Leiding wit 100m:3434846,-
2uzEct6_r9KvE9l88YDReE,Pipe Types:Uponor MLCP_Leiding wit 100m:3434855,-
2uzEct6_r9KvE9l88YDRe4,Pipe Types:Uponor MLCP_Leiding wit 100m:3434861,-
2uzEct6_r9KvE9l88YDReO,Pipe Types:Uponor MLCP_Leiding wit 100m:3434865,-
2uzEct6_r9KvE9l88YDReS,Pipe Types:Uponor MLCP_Leiding wit 100m:3434869,-
2uzEct6_r9KvE9l88YDReU,Pipe Types:Uponor MLCP_Leiding wit 100m:3434871,-
2uzEct6_r9KvE9l88YDReL,Pipe Types:Uponor MLCP_Leiding wit 100m:3434876,-
2uzEct6_r9KvE9l88YDReM,Pipe Types:Uponor MLCP_Leiding wit 100m:3434879,-
2uzEct6_r9KvE9l88YDRhW,Pipe Types:Uponor MLCP_Leiding wit 100m:3434889,-
2uzEct6_r9KvE9l88YDRhb,Pipe Types:Uponor MLCP_Leiding wit 100m:3434892,-
2uzEct6_r9KvE9l88YDRhc,Pipe Types:Uponor MLCP_Leiding wit 100m:3434895,-
2uzEct6_r9KvE9l88YDRhx,Pipe Types:Uponor MLCP_Leiding wit 100m:3434898,-
2uzEct6_r9KvE9l88YDRh$,Pipe Types:Uponor MLCP_Leiding wit 100m:3434902,-
2uzEct6_r9KvE9l88YDRhm,Pipe Types:Uponor MLCP_Leiding wit 100m:3434905,-
2uzEct6_r9KvE9l88YDRhr,Pipe Types:Uponor MLCP_Leiding wit 100m:3434908,-
2uzEct6_r9KvE9l88YDRht,Pipe Types:Uponor MLCP_Leiding wit 100m:3434910,-
2uzEct6_r9KvE9l88YDRhB,Pipe Types:Uponor MLCP_Leiding wit 100m:3434914,-
2uzEct6_r9KvE9l88YDRh3,Pipe Types:Uponor MLCP_Leiding wit 100m:3434922,-
2uzEct6_r9KvE9l88YDRgo,Pipe Types:Uponor MLCP_Leiding wit 100m:3434971,-
2uzEct6_r9KvE9l88YDRgt,Pipe Types:Uponor MLCP_Leiding wit 100m:3434974,-
2uzEct6_r9KvE9l88YDRg9,Pipe Types:Uponor MLCP_Leiding wit 100m:3434976,-
2uzEct6_r9KvE9l88YDRgC,Pipe Types:Uponor MLCP_Leiding wit 100m:3434981,-
2uzEct6_r9KvE9l88YDRgE,Pipe Types:Uponor MLCP_Leiding wit 100m:3434983,-
2uzEct6_r9KvE9l88YDRg5,Pipe Types:Uponor MLCP_Leiding wit 100m:3434988,-
2uzEct6_r9KvE9l88YDRg6,Pipe Types:Uponor MLCP_Leiding wit 100m:3434991,-
2uzEct6_r9KvE9l88YDRgO,Pipe Types:Uponor MLCP_Leiding wit 100m:3434993,-
2uzEct6_r9KvE9l88YDRgQ,Pipe Types:Uponor MLCP_Leiding wit 100m:3434995,-
2uzEct6_r9KvE9l88YDRgS,Pipe Types:Uponor MLCP_Leiding wit 100m:3434997,-
2uzEct6_r9KvE9l88YDRgU,Pipe Types:Uponor MLCP_Leiding wit 100m:3434999,-
2uzEct6_r9KvE9l88YDRgI,Pipe Types:Uponor MLCP_Leiding wit 100m:3435003,-
2uzEct6_r9KvE9l88YDRgN,Pipe Types:Uponor MLCP_Leiding wit 100m:3435006,-
2uzEct6_r9KvE9l88YDRbg,Pipe Types:Uponor MLCP_Leiding wit 100m:3435011,-
2uzEct6_r9KvE9l88YDRbi,Pipe Types:Uponor MLCP_Leiding wit 100m:3435013,-
2uzEct6_r9KvE9l88YDRbk,Pipe Types:Uponor MLCP_Leiding wit 100m:3435015,-
2uzEct6_r9KvE9l88YDRbn,Pipe Types:Uponor MLCP_Leiding wit 100m:3435032,-
2uzEct6_r9KvE9l88YDRbr,Pipe Types:Uponor MLCP_Leiding wit 100m:3435036,-
2uzEct6_r9KvE9l88YDRbt,Pipe Types:Uponor MLCP_Leiding wit 100m:3435038,-
2uzEct6_r9KvE9l88YDRbF,Pipe Types:Uponor MLCP_Leiding wit 100m:3435046,-
2uzEct6_r9KvE9l88YDRb3,Pipe Types:Uponor MLCP_Leiding wit 100m:3435050,-
2uzEct6_r9KvE9l88YDRb4,Pipe Types:Uponor MLCP_Leiding wit 100m:3435053,-
2uzEct6_r9KvE9l88YDRbN,Pipe Types:Uponor MLCP_Leiding wit 100m:3435070,-
2uzEct6_r9KvE9l88YDRaj,Pipe Types:Uponor MLCP_Leiding wit 100m:3435076,-
2uzEct6_r9KvE9l88YDRak,Pipe Types:Uponor MLCP_Leiding wit 100m:3435079,-
2uzEct6_r9KvE9l88YDRav,Pipe Types:Uponor MLCP_Leiding wit 100m:3435088,-
2uzEct6_r9KvE9l88YDRa$,Pipe Types:Uponor MLCP_Leiding wit 100m:3435094,-
2uzEct6_r9KvE9l88YDRap,Pipe Types:Uponor MLCP_Leiding wit 100m:3435098,-
2uzEct6_r9KvE9l88YDRat,Pipe Types:Uponor MLCP_Leiding wit 100m:3435102,-
2uzEct6_r9KvE9l88YDRa9,Pipe Types:Uponor MLCP_Leiding wit 100m:3435104,-
2uzEct6_r9KvE9l88YDRaC,Pipe Types:Uponor MLCP_Leiding wit 100m:3435109,-
2uzEct6_r9KvE9l88YDRa1,Pipe Types:Uponor MLCP_Leiding wit 100m:3435112,-
2uzEct6_r9KvE9l88YDRaR,Pipe Types:Uponor MLCP_Leiding wit 100m:3435122,-
2uzEct6_r9KvE9l88YDRaS,Pipe Types:Uponor MLCP_Leiding wit 100m:3435125,-
2uzEct6_r9KvE9l88YDRaH,Pipe Types:Uponor MLCP_Leiding wit 100m:3435128,-
2uzEct6_r9KvE9l88YDRaI,Pipe Types:Uponor MLCP_Leiding wit 100m:3435131,-
2uzEct6_r9KvE9l88YDRaM,Pipe Types:Uponor MLCP_Leiding wit 100m:3435135,-
2uzEct6_r9KvE9l88YDRdh,Pipe Types:Uponor MLCP_Leiding wit 100m:3435138,-
2uzEct6_r9KvE9l88YDRdi,Pipe Types:Uponor MLCP_Leiding wit 100m:3435141,-
2uzEct6_r9KvE9l88YDRdk,Pipe Types:Uponor MLCP_Leiding wit 100m:3435143,-
2uzEct6_r9KvE9l88YDRdY,Pipe Types:Uponor MLCP_Leiding wit 100m:3435147,-
2uzEct6_r9KvE9l88YDRdw,Pipe Types:Uponor MLCP_Leiding wit 100m:3435155,-
2uzEct6_r9KvE9l88YDRcj,Pipe Types:Uponor MLCP_Leiding wit 100m:3435204,-
2uzEct6_r9KvE9l88YDRck,Pipe Types:Uponor MLCP_Leiding wit 100m:3435207,-
2uzEct6_r9KvE9l88YDRcW,Pipe Types:Uponor MLCP_Leiding wit 100m:3435209,-
2uzEct6_r9KvE9l88YDRcd,Pipe Types:Uponor MLCP_Leiding wit 100m:3435214,-
2uzEct6_r9KvE9l88YDRcv,Pipe Types:Uponor MLCP_Leiding wit 100m:3435216,-
2uzEct6_r9KvE9l88YDRcy,Pipe Types:Uponor MLCP_Leiding wit 100m:3435221,-
2uzEct6_r9KvE9l88YDRcn,Pipe Types:Uponor MLCP_Leiding wit 100m:3435224,-
2uzEct6_r9KvE9l88YDRcp,Pipe Types:Uponor MLCP_Leiding wit 100m:3435226,-
2uzEct6_r9KvE9l88YDRcr,Pipe Types:Uponor MLCP_Leiding wit 100m:3435228,-
2uzEct6_r9KvE9l88YDRct,Pipe Types:Uponor MLCP_Leiding wit 100m:3435230,-
2uzEct6_r9KvE9l88YDRc9,Pipe Types:Uponor MLCP_Leiding wit 100m:3435232,-
2uzEct6_r9KvE9l88YDRcD,Pipe Types:Uponor MLCP_Leiding wit 100m:3435236,-
2uzEct6_r9KvE9l88YDRcE,Pipe Types:Uponor MLCP_Leiding wit 100m:3435239,-
2uzEct6_r9KvE9l88YDRc5,Pipe Types:Uponor MLCP_Leiding wit 100m:3435244,-
2uzEct6_r9KvE9l88YDRc7,Pipe Types:Uponor MLCP_Leiding wit 100m:3435246,-
2uzEct6_r9KvE9l88YDRcP,Pipe Types:Uponor MLCP_Leiding wit 100m:3435248,-
2uzEct6_r9KvE9l88YDRXe,Pipe Types:Uponor MLCP_Leiding wit 100m:3435265,-
2uzEct6_r9KvE9l88YDRXi,Pipe Types:Uponor MLCP_Leiding wit 100m:3435269,-
2uzEct6_r9KvE9l88YDRXk,Pipe Types:Uponor MLCP_Leiding wit 100m:3435271,-
2uzEct6_r9KvE9l88YDRXc,Pipe Types:Uponor MLCP_Leiding wit 100m:3435279,-
2uzEct6_r9KvE9l88YDRXw,Pipe Types:Uponor MLCP_Leiding wit 100m:3435283,-
2uzEct6_r9KvE9l88YDRX$,Pipe Types:Uponor MLCP_Leiding wit 100m:3435286,-
2uzEct6_r9KvE9l88YDRXE,Pipe Types:Uponor MLCP_Leiding wit 100m:3435303,-
2uzEct6_r9KvE9l88YDRX4,Pipe Types:Uponor MLCP_Leiding wit 100m:3435309,-
2uzEct6_r9KvE9l88YDRXP,Pipe Types:Uponor MLCP_Leiding wit 100m:3435312,-
2uzEct6_r9KvE9l88YDRXG,Pipe Types:Uponor MLCP_Leiding wit 100m:3435321,-
2uzEct6_r9KvE9l88YDRXM,Pipe Types:Uponor MLCP_Leiding wit 100m:3435327,-
2uzEct6_r9KvE9l88YDRWg,Pipe Types:Uponor MLCP_Leiding wit 100m:3435331,-
2uzEct6_r9KvE9l88YDRWk,Pipe Types:Uponor MLCP_Leiding wit 100m:3435335,-
2uzEct6_r9KvE9l88YDRWW,Pipe Types:Uponor MLCP_Leiding wit 100m:3435337,-
2uzEct6_r9KvE9l88YDRWd,Pipe Types:Uponor MLCP_Leiding wit 100m:3435342,-
2uzEct6_r9KvE9l88YDRWu,Pipe Types:Uponor MLCP_Leiding wit 100m:3435345,-
2uzEct6_r9KvE9l88YDRWo,Pipe Types:Uponor MLCP_Leiding wit 100m:3435355,-
2uzEct6_r9KvE9l88YDRWt,Pipe Types:Uponor MLCP_Leiding wit 100m:3435358,-
2uzEct6_r9KvE9l88YDRW8,Pipe Types:Uponor MLCP_Leiding wit 100m:3435361,-
2uzEct6_r9KvE9l88YDRWD,Pipe Types:Uponor MLCP_Leiding wit 100m:3435364,-
2uzEct6_r9KvE9l88YDRW1,Pipe Types:Uponor MLCP_Leiding wit 100m:3435368,-
2uzEct6_r9KvE9l88YDRW2,Pipe Types:Uponor MLCP_Leiding wit 100m:3435371,-
2uzEct6_r9KvE9l88YDRW7,Pipe Types:Uponor MLCP_Leiding wit 100m:3435374,-
2uzEct6_r9KvE9l88YDRWP,Pipe Types:Uponor MLCP_Leiding wit 100m:3435376,-
2uzEct6_r9KvE9l88YDRWT,Pipe Types:Uponor MLCP_Leiding wit 100m:3435380,-
2uzEct6_r9KvE9l88YDRWL,Pipe Types:Uponor MLCP_Leiding wit 100m:3435388,-
2uzEct6_r9KvE9l88YDRZ4,Pipe Types:Uponor MLCP_Leiding wit 100m:3435437,-
2uzEct6_r9KvE9l88YDRZP,Pipe Types:Uponor MLCP_Leiding wit 100m:3435440,-
2uzEct6_r9KvE9l88YDRZR,Pipe Types:Uponor MLCP_Leiding wit 100m:3435442,-
2uzEct6_r9KvE9l88YDRZU,Pipe Types:Uponor MLCP_Leiding wit 100m:3435447,-
2uzEct6_r9KvE9l88YDRZG,Pipe Types:Uponor MLCP_Leiding wit 100m:3435449,-
2uzEct6_r9KvE9l88YDRZN,Pipe Types:Uponor MLCP_Leiding wit 100m:3435454,-
2uzEct6_r9KvE9l88YDRYe,Pipe Types:Uponor MLCP_Leiding wit 100m:3435457,-
2uzEct6_r9KvE9l88YDRYg,Pipe Types:Uponor MLCP_Leiding wit 100m:3435459,-
2uzEct6_r9KvE9l88YDRYi,Pipe Types:Uponor MLCP_Leiding wit 100m:3435461,-
2uzEct6_r9KvE9l88YDRYk,Pipe Types:Uponor MLCP_Leiding wit 100m:3435463,-
2uzEct6_r9KvE9l88YDRYW,Pipe Types:Uponor MLCP_Leiding wit 100m:3435465,-
2uzEct6_r9KvE9l88YDRYa,Pipe Types:Uponor MLCP_Leiding wit 100m:3435469,-
2uzEct6_r9KvE9l88YDRYv,Pipe Types:Uponor MLCP_Leiding wit 100m:3435472,-
2uzEct6_r9KvE9l88YDRYy,Pipe Types:Uponor MLCP_Leiding wit 100m:3435477,-
2uzEct6_r9KvE9l88YDRY_,Pipe Types:Uponor MLCP_Leiding wit 100m:3435479,-
2uzEct6_r9KvE9l88YDRYm,Pipe Types:Uponor MLCP_Leiding wit 100m:3435481,-
2uzEct6_r9KvE9l88YDRY3,Pipe Types:Uponor MLCP_Leiding wit 100m:3435498,-
2uzEct6_r9KvE9l88YDRY7,Pipe Types:Uponor MLCP_Leiding wit 100m:3435502,-
2uzEct6_r9KvE9l88YDRYP,Pipe Types:Uponor MLCP_Leiding wit 100m:3435504,-
2uzEct6_r9KvE9l88YDRYH,Pipe Types:Uponor MLCP_Leiding wit 100m:3435512,-
2uzEct6_r9KvE9l88YDRYL,Pipe Types:Uponor MLCP_Leiding wit 100m:3435516,-
2uzEct6_r9KvE9l88YDRYM,Pipe Types:Uponor MLCP_Leiding wit 100m:3435519,-
2uzEct6_r9KvE9l88YDRzv,Pipe Types:Uponor MLCP_Leiding wit 100m:3435536,-
2uzEct6_r9KvE9l88YDRz$,Pipe Types:Uponor MLCP_Leiding wit 100m:3435542,-
2uzEct6_r9KvE9l88YDRzm,Pipe Types:Uponor MLCP_Leiding wit 100m:3435545,-
2uzEct6_r9KvE9l88YDRzB,Pipe Types:Uponor MLCP_Leiding wit 100m:3435554,-
2uzEct6_r9KvE9l88YDRz1,Pipe Types:Uponor MLCP_Leiding wit 100m:3435560,-
2uzEct6_r9KvE9l88YDRz5,Pipe Types:Uponor MLCP_Leiding wit 100m:3435564,-
2uzEct6_r9KvE9l88YDRzP,Pipe Types:Uponor MLCP_Leiding wit 100m:3435568,-
2uzEct6_r9KvE9l88YDRzR,Pipe Types:Uponor MLCP_Leiding wit 100m:3435570,-
2uzEct6_r9KvE9l88YDRzU,Pipe Types:Uponor MLCP_Leiding wit 100m:3435575,-
2uzEct6_r9KvE9l88YDRzJ,Pipe Types:Uponor MLCP_Leiding wit 100m:3435578,-
2uzEct6_r9KvE9l88YDRyj,Pipe Types:Uponor MLCP_Leiding wit 100m:3435588,-
2uzEct6_r9KvE9l88YDRyk,Pipe Types:Uponor MLCP_Leiding wit 100m:3435591,-
2uzEct6_r9KvE9l88YDRyZ,Pipe Types:Uponor MLCP_Leiding wit 100m:3435594,-
2uzEct6_r9KvE9l88YDRya,Pipe Types:Uponor MLCP_Leiding wit 100m:3435597,-
2uzEct6_r9KvE9l88YDRyu,Pipe Types:Uponor MLCP_Leiding wit 100m:3435601,-
2uzEct6_r9KvE9l88YDRyz,Pipe Types:Uponor MLCP_Leiding wit 100m:3435604,-
2uzEct6_r9KvE9l88YDRy_,Pipe Types:Uponor MLCP_Leiding wit 100m:3435607,-
2uzEct6_r9KvE9l88YDRym,Pipe Types:Uponor MLCP_Leiding wit 100m:3435609,-
2uzEct6_r9KvE9l88YDRyq,Pipe Types:Uponor MLCP_Leiding wit 100m:3435613,-
2uzEct6_r9KvE9l88YDRyC,Pipe Types:Uponor MLCP_Leiding wit 100m:3435621,-
2uzEct6_r9KvE9l88YDR$$,Pipe Types:Uponor MLCP_Leiding wit 100m:3435670,-
2uzEct6_r9KvE9l88YDR$m,Pipe Types:Uponor MLCP_Leiding wit 100m:3435673,-
2uzEct6_r9KvE9l88YDR$o,Pipe Types:Uponor MLCP_Leiding wit 100m:3435675,-
2uzEct6_r9KvE9l88YDR$9,Pipe Types:Uponor MLCP_Leiding wit 100m:3435680,-
2uzEct6_r9KvE9l88YDR$B,Pipe Types:Uponor MLCP_Leiding wit 100m:3435682,-
2uzEct6_r9KvE9l88YDR$E,Pipe Types:Uponor MLCP_Leiding wit 100m:3435687,-
2uzEct6_r9KvE9l88YDR$3,Pipe Types:Uponor MLCP_Leiding wit 100m:3435690,-
2uzEct6_r9KvE9l88YDR$5,Pipe Types:Uponor MLCP_Leiding wit 100m:3435692,-
2uzEct6_r9KvE9l88YDR$7,Pipe Types:Uponor MLCP_Leiding wit 100m:3435694,-
2uzEct6_r9KvE9l88YDR$P,Pipe Types:Uponor MLCP_Leiding wit 100m:3435696,-
2uzEct6_r9KvE9l88YDR$R,Pipe Types:Uponor MLCP_Leiding wit 100m:3435698,-
2uzEct6_r9KvE9l88YDR$V,Pipe Types:Uponor MLCP_Leiding wit 100m:3435702,-
2uzEct6_r9KvE9l88YDR$G,Pipe Types:Uponor MLCP_Leiding wit 100m:3435705,-
2uzEct6_r9KvE9l88YDR$N,Pipe Types:Uponor MLCP_Leiding wit 100m:3435710,-
2uzEct6_r9KvE9l88YDR_f,Pipe Types:Uponor MLCP_Leiding wit 100m:3435712,-
2uzEct6_r9KvE9l88YDR_h,Pipe Types:Uponor MLCP_Leiding wit 100m:3435714,-
2uzEct6_r9KvE9l88YDR_w,Pipe Types:Uponor MLCP_Leiding wit 100m:3435731,-
2uzEct6_r9KvE9l88YDR__,Pipe Types:Uponor MLCP_Leiding wit 100m:3435735,-
2uzEct6_r9KvE9l88YDR_m,Pipe Types:Uponor MLCP_Leiding wit 100m:3435737,-
2uzEct6_r9KvE9l88YDR_8,Pipe Types:Uponor MLCP_Leiding wit 100m:3435745,-
2uzEct6_r9KvE9l88YDR_C,Pipe Types:Uponor MLCP_Leiding wit 100m:3435749,-
2uzEct6_r9KvE9l88YDR_1,Pipe Types:Uponor MLCP_Leiding wit 100m:3435752,-
2uzEct6_r9KvE9l88YDR_G,Pipe Types:Uponor MLCP_Leiding wit 100m:3435769,-
2uzEct6_r9KvE9l88YDR_M,Pipe Types:Uponor MLCP_Leiding wit 100m:3435775,-
2uzEct6_r9KvE9l88YDRvh,Pipe Types:Uponor MLCP_Leiding wit 100m:3435778,-
2uzEct6_r9KvE9l88YDRvY,Pipe Types:Uponor MLCP_Leiding wit 100m:3435787,-
2uzEct6_r9KvE9l88YDRvu,Pipe Types:Uponor MLCP_Leiding wit 100m:3435793,-
2uzEct6_r9KvE9l88YDRvy,Pipe Types:Uponor MLCP_Leiding wit 100m:3435797,-
2uzEct6_r9KvE9l88YDRvm,Pipe Types:Uponor MLCP_Leiding wit 100m:3435801,-
2uzEct6_r9KvE9l88YDRvo,Pipe Types:Uponor MLCP_Leiding wit 100m:3435803,-
2uzEct6_r9KvE9l88YDRv9,Pipe Types:Uponor MLCP_Leiding wit 100m:3435808,-
2uzEct6_r9KvE9l88YDRvA,Pipe Types:Uponor MLCP_Leiding wit 100m:3435811,-
2uzEct6_r9KvE9l88YDRv4,Pipe Types:Uponor MLCP_Leiding wit 100m:3435821,-
2uzEct6_r9KvE9l88YDRvP,Pipe Types:Uponor MLCP_Leiding wit 100m:3435824,-
2uzEct6_r9KvE9l88YDRvQ,Pipe Types:Uponor MLCP_Leiding wit 100m:3435827,-
2uzEct6_r9KvE9l88YDRvV,Pipe Types:Uponor MLCP_Leiding wit 100m:3435830,-
2uzEct6_r9KvE9l88YDRvJ,Pipe Types:Uponor MLCP_Leiding wit 100m:3435834,-
2uzEct6_r9KvE9l88YDRvK,Pipe Types:Uponor MLCP_Leiding wit 100m:3435837,-
2uzEct6_r9KvE9l88YDRuf,Pipe Types:Uponor MLCP_Leiding wit 100m:3435840,-
2uzEct6_r9KvE9l88YDRuh,Pipe Types:Uponor MLCP_Leiding wit 100m:3435842,-
2uzEct6_r9KvE9l88YDRul,Pipe Types:Uponor MLCP_Leiding wit 100m:3435846,-
2uzEct6_r9KvE9l88YDRud,Pipe Types:Uponor MLCP_Leiding wit 100m:3435854,-
16cHRrxVzAGRZbye0o7h_o,Pipe Types:Uponor MLCP_Leiding wit 100m:3437069,-
16cHRrxVzAGRZbye0o7h_l,Pipe Types:Uponor MLCP_Leiding wit 100m:3437072,-
16cHRrxVzAGRZbye0o7h_j,Pipe Types:Uponor MLCP_Leiding wit 100m:3437074,-
16cHRrxVzAGRZbye0o7h_e,Pipe Types:Uponor MLCP_Leiding wit 100m:3437079,-
16cHRrxVzAGRZbye0o7h_c,Pipe Types:Uponor MLCP_Leiding wit 100m:3437081,-
16cHRrxVzAGRZbye0o7h_X,Pipe Types:Uponor MLCP_Leiding wit 100m:3437086,-
16cHRrxVzAGRZbye0o7h_U,Pipe Types:Uponor MLCP_Leiding wit 100m:3437089,-
16cHRrxVzAGRZbye0o7h_S,Pipe Types:Uponor MLCP_Leiding wit 100m:3437091,-
16cHRrxVzAGRZbye0o7h_Q,Pipe Types:Uponor MLCP_Leiding wit 100m:3437093,-
16cHRrxVzAGRZbye0o7h_O,Pipe Types:Uponor MLCP_Leiding wit 100m:3437095,-
16cHRrxVzAGRZbye0o7h_M,Pipe Types:Uponor MLCP_Leiding wit 100m:3437097,-
16cHRrxVzAGRZbye0o7h_I,Pipe Types:Uponor MLCP_Leiding wit 100m:3437101,-
16cHRrxVzAGRZbye0o7h_F,Pipe Types:Uponor MLCP_Leiding wit 100m:3437104,-
16cHRrxVzAGRZbye0o7h_A,Pipe Types:Uponor MLCP_Leiding wit 100m:3437109,-
16cHRrxVzAGRZbye0o7h_8,Pipe Types:Uponor MLCP_Leiding wit 100m:3437111,-
16cHRrxVzAGRZbye0o7h_6,Pipe Types:Uponor MLCP_Leiding wit 100m:3437113,-
16cHRrxVzAGRZbye0o7h$r,Pipe Types:Uponor MLCP_Leiding wit 100m:3437130,-
16cHRrxVzAGRZbye0o7h$n,Pipe Types:Uponor MLCP_Leiding wit 100m:3437134,-
16cHRrxVzAGRZbye0o7h$l,Pipe Types:Uponor MLCP_Leiding wit 100m:3437136,-
16cHRrxVzAGRZbye0o7h$d,Pipe Types:Uponor MLCP_Leiding wit 100m:3437144,-
16cHRrxVzAGRZbye0o7h$Z,Pipe Types:Uponor MLCP_Leiding wit 100m:3437148,-
16cHRrxVzAGRZbye0o7h$W,Pipe Types:Uponor MLCP_Leiding wit 100m:3437151,-
16cHRrxVzAGRZbye0o7h$F,Pipe Types:Uponor MLCP_Leiding wit 100m:3437168,-
16cHRrxVzAGRZbye0o7h$9,Pipe Types:Uponor MLCP_Leiding wit 100m:3437174,-
16cHRrxVzAGRZbye0o7h$6,Pipe Types:Uponor MLCP_Leiding wit 100m:3437177,-
16cHRrxVzAGRZbye0o7hyz,Pipe Types:Uponor MLCP_Leiding wit 100m:3437186,-
16cHRrxVzAGRZbye0o7hyt,Pipe Types:Uponor MLCP_Leiding wit 100m:3437192,-
16cHRrxVzAGRZbye0o7hyp,Pipe Types:Uponor MLCP_Leiding wit 100m:3437196,-
16cHRrxVzAGRZbye0o7hyl,Pipe Types:Uponor MLCP_Leiding wit 100m:3437200,-
16cHRrxVzAGRZbye0o7hyj,Pipe Types:Uponor MLCP_Leiding wit 100m:3437202,-
16cHRrxVzAGRZbye0o7hye,Pipe Types:Uponor MLCP_Leiding wit 100m:3437207,-
16cHRrxVzAGRZbye0o7hyb,Pipe Types:Uponor MLCP_Leiding wit 100m:3437210,-
16cHRrxVzAGRZbye0o7hyR,Pipe Types:Uponor MLCP_Leiding wit 100m:3437220,-
16cHRrxVzAGRZbye0o7hyO,Pipe Types:Uponor MLCP_Leiding wit 100m:3437223,-
16cHRrxVzAGRZbye0o7hyL,Pipe Types:Uponor MLCP_Leiding wit 100m:3437226,-
16cHRrxVzAGRZbye0o7hyI,Pipe Types:Uponor MLCP_Leiding wit 100m:3437229,-
16cHRrxVzAGRZbye0o7hyE,Pipe Types:Uponor MLCP_Leiding wit 100m:3437233,-
16cHRrxVzAGRZbye0o7hyB,Pipe Types:Uponor MLCP_Leiding wit 100m:3437236,-
16cHRrxVzAGRZbye0o7hy8,Pipe Types:Uponor MLCP_Leiding wit 100m:3437239,-
16cHRrxVzAGRZbye0o7hy6,Pipe Types:Uponor MLCP_Leiding wit 100m:3437241,-
16cHRrxVzAGRZbye0o7hy2,Pipe Types:Uponor MLCP_Leiding wit 100m:3437245,-
16cHRrxVzAGRZbye0o7hzw,Pipe Types:Uponor MLCP_Leiding wit 100m:3437253,-
2BaPYZgjj9pwsxthGdUMde,Pipe Types:Uponor MLCP_Leiding wit 100m:3437814,-
2BaPYZgjj9pwsxthGdUM40,Pipe Types:Uponor MLCP_Leiding wit 100m:3439646,-
2BaPYZgjj9pwsxthGdUM4W,Pipe Types:Uponor MLCP_Leiding wit 100m:3439678,-
2BaPYZgjj9pwsxthGdUM50,Pipe Types:Uponor MLCP_Leiding wit 100m:3439710,-
2BaPYZgjj9pwsxthGdUM5W,Pipe Types:Uponor MLCP_Leiding wit 100m:3439742,-
2BaPYZgjj9pwsxthGdUM60,Pipe Types:Uponor MLCP_Leiding wit 100m:3439774,-
2BaPYZgjj9pwsxthGdUM6W,Pipe Types:Uponor MLCP_Leiding wit 100m:3439806,-
2BaPYZgjj9pwsxthGdUM70,Pipe Types:Uponor MLCP_Leiding wit 100m:3439838,-
2BaPYZgjj9pwsxthGdUM7W,Pipe Types:Uponor MLCP_Leiding wit 100m:3439870,-
2BaPYZgjj9pwsxthGdUM00,Pipe Types:Uponor MLCP_Leiding wit 100m:3439902,-
2BaPYZgjj9pwsxthGdUM0W,Pipe Types:Uponor MLCP_Leiding wit 100m:3439934,-
2BaPYZgjj9pwsxthGdUM10,Pipe Types:Uponor MLCP_Leiding wit 100m:3439966,-
2BaPYZgjj9pwsxthGdUM1W,Pipe Types:Uponor MLCP_Leiding wit 100m:3439998,-
2BaPYZgjj9pwsxthGdUM20,Pipe Types:Uponor MLCP_Leiding wit 100m:3440030,-
1p_GsOfKjEWhDriV8mZLkj,Pipe Types:Uponor MLCP_Leiding wit 100m:3442185,-
1p_GsOfKjEWhDriV8mZLlK,Pipe Types:Uponor MLCP_Leiding wit 100m:3442288,-
1p_GsOfKjEWhDriV8mZLe3,Pipe Types:Uponor MLCP_Leiding wit 100m:3442599,-
1p_GsOfKjEWhDriV8mZLeQ,Pipe Types:Uponor MLCP_Leiding wit 100m:3442622,-
1p_GsOfKjEWhDriV8mZLIG,Pipe Types:Uponor MLCP_Leiding wit 100m:3442996,-
1p_GsOfKjEWhDriV8mZLGk,Pipe Types:Uponor MLCP_Leiding wit 100m:3443082,-
1p_GsOfKjEWhDriV8mZLQU,Pipe Types:Uponor MLCP_Leiding wit 100m:3443514,-
1p_GsOfKjEWhDriV8mZLCx,Pipe Types:Uponor MLCP_Leiding wit 100m:3444383,-
1p_GsOfKjEWhDriV8mZKsb,Pipe Types:Uponor MLCP_Leiding wit 100m:3444737,-
1p_GsOfKjEWhDriV8mZK$4,Pipe Types:Uponor MLCP_Leiding wit 100m:3445344,-
1p_GsOfKjEWhDriV8mZKyp,Pipe Types:Uponor MLCP_Leiding wit 100m:3445399,-
1p_GsOfKjEWhDriV8mZKvL,Pipe Types:Uponor MLCP_Leiding wit 100m:3445745,-
1p_GsOfKjEWhDriV8mZKvQ,Pipe Types:Uponor MLCP_Leiding wit 100m:3445758,-
1p_GsOfKjEWhDriV8mZKjW,Pipe Types:Uponor MLCP_Leiding wit 100m:3446468,-
1p_GsOfKjEWhDriV8mZKj8,Pipe Types:Uponor MLCP_Leiding wit 100m:3446508,-
1p_GsOfKjEWhDriV8mZKgT,Pipe Types:Uponor MLCP_Leiding wit 100m:3446585,-
1p_GsOfKjEWhDriV8mZKhY,Pipe Types:Uponor MLCP_Leiding wit 100m:3446598,-
1p_GsOfKjEWhDriV8mZKej,Pipe Types:Uponor MLCP_Leiding wit 100m:3446665,-
1p_GsOfKjEWhDriV8mZKeq,Pipe Types:Uponor MLCP_Leiding wit 100m:3446672,-
1p_GsOfKjEWhDriV8mZKKX,Pipe Types:Uponor MLCP_Leiding wit 100m:3446917,-
1p_GsOfKjEWhDriV8mZKKg,Pipe Types:Uponor MLCP_Leiding wit 100m:3446926,-
1p_GsOfKjEWhDriV8mZKIS,Pipe Types:Uponor MLCP_Leiding wit 100m:3447096,-
1p_GsOfKjEWhDriV8mZKT0,Pipe Types:Uponor MLCP_Leiding wit 100m:3447524,-
1p_GsOfKjEWhDriV8mZKT2,Pipe Types:Uponor MLCP_Leiding wit 100m:3447526,-
1p_GsOfKjEWhDriV8mZKTF,Pipe Types:Uponor MLCP_Leiding wit 100m:3447531,-
1p_GsOfKjEWhDriV8mZKTQ,Pipe Types:Uponor MLCP_Leiding wit 100m:3447550,-
1p_GsOfKjEWhDriV8mZKPf,Pipe Types:Uponor MLCP_Leiding wit 100m:3447757,-
1p_GsOfKjEWhDriV8mZKPn,Pipe Types:Uponor MLCP_Leiding wit 100m:3447765,-
1p_GsOfKjEWhDriV8mZK63,Pipe Types:Uponor MLCP_Leiding wit 100m:3447847,-
1p_GsOfKjEWhDriV8mZK7u,Pipe Types:Uponor MLCP_Leiding wit 100m:3447900,-
1p_GsOfKjEWhDriV8mZK71,Pipe Types:Uponor MLCP_Leiding wit 100m:3447909,-
1p_GsOfKjEWhDriV8mZK4N,Pipe Types:Uponor MLCP_Leiding wit 100m:3447987,-
1p_GsOfKjEWhDriV8mZK5V,Pipe Types:Uponor MLCP_Leiding wit 100m:3448059,-
1p_GsOfKjEWhDriV8mZK2W,Pipe Types:Uponor MLCP_Leiding wit 100m:3448068,-
1p_GsOfKjEWhDriV8mZK2m,Pipe Types:Uponor MLCP_Leiding wit 100m:3448084,-
1p_GsOfKjEWhDriV8mZK2w,Pipe Types:Uponor MLCP_Leiding wit 100m:3448094,-
1p_GsOfKjEWhDriV8mZK2D,Pipe Types:Uponor MLCP_Leiding wit 100m:3448105,-
1p_GsOfKjEWhDriV8mZK1m,Pipe Types:Uponor MLCP_Leiding wit 100m:3448276,-
1p_GsOfKjEWhDriV8mZK1x,Pipe Types:Uponor MLCP_Leiding wit 100m:3448287,-
1p_GsOfKjEWhDriV8mZKCt,Pipe Types:Uponor MLCP_Leiding wit 100m:3448467,-
1p_GsOfKjEWhDriV8mZKCu,Pipe Types:Uponor MLCP_Leiding wit 100m:3448476,-
1p_GsOfKjEWhDriV8mZKDJ,Pipe Types:Uponor MLCP_Leiding wit 100m:3448567,-
1p_GsOfKjEWhDriV8mZKAm,Pipe Types:Uponor MLCP_Leiding wit 100m:3448596,-
0CHDNniWn6PAZMfZvQwTyF,Pipe Types:Uponor MLCP_Leiding wit 100m:3448944,-
0CHDNniWn6PAZMfZvQwTy7,Pipe Types:Uponor MLCP_Leiding wit 100m:3448952,-
0CHDNniWn6PAZMfZvQwTrW,Pipe Types:Uponor MLCP_Leiding wit 100m:3449375,-
0CHDNniWn6PAZMfZvQwTUy,Pipe Types:Uponor MLCP_Leiding wit 100m:3451075,-
0CHDNniWn6PAZMfZvQwTUo,Pipe Types:Uponor MLCP_Leiding wit 100m:3451085,-
0CHDNniWn6PAZMfZvQwTU0,Pipe Types:Uponor MLCP_Leiding wit 100m:3451135,-
0CHDNniWn6PAZMfZvQwTPt,Pipe Types:Uponor MLCP_Leiding wit 100m:3451144,-
0CHDNniWn6PAZMfZvQwTPr,Pipe Types:Uponor MLCP_Leiding wit 100m:3451146,-
0CHDNniWn6PAZMfZvQwTPm,Pipe Types:Uponor MLCP_Leiding wit 100m:3451151,-
0CHDNniWn6PAZMfZvQwTPj,Pipe Types:Uponor MLCP_Leiding wit 100m:3451154,-
0CHDNniWn6PAZMfZvQwTPd,Pipe Types:Uponor MLCP_Leiding wit 100m:3451160,-
0CHDNniWn6PAZMfZvQwTP7,Pipe Types:Uponor MLCP_Leiding wit 100m:3451192,-
0CHDNniWn6PAZMfZvQwTP5,Pipe Types:Uponor MLCP_Leiding wit 100m:3451194,-
0CHDNniWn6PAZMfZvQwTOz,Pipe Types:Uponor MLCP_Leiding wit 100m:3451202,-
0CHDNniWn6PAZMfZvQwTOw,Pipe Types:Uponor MLCP_Leiding wit 100m:3451205,-
0CHDNniWn6PAZMfZvQwTOd,Pipe Types:Uponor MLCP_Leiding wit 100m:3451224,-
0CHDNniWn6PAZMfZvQwTOb,Pipe Types:Uponor MLCP_Leiding wit 100m:3451226,-
0CHDNniWn6PAZMfZvQwTOZ,Pipe Types:Uponor MLCP_Leiding wit 100m:3451228,-
0CHDNniWn6PAZMfZvQwTOX,Pipe Types:Uponor MLCP_Leiding wit 100m:3451230,-
0CHDNniWn6PAZMfZvQwTOM,Pipe Types:Uponor MLCP_Leiding wit 100m:3451241,-
0CHDNniWn6PAZMfZvQwT7B,Pipe Types:Uponor MLCP_Leiding wit 100m:3452596,-
0CHDNniWn6PAZMfZvQwT75,Pipe Types:Uponor MLCP_Leiding wit 100m:3452602,-
0CHDNniWn6PAZMfZvQwSoQ,Pipe Types:Uponor MLCP_Leiding wit 100m:3453925,-
0CHDNniWn6PAZMfZvQwSoI,Pipe Types:Uponor MLCP_Leiding wit 100m:3453933,-
0CHDNniWn6PAZMfZvQwShr,Pipe Types:Uponor MLCP_Leiding wit 100m:3454346,-
0CHDNniWn6PAZMfZvQwSgK,Pipe Types:Uponor MLCP_Leiding wit 100m:3454443,-
0CHDNniWn6PAZMfZvQwSaQ,Pipe Types:Uponor MLCP_Leiding wit 100m:3454565,-
0CHDNniWn6PAZMfZvQwSaG,Pipe Types:Uponor MLCP_Leiding wit 100m:3454575,-
0CHDNniWn6PAZMfZvQwSdU,Pipe Types:Uponor MLCP_Leiding wit 100m:3454625,-
0CHDNniWn6PAZMfZvQwScl,Pipe Types:Uponor MLCP_Leiding wit 100m:3454672,-
0CHDNniWn6PAZMfZvQwSc1,Pipe Types:Uponor MLCP_Leiding wit 100m:3454718,-
0CHDNniWn6PAZMfZvQwSXu,Pipe Types:Uponor MLCP_Leiding wit 100m:3454727,-
0CHDNniWn6PAZMfZvQwSTO,Pipe Types:Uponor MLCP_Leiding wit 100m:3455015,-
0CHDNniWn6PAZMfZvQwSSH,Pipe Types:Uponor MLCP_Leiding wit 100m:3455086,-
0CHDNniWn6PAZMfZvQwSVl,Pipe Types:Uponor MLCP_Leiding wit 100m:3455120,-
0CHDNniWn6PAZMfZvQwSVe,Pipe Types:Uponor MLCP_Leiding wit 100m:3455127,-
0CHDNniWn6PAZMfZvQwSV2,Pipe Types:Uponor MLCP_Leiding wit 100m:3455165,-
0CHDNniWn6PAZMfZvQwSUm,Pipe Types:Uponor MLCP_Leiding wit 100m:3455183,-
0CHDNniWn6PAZMfZvQwSUK,Pipe Types:Uponor MLCP_Leiding wit 100m:3455211,-
0CHDNniWn6PAZMfZvQwSUB,Pipe Types:Uponor MLCP_Leiding wit 100m:3455220,-
0CHDNniWn6PAZMfZvQwSKR,Pipe Types:Uponor MLCP_Leiding wit 100m:3455588,-
0CHDNniWn6PAZMfZvQwSNa,Pipe Types:Uponor MLCP_Leiding wit 100m:3455643,-
0CHDNniWn6PAZMfZvQwSHx,Pipe Types:Uponor MLCP_Leiding wit 100m:3455748,-
0CHDNniWn6PAZMfZvQwSHp,Pipe Types:Uponor MLCP_Leiding wit 100m:3455756,-
0CHDNniWn6PAZMfZvQwRwQ,Pipe Types:Uponor MLCP_Leiding wit 100m:3457509,-
0CHDNniWn6PAZMfZvQwRqm,Pipe Types:Uponor MLCP_Leiding wit 100m:3457615,-
0CHDNniWn6PAZMfZvQwRf9,Pipe Types:Uponor MLCP_Leiding wit 100m:3458358,-
0CHDNniWn6PAZMfZvQwRe$,Pipe Types:Uponor MLCP_Leiding wit 100m:3458368,-
0CHDNniWn6PAZMfZvQwR7J,Pipe Types:Uponor MLCP_Leiding wit 100m:3460780,-
0CHDNniWn6PAZMfZvQwR6l,Pipe Types:Uponor MLCP_Leiding wit 100m:3460816,-
2hT29lj$D3xhie3PEqBr2E,Pipe Types:Uponor MLCP_Leiding wit 100m:3465734,-
2hT29lj$D3xhie3PEqBr20,Pipe Types:Uponor MLCP_Leiding wit 100m:3465736,-
2hT29lj$D3xhie3PEqBr25,Pipe Types:Uponor MLCP_Leiding wit 100m:3465741,-
2hT29lj$D3xhie3PEqBr27,Pipe Types:Uponor MLCP_Leiding wit 100m:3465743,-
2hT29lj$D3xhie3PEqBr2U,Pipe Types:Uponor MLCP_Leiding wit 100m:3465750,-
2hT29lj$D3xhie3PEqBr2G,Pipe Types:Uponor MLCP_Leiding wit 100m:3465752,-
2hT29lj$D3xhie3PEqBr2L,Pipe Types:Uponor MLCP_Leiding wit 100m:3465757,-
2hT29lj$D3xhie3PEqBr2g,Pipe Types:Uponor MLCP_Leiding wit 100m:3465762,-
2hT29lj$D3xhie3PEqBr2l,Pipe Types:Uponor MLCP_Leiding wit 100m:3465767,-
2hT29lj$D3xhie3PEqBr2c,Pipe Types:Uponor MLCP_Leiding wit 100m:3465774,-
2hT29lj$D3xhie3PEqBr2w,Pipe Types:Uponor MLCP_Leiding wit 100m:3465778,-
2hT29lj$D3xhie3PEqBr2m,Pipe Types:Uponor MLCP_Leiding wit 100m:3465784,-
2hT29lj$D3xhie3PEqBr2p,Pipe Types:Uponor MLCP_Leiding wit 100m:3465787,-
2hT29lj$D3xhie3PEqBr31,Pipe Types:Uponor MLCP_Leiding wit 100m:3465801,-
2hT29lj$D3xhie3PEqBr37,Pipe Types:Uponor MLCP_Leiding wit 100m:3465807,-
2hT29lj$D3xhie3PEqBr3R,Pipe Types:Uponor MLCP_Leiding wit 100m:3465811,-
2hT29lj$D3xhie3PEqBr3U,Pipe Types:Uponor MLCP_Leiding wit 100m:3465814,-
2hT29lj$D3xhie3PEqBr3J,Pipe Types:Uponor MLCP_Leiding wit 100m:3465819,-
2hT29lj$D3xhie3PEqBr3L,Pipe Types:Uponor MLCP_Leiding wit 100m:3465821,-
2hT29lj$D3xhie3PEqBr3l,Pipe Types:Uponor MLCP_Leiding wit 100m:3465831,-
2hT29lj$D3xhie3PEqBr3Y,Pipe Types:Uponor MLCP_Leiding wit 100m:3465834,-
2hT29lj$D3xhie3PEqBr3d,Pipe Types:Uponor MLCP_Leiding wit 100m:3465839,-
2hT29lj$D3xhie3PEqBr3x,Pipe Types:Uponor MLCP_Leiding wit 100m:3465843,-
2hT29lj$D3xhie3PEqBr3z,Pipe Types:Uponor MLCP_Leiding wit 100m:3465845,-
2hT29lj$D3xhie3PEqBr3o,Pipe Types:Uponor MLCP_Leiding wit 100m:3465850,-
2hT29lj$D3xhie3PEqBr3r,Pipe Types:Uponor MLCP_Leiding wit 100m:3465853,-
2hT29lj$D3xhie3PEqBr09,Pipe Types:Uponor MLCP_Leiding wit 100m:3465857,-
2hT29lj$D3xhie3PEqBr0B,Pipe Types:Uponor MLCP_Leiding wit 100m:3465859,-
2hT29lj$D3xhie3PEqBr01,Pipe Types:Uponor MLCP_Leiding wit 100m:3465865,-
2hT29lj$D3xhie3PEqBr05,Pipe Types:Uponor MLCP_Leiding wit 100m:3465869,-
2hT29lj$D3xhie3PEqBr0O,Pipe Types:Uponor MLCP_Leiding wit 100m:3465872,-
2hT29lj$D3xhie3PEqBr0T,Pipe Types:Uponor MLCP_Leiding wit 100m:3465877,-
2hT29lj$D3xhie3PEqBr0H,Pipe Types:Uponor MLCP_Leiding wit 100m:3465881,-
2hT29lj$D3xhie3PEqBr0K,Pipe Types:Uponor MLCP_Leiding wit 100m:3465884,-
2hT29lj$D3xhie3PEqBr0f,Pipe Types:Uponor MLCP_Leiding wit 100m:3465889,-
2hT29lj$D3xhie3PEqBr0h,Pipe Types:Uponor MLCP_Leiding wit 100m:3465891,-
2hT29lj$D3xhie3PEqBr0j,Pipe Types:Uponor MLCP_Leiding wit 100m:3465893,-
2hT29lj$D3xhie3PEqBr0b,Pipe Types:Uponor MLCP_Leiding wit 100m:3465901,-
2hT29lj$D3xhie3PEqBr0u,Pipe Types:Uponor MLCP_Leiding wit 100m:3465904,-
2hT29lj$D3xhie3PEqBr0$,Pipe Types:Uponor MLCP_Leiding wit 100m:3465911,-
2hT29lj$D3xhie3PEqBr0o,Pipe Types:Uponor MLCP_Leiding wit 100m:3465914,-
2hT29lj$D3xhie3PEqBr1B,Pipe Types:Uponor MLCP_Leiding wit 100m:3465923,-
2hT29lj$D3xhie3PEqBr1D,Pipe Types:Uponor MLCP_Leiding wit 100m:3465925,-
2hT29lj$D3xhie3PEqBr1F,Pipe Types:Uponor MLCP_Leiding wit 100m:3465927,-
2hT29lj$D3xhie3PEqBr11,Pipe Types:Uponor MLCP_Leiding wit 100m:3465929,-
2hT29lj$D3xhie3PEqBr1S,Pipe Types:Uponor MLCP_Leiding wit 100m:3465940,-
2hT29lj$D3xhie3PEqBr1x,Pipe Types:Uponor MLCP_Leiding wit 100m:3465971,-
2hT29lj$D3xhie3PEqBr1z,Pipe Types:Uponor MLCP_Leiding wit 100m:3465973,-
2hT29lj$D3xhie3PEqBr1o,Pipe Types:Uponor MLCP_Leiding wit 100m:3465978,-
2hT29lj$D3xhie3PEqBr1q,Pipe Types:Uponor MLCP_Leiding wit 100m:3465980,-
2hT29lj$D3xhie3PEqBr6B,Pipe Types:Uponor MLCP_Leiding wit 100m:3465987,-
2hT29lj$D3xhie3PEqBr6D,Pipe Types:Uponor MLCP_Leiding wit 100m:3465989,-
2hT29lj$D3xhie3PEqBr62,Pipe Types:Uponor MLCP_Leiding wit 100m:3465994,-
2hT29lj$D3xhie3PEqBr67,Pipe Types:Uponor MLCP_Leiding wit 100m:3465999,-
2hT29lj$D3xhie3PEqBr6S,Pipe Types:Uponor MLCP_Leiding wit 100m:3466004,-
2hT29lj$D3xhie3PEqBr6J,Pipe Types:Uponor MLCP_Leiding wit 100m:3466011,-
2hT29lj$D3xhie3PEqBr6N,Pipe Types:Uponor MLCP_Leiding wit 100m:3466015,-
2hT29lj$D3xhie3PEqBr6j,Pipe Types:Uponor MLCP_Leiding wit 100m:3466021,-
2hT29lj$D3xhie3PEqBr6W,Pipe Types:Uponor MLCP_Leiding wit 100m:3466024,-
2hT29lj$D3xhie3PEqBr6_,Pipe Types:Uponor MLCP_Leiding wit 100m:3466038,-
2hT29lj$D3xhie3PEqBr6q,Pipe Types:Uponor MLCP_Leiding wit 100m:3466044,-
2hT29lj$D3xhie3PEqBr78,Pipe Types:Uponor MLCP_Leiding wit 100m:3466048,-
2hT29lj$D3xhie3PEqBr7B,Pipe Types:Uponor MLCP_Leiding wit 100m:3466051,-
2hT29lj$D3xhie3PEqBr70,Pipe Types:Uponor MLCP_Leiding wit 100m:3466056,-
2hT29lj$D3xhie3PEqBr72,Pipe Types:Uponor MLCP_Leiding wit 100m:3466058,-
2hT29lj$D3xhie3PEqBr7S,Pipe Types:Uponor MLCP_Leiding wit 100m:3466068,-
2hT29lj$D3xhie3PEqBr7V,Pipe Types:Uponor MLCP_Leiding wit 100m:3466071,-
2hT29lj$D3xhie3PEqBr7K,Pipe Types:Uponor MLCP_Leiding wit 100m:3466076,-
2hT29lj$D3xhie3PEqBr7e,Pipe Types:Uponor MLCP_Leiding wit 100m:3466080,-
2hT29lj$D3xhie3PEqBr7g,Pipe Types:Uponor MLCP_Leiding wit 100m:3466082,-
2hT29lj$D3xhie3PEqBr7l,Pipe Types:Uponor MLCP_Leiding wit 100m:3466087,-
2hT29lj$D3xhie3PEqBr7Y,Pipe Types:Uponor MLCP_Leiding wit 100m:3466090,-
2hT29lj$D3xhie3PEqBr7c,Pipe Types:Uponor MLCP_Leiding wit 100m:3466094,-
2hT29lj$D3xhie3PEqBr7u,Pipe Types:Uponor MLCP_Leiding wit 100m:3466096,-
2hT29lj$D3xhie3PEqBr7_,Pipe Types:Uponor MLCP_Leiding wit 100m:3466102,-
2hT29lj$D3xhie3PEqBr7o,Pipe Types:Uponor MLCP_Leiding wit 100m:3466106,-
2hT29lj$D3xhie3PEqBr7r,Pipe Types:Uponor MLCP_Leiding wit 100m:3466109,-
2hT29lj$D3xhie3PEqBr4A,Pipe Types:Uponor MLCP_Leiding wit 100m:3466114,-
2hT29lj$D3xhie3PEqBr4E,Pipe Types:Uponor MLCP_Leiding wit 100m:3466118,-
2hT29lj$D3xhie3PEqBr41,Pipe Types:Uponor MLCP_Leiding wit 100m:3466121,-
2hT29lj$D3xhie3PEqBr46,Pipe Types:Uponor MLCP_Leiding wit 100m:3466126,-
2hT29lj$D3xhie3PEqBr4O,Pipe Types:Uponor MLCP_Leiding wit 100m:3466128,-
2hT29lj$D3xhie3PEqBr4Q,Pipe Types:Uponor MLCP_Leiding wit 100m:3466130,-
2hT29lj$D3xhie3PEqBr4I,Pipe Types:Uponor MLCP_Leiding wit 100m:3466138,-
2hT29lj$D3xhie3PEqBr4L,Pipe Types:Uponor MLCP_Leiding wit 100m:3466141,-
2hT29lj$D3xhie3PEqBr4i,Pipe Types:Uponor MLCP_Leiding wit 100m:3466148,-
2hT29lj$D3xhie3PEqBr4l,Pipe Types:Uponor MLCP_Leiding wit 100m:3466151,-
2hT29lj$D3xhie3PEqBr4u,Pipe Types:Uponor MLCP_Leiding wit 100m:3466160,-
2hT29lj$D3xhie3PEqBr4w,Pipe Types:Uponor MLCP_Leiding wit 100m:3466162,-
2hT29lj$D3xhie3PEqBr4y,Pipe Types:Uponor MLCP_Leiding wit 100m:3466164,-
2hT29lj$D3xhie3PEqBr4_,Pipe Types:Uponor MLCP_Leiding wit 100m:3466166,-
2hT29lj$D3xhie3PEqBr59,Pipe Types:Uponor MLCP_Leiding wit 100m:3466177,-
2hT29lj$D3xhie3PEqBr5e,Pipe Types:Uponor MLCP_Leiding wit 100m:3466208,-
2hT29lj$D3xhie3PEqBr5g,Pipe Types:Uponor MLCP_Leiding wit 100m:3466210,-
2hT29lj$D3xhie3PEqBr5l,Pipe Types:Uponor MLCP_Leiding wit 100m:3466215,-
2hT29lj$D3xhie3PEqBr5X,Pipe Types:Uponor MLCP_Leiding wit 100m:3466217,-
2hT29lj$D3xhie3PEqBr5u,Pipe Types:Uponor MLCP_Leiding wit 100m:3466224,-
2hT29lj$D3xhie3PEqBr5w,Pipe Types:Uponor MLCP_Leiding wit 100m:3466226,-
2hT29lj$D3xhie3PEqBr5$,Pipe Types:Uponor MLCP_Leiding wit 100m:3466231,-
2hT29lj$D3xhie3PEqBr5q,Pipe Types:Uponor MLCP_Leiding wit 100m:3466236,-
2hT29lj$D3xhie3PEqBrQ9,Pipe Types:Uponor MLCP_Leiding wit 100m:3466241,-
2hT29lj$D3xhie3PEqBrQ0,Pipe Types:Uponor MLCP_Leiding wit 100m:3466248,-
2hT29lj$D3xhie3PEqBrQ4,Pipe Types:Uponor MLCP_Leiding wit 100m:3466252,-
2hT29lj$D3xhie3PEqBrQQ,Pipe Types:Uponor MLCP_Leiding wit 100m:3466258,-
2hT29lj$D3xhie3PEqBrQT,Pipe Types:Uponor MLCP_Leiding wit 100m:3466261,-
2hT29lj$D3xhie3PEqBrQh,Pipe Types:Uponor MLCP_Leiding wit 100m:3466275,-
2hT29lj$D3xhie3PEqBrQX,Pipe Types:Uponor MLCP_Leiding wit 100m:3466281,-
2hT29lj$D3xhie3PEqBrQb,Pipe Types:Uponor MLCP_Leiding wit 100m:3466285,-
2hT29lj$D3xhie3PEqBrQu,Pipe Types:Uponor MLCP_Leiding wit 100m:3466288,-
2hT29lj$D3xhie3PEqBrQz,Pipe Types:Uponor MLCP_Leiding wit 100m:3466293,-
2hT29lj$D3xhie3PEqBrQ$,Pipe Types:Uponor MLCP_Leiding wit 100m:3466295,-
2hT29lj$D3xhie3PEqBrR9,Pipe Types:Uponor MLCP_Leiding wit 100m:3466305,-
2hT29lj$D3xhie3PEqBrRC,Pipe Types:Uponor MLCP_Leiding wit 100m:3466308,-
2hT29lj$D3xhie3PEqBrR1,Pipe Types:Uponor MLCP_Leiding wit 100m:3466313,-
2hT29lj$D3xhie3PEqBrR5,Pipe Types:Uponor MLCP_Leiding wit 100m:3466317,-
2hT29lj$D3xhie3PEqBrR7,Pipe Types:Uponor MLCP_Leiding wit 100m:3466319,-
2hT29lj$D3xhie3PEqBrRS,Pipe Types:Uponor MLCP_Leiding wit 100m:3466324,-
2hT29lj$D3xhie3PEqBrRV,Pipe Types:Uponor MLCP_Leiding wit 100m:3466327,-
2hT29lj$D3xhie3PEqBrRJ,Pipe Types:Uponor MLCP_Leiding wit 100m:3466331,-
2hT29lj$D3xhie3PEqBrRL,Pipe Types:Uponor MLCP_Leiding wit 100m:3466333,-
2hT29lj$D3xhie3PEqBrRh,Pipe Types:Uponor MLCP_Leiding wit 100m:3466339,-
2hT29lj$D3xhie3PEqBrRl,Pipe Types:Uponor MLCP_Leiding wit 100m:3466343,-
2hT29lj$D3xhie3PEqBrRY,Pipe Types:Uponor MLCP_Leiding wit 100m:3466346,-
2hT29lj$D3xhie3PEqBrRd,Pipe Types:Uponor MLCP_Leiding wit 100m:3466351,-
2hT29lj$D3xhie3PEqBrRx,Pipe Types:Uponor MLCP_Leiding wit 100m:3466355,-
2hT29lj$D3xhie3PEqBrR_,Pipe Types:Uponor MLCP_Leiding wit 100m:3466358,-
2hT29lj$D3xhie3PEqBrRp,Pipe Types:Uponor MLCP_Leiding wit 100m:3466363,-
2hT29lj$D3xhie3PEqBrRr,Pipe Types:Uponor MLCP_Leiding wit 100m:3466365,-
2hT29lj$D3xhie3PEqBrRt,Pipe Types:Uponor MLCP_Leiding wit 100m:3466367,-
2hT29lj$D3xhie3PEqBrOF,Pipe Types:Uponor MLCP_Leiding wit 100m:3466375,-
2hT29lj$D3xhie3PEqBrO2,Pipe Types:Uponor MLCP_Leiding wit 100m:3466378,-
2hT29lj$D3xhie3PEqBrOP,Pipe Types:Uponor MLCP_Leiding wit 100m:3466385,-
2hT29lj$D3xhie3PEqBrOS,Pipe Types:Uponor MLCP_Leiding wit 100m:3466388,-
2hT29lj$D3xhie3PEqBrOL,Pipe Types:Uponor MLCP_Leiding wit 100m:3466397,-
2hT29lj$D3xhie3PEqBrON,Pipe Types:Uponor MLCP_Leiding wit 100m:3466399,-
2hT29lj$D3xhie3PEqBrOf,Pipe Types:Uponor MLCP_Leiding wit 100m:3466401,-
2hT29lj$D3xhie3PEqBrOh,Pipe Types:Uponor MLCP_Leiding wit 100m:3466403,-
2hT29lj$D3xhie3PEqBrOc,Pipe Types:Uponor MLCP_Leiding wit 100m:3466414,-
2hT29lj$D3xhie3PEqBrP5,Pipe Types:Uponor MLCP_Leiding wit 100m:3466445,-
2hT29lj$D3xhie3PEqBrP7,Pipe Types:Uponor MLCP_Leiding wit 100m:3466447,-
2hT29lj$D3xhie3PEqBrPS,Pipe Types:Uponor MLCP_Leiding wit 100m:3466452,-
2hT29lj$D3xhie3PEqBrPU,Pipe Types:Uponor MLCP_Leiding wit 100m:3466454,-
2hT29lj$D3xhie3PEqBrPL,Pipe Types:Uponor MLCP_Leiding wit 100m:3466461,-
2hT29lj$D3xhie3PEqBrPN,Pipe Types:Uponor MLCP_Leiding wit 100m:3466463,-
2hT29lj$D3xhie3PEqBrPi,Pipe Types:Uponor MLCP_Leiding wit 100m:3466468,-
2hT29lj$D3xhie3PEqBrPX,Pipe Types:Uponor MLCP_Leiding wit 100m:3466473,-
2hT29lj$D3xhie3PEqBrPc,Pipe Types:Uponor MLCP_Leiding wit 100m:3466478,-
2hT29lj$D3xhie3PEqBrPz,Pipe Types:Uponor MLCP_Leiding wit 100m:3466485,-
2hT29lj$D3xhie3PEqBrPn,Pipe Types:Uponor MLCP_Leiding wit 100m:3466489,-
2hT29lj$D3xhie3PEqBrPt,Pipe Types:Uponor MLCP_Leiding wit 100m:3466495,-
2hT29lj$D3xhie3PEqBrUA,Pipe Types:Uponor MLCP_Leiding wit 100m:3466498,-
2hT29lj$D3xhie3PEqBrUO,Pipe Types:Uponor MLCP_Leiding wit 100m:3466512,-
2hT29lj$D3xhie3PEqBrUU,Pipe Types:Uponor MLCP_Leiding wit 100m:3466518,-
2hT29lj$D3xhie3PEqBrUI,Pipe Types:Uponor MLCP_Leiding wit 100m:3466522,-
2hT29lj$D3xhie3PEqBrUL,Pipe Types:Uponor MLCP_Leiding wit 100m:3466525,-
2hT29lj$D3xhie3PEqBrUg,Pipe Types:Uponor MLCP_Leiding wit 100m:3466530,-
2hT29lj$D3xhie3PEqBrUi,Pipe Types:Uponor MLCP_Leiding wit 100m:3466532,-
2hT29lj$D3xhie3PEqBrUc,Pipe Types:Uponor MLCP_Leiding wit 100m:3466542,-
2hT29lj$D3xhie3PEqBrUv,Pipe Types:Uponor MLCP_Leiding wit 100m:3466545,-
2hT29lj$D3xhie3PEqBrU_,Pipe Types:Uponor MLCP_Leiding wit 100m:3466550,-
2hT29lj$D3xhie3PEqBrUo,Pipe Types:Uponor MLCP_Leiding wit 100m:3466554,-
2hT29lj$D3xhie3PEqBrUq,Pipe Types:Uponor MLCP_Leiding wit 100m:3466556,-
2hT29lj$D3xhie3PEqBrV9,Pipe Types:Uponor MLCP_Leiding wit 100m:3466561,-
2hT29lj$D3xhie3PEqBrVC,Pipe Types:Uponor MLCP_Leiding wit 100m:3466564,-
2hT29lj$D3xhie3PEqBrV0,Pipe Types:Uponor MLCP_Leiding wit 100m:3466568,-
2hT29lj$D3xhie3PEqBrV2,Pipe Types:Uponor MLCP_Leiding wit 100m:3466570,-
2hT29lj$D3xhie3PEqBrVO,Pipe Types:Uponor MLCP_Leiding wit 100m:3466576,-
2hT29lj$D3xhie3PEqBrVS,Pipe Types:Uponor MLCP_Leiding wit 100m:3466580,-
2hT29lj$D3xhie3PEqBrVV,Pipe Types:Uponor MLCP_Leiding wit 100m:3466583,-
2hT29lj$D3xhie3PEqBrVK,Pipe Types:Uponor MLCP_Leiding wit 100m:3466588,-
2hT29lj$D3xhie3PEqBrVe,Pipe Types:Uponor MLCP_Leiding wit 100m:3466592,-
2hT29lj$D3xhie3PEqBrVh,Pipe Types:Uponor MLCP_Leiding wit 100m:3466595,-
2hT29lj$D3xhie3PEqBrVW,Pipe Types:Uponor MLCP_Leiding wit 100m:3466600,-
2hT29lj$D3xhie3PEqBrVY,Pipe Types:Uponor MLCP_Leiding wit 100m:3466602,-
2hT29lj$D3xhie3PEqBrVa,Pipe Types:Uponor MLCP_Leiding wit 100m:3466604,-
2hT29lj$D3xhie3PEqBrVy,Pipe Types:Uponor MLCP_Leiding wit 100m:3466612,-
2hT29lj$D3xhie3PEqBrV$,Pipe Types:Uponor MLCP_Leiding wit 100m:3466615,-
2hT29lj$D3xhie3PEqBrVs,Pipe Types:Uponor MLCP_Leiding wit 100m:3466622,-
2hT29lj$D3xhie3PEqBrS9,Pipe Types:Uponor MLCP_Leiding wit 100m:3466625,-
2hT29lj$D3xhie3PEqBrS2,Pipe Types:Uponor MLCP_Leiding wit 100m:3466634,-
2hT29lj$D3xhie3PEqBrS4,Pipe Types:Uponor MLCP_Leiding wit 100m:3466636,-
2hT29lj$D3xhie3PEqBrS6,Pipe Types:Uponor MLCP_Leiding wit 100m:3466638,-
2hT29lj$D3xhie3PEqBrSO,Pipe Types:Uponor MLCP_Leiding wit 100m:3466640,-
2hT29lj$D3xhie3PEqBrSJ,Pipe Types:Uponor MLCP_Leiding wit 100m:3466651,-
2hT29lj$D3xhie3PEqBrfH,Pipe Types:Uponor MLCP_Leiding wit 100m:3467481,-
2hT29lj$D3xhie3PEqBrfJ,Pipe Types:Uponor MLCP_Leiding wit 100m:3467483,-
2hT29lj$D3xhie3PEqBrfe,Pipe Types:Uponor MLCP_Leiding wit 100m:3467488,-
2hT29lj$D3xhie3PEqBrfg,Pipe Types:Uponor MLCP_Leiding wit 100m:3467490,-
2hT29lj$D3xhie3PEqBrfX,Pipe Types:Uponor MLCP_Leiding wit 100m:3467497,-
2hT29lj$D3xhie3PEqBrfZ,Pipe Types:Uponor MLCP_Leiding wit 100m:3467499,-
2hT29lj$D3xhie3PEqBrfu,Pipe Types:Uponor MLCP_Leiding wit 100m:3467504,-
2hT29lj$D3xhie3PEqBrfz,Pipe Types:Uponor MLCP_Leiding wit 100m:3467509,-
2hT29lj$D3xhie3PEqBrfo,Pipe Types:Uponor MLCP_Leiding wit 100m:3467514,-
2hT29lj$D3xhie3PEqBrk9,Pipe Types:Uponor MLCP_Leiding wit 100m:3467521,-
2hT29lj$D3xhie3PEqBrkD,Pipe Types:Uponor MLCP_Leiding wit 100m:3467525,-
2hT29lj$D3xhie3PEqBrk3,Pipe Types:Uponor MLCP_Leiding wit 100m:3467531,-
2hT29lj$D3xhie3PEqBrk6,Pipe Types:Uponor MLCP_Leiding wit 100m:3467534,-
2hT29lj$D3xhie3PEqBrkK,Pipe Types:Uponor MLCP_Leiding wit 100m:3467548,-
2hT29lj$D3xhie3PEqBrkg,Pipe Types:Uponor MLCP_Leiding wit 100m:3467554,-
2hT29lj$D3xhie3PEqBrkk,Pipe Types:Uponor MLCP_Leiding wit 100m:3467558,-
2hT29lj$D3xhie3PEqBrkX,Pipe Types:Uponor MLCP_Leiding wit 100m:3467561,-
2hT29lj$D3xhie3PEqBrkc,Pipe Types:Uponor MLCP_Leiding wit 100m:3467566,-
2hT29lj$D3xhie3PEqBrku,Pipe Types:Uponor MLCP_Leiding wit 100m:3467568,-
2hT29lj$D3xhie3PEqBrko,Pipe Types:Uponor MLCP_Leiding wit 100m:3467578,-
2hT29lj$D3xhie3PEqBrkr,Pipe Types:Uponor MLCP_Leiding wit 100m:3467581,-
2hT29lj$D3xhie3PEqBrlA,Pipe Types:Uponor MLCP_Leiding wit 100m:3467586,-
2hT29lj$D3xhie3PEqBrlE,Pipe Types:Uponor MLCP_Leiding wit 100m:3467590,-
2hT29lj$D3xhie3PEqBrl0,Pipe Types:Uponor MLCP_Leiding wit 100m:3467592,-
2hT29lj$D3xhie3PEqBrl5,Pipe Types:Uponor MLCP_Leiding wit 100m:3467597,-
2hT29lj$D3xhie3PEqBrlO,Pipe Types:Uponor MLCP_Leiding wit 100m:3467600,-
2hT29lj$D3xhie3PEqBrlS,Pipe Types:Uponor MLCP_Leiding wit 100m:3467604,-
2hT29lj$D3xhie3PEqBrlU,Pipe Types:Uponor MLCP_Leiding wit 100m:3467606,-
2hT29lj$D3xhie3PEqBrlK,Pipe Types:Uponor MLCP_Leiding wit 100m:3467612,-
2hT29lj$D3xhie3PEqBrle,Pipe Types:Uponor MLCP_Leiding wit 100m:3467616,-
2hT29lj$D3xhie3PEqBrlh,Pipe Types:Uponor MLCP_Leiding wit 100m:3467619,-
2hT29lj$D3xhie3PEqBrlW,Pipe Types:Uponor MLCP_Leiding wit 100m:3467624,-
2hT29lj$D3xhie3PEqBrla,Pipe Types:Uponor MLCP_Leiding wit 100m:3467628,-
2hT29lj$D3xhie3PEqBrld,Pipe Types:Uponor MLCP_Leiding wit 100m:3467631,-
2hT29lj$D3xhie3PEqBrly,Pipe Types:Uponor MLCP_Leiding wit 100m:3467636,-
2hT29lj$D3xhie3PEqBrl_,Pipe Types:Uponor MLCP_Leiding wit 100m:3467638,-
2hT29lj$D3xhie3PEqBrlm,Pipe Types:Uponor MLCP_Leiding wit 100m:3467640,-
2hT29lj$D3xhie3PEqBri8,Pipe Types:Uponor MLCP_Leiding wit 100m:3467648,-
2hT29lj$D3xhie3PEqBriB,Pipe Types:Uponor MLCP_Leiding wit 100m:3467651,-
2hT29lj$D3xhie3PEqBri2,Pipe Types:Uponor MLCP_Leiding wit 100m:3467658,-
2hT29lj$D3xhie3PEqBri5,Pipe Types:Uponor MLCP_Leiding wit 100m:3467661,-
2hT29lj$D3xhie3PEqBriU,Pipe Types:Uponor MLCP_Leiding wit 100m:3467670,-
2hT29lj$D3xhie3PEqBriG,Pipe Types:Uponor MLCP_Leiding wit 100m:3467672,-
2hT29lj$D3xhie3PEqBriI,Pipe Types:Uponor MLCP_Leiding wit 100m:3467674,-
2hT29lj$D3xhie3PEqBriK,Pipe Types:Uponor MLCP_Leiding wit 100m:3467676,-
2hT29lj$D3xhie3PEqBril,Pipe Types:Uponor MLCP_Leiding wit 100m:3467687,-
3xVM8lGZrB280zPC1cWYLb,Pipe Types:Uponor MLCP_Leiding wit 100m:3471957,-
3xVM8lGZrB280zPC1cWYLf,Pipe Types:Uponor MLCP_Leiding wit 100m:3471961,-
3xVM8lGZrB280zPC1cWYLG,Pipe Types:Uponor MLCP_Leiding wit 100m:3471968,-
3xVM8lGZrB280zPC1cWYLJ,Pipe Types:Uponor MLCP_Leiding wit 100m:3471971,-
3xVM8lGZrB280zPC1cWYLL,Pipe Types:Uponor MLCP_Leiding wit 100m:3471973,-
3xVM8lGZrB280zPC1cWYLQ,Pipe Types:Uponor MLCP_Leiding wit 100m:3471978,-
3xVM8lGZrB280zPC1cWYLT,Pipe Types:Uponor MLCP_Leiding wit 100m:3471981,-
3xVM8lGZrB280zPC1cWYL1,Pipe Types:Uponor MLCP_Leiding wit 100m:3471985,-
3xVM8lGZrB280zPC1cWYL7,Pipe Types:Uponor MLCP_Leiding wit 100m:3471991,-
3xVM8lGZrB280zPC1cWYL9,Pipe Types:Uponor MLCP_Leiding wit 100m:3471993,-
3xVM8lGZrB280zPC1cWYMn,Pipe Types:Uponor MLCP_Leiding wit 100m:3472001,-
3xVM8lGZrB280zPC1cWYMq,Pipe Types:Uponor MLCP_Leiding wit 100m:3472004,-
3xVM8lGZrB280zPC1cWYMv,Pipe Types:Uponor MLCP_Leiding wit 100m:3472009,-
3xVM8lGZrB280zPC1cWYMx,Pipe Types:Uponor MLCP_Leiding wit 100m:3472011,-
3xVM8lGZrB280zPC1cWYMz,Pipe Types:Uponor MLCP_Leiding wit 100m:3472013,-
3xVM8lGZrB280zPC1cWYM$,Pipe Types:Uponor MLCP_Leiding wit 100m:3472015,-
3xVM8lGZrB280zPC1cWYMe,Pipe Types:Uponor MLCP_Leiding wit 100m:3472024,-
3xVM8lGZrB280zPC1cWYMS,Pipe Types:Uponor MLCP_Leiding wit 100m:3472044,-
3xVM8lGZrB280zPC1cWYMU,Pipe Types:Uponor MLCP_Leiding wit 100m:3472046,-
3xVM8lGZrB280zPC1cWYMA,Pipe Types:Uponor MLCP_Leiding wit 100m:3472058,-
3xVM8lGZrB280zPC1cWYMC,Pipe Types:Uponor MLCP_Leiding wit 100m:3472060,-
3xVM8lGZrB280zPC1cWYNo,Pipe Types:Uponor MLCP_Leiding wit 100m:3472066,-
3xVM8lGZrB280zPC1cWYNq,Pipe Types:Uponor MLCP_Leiding wit 100m:3472068,-
3xVM8lGZrB280zPC1cWYNs,Pipe Types:Uponor MLCP_Leiding wit 100m:3472070,-
3xVM8lGZrB280zPC1cWYNu,Pipe Types:Uponor MLCP_Leiding wit 100m:3472072,-
3xVM8lGZrB280zPC1cWYNz,Pipe Types:Uponor MLCP_Leiding wit 100m:3472077,-
3xVM8lGZrB280zPC1cWYNW,Pipe Types:Uponor MLCP_Leiding wit 100m:3472080,-
3xVM8lGZrB280zPC1cWYNa,Pipe Types:Uponor MLCP_Leiding wit 100m:3472084,-
3xVM8lGZrB280zPC1cWYNd,Pipe Types:Uponor MLCP_Leiding wit 100m:3472087,-
3xVM8lGZrB280zPC1cWYNi,Pipe Types:Uponor MLCP_Leiding wit 100m:3472092,-
3xVM8lGZrB280zPC1cWYNk,Pipe Types:Uponor MLCP_Leiding wit 100m:3472094,-
3xVM8lGZrB280zPC1cWYNI,Pipe Types:Uponor MLCP_Leiding wit 100m:3472098,-
3xVM8lGZrB280zPC1cWYNL,Pipe Types:Uponor MLCP_Leiding wit 100m:3472101,-
3xVM8lGZrB280zPC1cWYNO,Pipe Types:Uponor MLCP_Leiding wit 100m:3472104,-
3xVM8lGZrB280zPC1cWYNQ,Pipe Types:Uponor MLCP_Leiding wit 100m:3472106,-
3xVM8lGZrB280zPC1cWYNU,Pipe Types:Uponor MLCP_Leiding wit 100m:3472110,-
3xVM8lGZrB280zPC1cWYN1,Pipe Types:Uponor MLCP_Leiding wit 100m:3472113,-
3xVM8lGZrB280zPC1cWYN5,Pipe Types:Uponor MLCP_Leiding wit 100m:3472117,-
3xVM8lGZrB280zPC1cWYN9,Pipe Types:Uponor MLCP_Leiding wit 100m:3472121,-
3xVM8lGZrB280zPC1cWYND,Pipe Types:Uponor MLCP_Leiding wit 100m:3472125,-
3xVM8lGZrB280zPC1cWYNF,Pipe Types:Uponor MLCP_Leiding wit 100m:3472127,-
3xVM8lGZrB280zPC1cWYGt,Pipe Types:Uponor MLCP_Leiding wit 100m:3472135,-
3xVM8lGZrB280zPC1cWYGv,Pipe Types:Uponor MLCP_Leiding wit 100m:3472137,-
3xVM8lGZrB280zPC1cWYG$,Pipe Types:Uponor MLCP_Leiding wit 100m:3472143,-
3xVM8lGZrB280zPC1cWYGX,Pipe Types:Uponor MLCP_Leiding wit 100m:3472145,-
3xVM8lGZrB280zPC1cWYGg,Pipe Types:Uponor MLCP_Leiding wit 100m:3472154,-
3xVM8lGZrB280zPC1cWYGi,Pipe Types:Uponor MLCP_Leiding wit 100m:3472156,-
3xVM8lGZrB280zPC1cWYHo,Pipe Types:Uponor MLCP_Leiding wit 100m:3472194,-
3xVM8lGZrB280zPC1cWYHs,Pipe Types:Uponor MLCP_Leiding wit 100m:3472198,-
3xVM8lGZrB280zPC1cWYHz,Pipe Types:Uponor MLCP_Leiding wit 100m:3472205,-
3xVM8lGZrB280zPC1cWYHW,Pipe Types:Uponor MLCP_Leiding wit 100m:3472208,-
3xVM8lGZrB280zPC1cWYHY,Pipe Types:Uponor MLCP_Leiding wit 100m:3472210,-
3xVM8lGZrB280zPC1cWYHd,Pipe Types:Uponor MLCP_Leiding wit 100m:3472215,-
3xVM8lGZrB280zPC1cWYHg,Pipe Types:Uponor MLCP_Leiding wit 100m:3472218,-
3xVM8lGZrB280zPC1cWYHk,Pipe Types:Uponor MLCP_Leiding wit 100m:3472222,-
3xVM8lGZrB280zPC1cWYHK,Pipe Types:Uponor MLCP_Leiding wit 100m:3472228,-
3xVM8lGZrB280zPC1cWYHM,Pipe Types:Uponor MLCP_Leiding wit 100m:3472230,-
3xVM8lGZrB280zPC1cWYHU,Pipe Types:Uponor MLCP_Leiding wit 100m:3472238,-
3xVM8lGZrB280zPC1cWYH1,Pipe Types:Uponor MLCP_Leiding wit 100m:3472241,-
3xVM8lGZrB280zPC1cWYH6,Pipe Types:Uponor MLCP_Leiding wit 100m:3472246,-
3xVM8lGZrB280zPC1cWYH8,Pipe Types:Uponor MLCP_Leiding wit 100m:3472248,-
3xVM8lGZrB280zPC1cWYHA,Pipe Types:Uponor MLCP_Leiding wit 100m:3472250,-
3xVM8lGZrB280zPC1cWYHC,Pipe Types:Uponor MLCP_Leiding wit 100m:3472252,-
3xVM8lGZrB280zPC1cWYIr,Pipe Types:Uponor MLCP_Leiding wit 100m:3472261,-
3xVM8lGZrB280zPC1cWYIf,Pipe Types:Uponor MLCP_Leiding wit 100m:3472281,-
3xVM8lGZrB280zPC1cWYIh,Pipe Types:Uponor MLCP_Leiding wit 100m:3472283,-
3xVM8lGZrB280zPC1cWYIN,Pipe Types:Uponor MLCP_Leiding wit 100m:3472295,-
3xVM8lGZrB280zPC1cWYIP,Pipe Types:Uponor MLCP_Leiding wit 100m:3472297,-
3xVM8lGZrB280zPC1cWYIV,Pipe Types:Uponor MLCP_Leiding wit 100m:3472303,-
3xVM8lGZrB280zPC1cWYI1,Pipe Types:Uponor MLCP_Leiding wit 100m:3472305,-
3xVM8lGZrB280zPC1cWYI3,Pipe Types:Uponor MLCP_Leiding wit 100m:3472307,-
3xVM8lGZrB280zPC1cWYI5,Pipe Types:Uponor MLCP_Leiding wit 100m:3472309,-
3xVM8lGZrB280zPC1cWYIA,Pipe Types:Uponor MLCP_Leiding wit 100m:3472314,-
3xVM8lGZrB280zPC1cWYID,Pipe Types:Uponor MLCP_Leiding wit 100m:3472317,-
3xVM8lGZrB280zPC1cWYJn,Pipe Types:Uponor MLCP_Leiding wit 100m:3472321,-
3xVM8lGZrB280zPC1cWYJq,Pipe Types:Uponor MLCP_Leiding wit 100m:3472324,-
3xVM8lGZrB280zPC1cWYJv,Pipe Types:Uponor MLCP_Leiding wit 100m:3472329,-
3xVM8lGZrB280zPC1cWYJx,Pipe Types:Uponor MLCP_Leiding wit 100m:3472331,-
3xVM8lGZrB280zPC1cWYJ$,Pipe Types:Uponor MLCP_Leiding wit 100m:3472335,-
3xVM8lGZrB280zPC1cWYJY,Pipe Types:Uponor MLCP_Leiding wit 100m:3472338,-
3xVM8lGZrB280zPC1cWYJb,Pipe Types:Uponor MLCP_Leiding wit 100m:3472341,-
3xVM8lGZrB280zPC1cWYJd,Pipe Types:Uponor MLCP_Leiding wit 100m:3472343,-
3xVM8lGZrB280zPC1cWYJh,Pipe Types:Uponor MLCP_Leiding wit 100m:3472347,-
3xVM8lGZrB280zPC1cWYJk,Pipe Types:Uponor MLCP_Leiding wit 100m:3472350,-
3xVM8lGZrB280zPC1cWYJI,Pipe Types:Uponor MLCP_Leiding wit 100m:3472354,-
3xVM8lGZrB280zPC1cWYJM,Pipe Types:Uponor MLCP_Leiding wit 100m:3472358,-
3xVM8lGZrB280zPC1cWYJQ,Pipe Types:Uponor MLCP_Leiding wit 100m:3472362,-
3xVM8lGZrB280zPC1cWYJS,Pipe Types:Uponor MLCP_Leiding wit 100m:3472364,-
3xVM8lGZrB280zPC1cWYJ4,Pipe Types:Uponor MLCP_Leiding wit 100m:3472372,-
3xVM8lGZrB280zPC1cWYJ6,Pipe Types:Uponor MLCP_Leiding wit 100m:3472374,-
3xVM8lGZrB280zPC1cWYJC,Pipe Types:Uponor MLCP_Leiding wit 100m:3472380,-
3xVM8lGZrB280zPC1cWYJE,Pipe Types:Uponor MLCP_Leiding wit 100m:3472382,-
3xVM8lGZrB280zPC1cWYCt,Pipe Types:Uponor MLCP_Leiding wit 100m:3472391,-
3xVM8lGZrB280zPC1cWYCv,Pipe Types:Uponor MLCP_Leiding wit 100m:3472393,-
3xVM8lGZrB280zPC1cWYCV,Pipe Types:Uponor MLCP_Leiding wit 100m:3472431,-
3xVM8lGZrB280zPC1cWYC3,Pipe Types:Uponor MLCP_Leiding wit 100m:3472435,-
3xVM8lGZrB280zPC1cWYCA,Pipe Types:Uponor MLCP_Leiding wit 100m:3472442,-
3xVM8lGZrB280zPC1cWYCD,Pipe Types:Uponor MLCP_Leiding wit 100m:3472445,-
3xVM8lGZrB280zPC1cWYCF,Pipe Types:Uponor MLCP_Leiding wit 100m:3472447,-
3xVM8lGZrB280zPC1cWYDq,Pipe Types:Uponor MLCP_Leiding wit 100m:3472452,-
3xVM8lGZrB280zPC1cWYDt,Pipe Types:Uponor MLCP_Leiding wit 100m:3472455,-
3xVM8lGZrB280zPC1cWYDx,Pipe Types:Uponor MLCP_Leiding wit 100m:3472459,-
3xVM8lGZrB280zPC1cWYDX,Pipe Types:Uponor MLCP_Leiding wit 100m:3472465,-
3xVM8lGZrB280zPC1cWYDZ,Pipe Types:Uponor MLCP_Leiding wit 100m:3472467,-
3xVM8lGZrB280zPC1cWYDh,Pipe Types:Uponor MLCP_Leiding wit 100m:3472475,-
3xVM8lGZrB280zPC1cWYDk,Pipe Types:Uponor MLCP_Leiding wit 100m:3472478,-
3xVM8lGZrB280zPC1cWYDJ,Pipe Types:Uponor MLCP_Leiding wit 100m:3472483,-
3xVM8lGZrB280zPC1cWYDL,Pipe Types:Uponor MLCP_Leiding wit 100m:3472485,-
3xVM8lGZrB280zPC1cWYDN,Pipe Types:Uponor MLCP_Leiding wit 100m:3472487,-
3xVM8lGZrB280zPC1cWYDP,Pipe Types:Uponor MLCP_Leiding wit 100m:3472489,-
3xVM8lGZrB280zPC1cWYD2,Pipe Types:Uponor MLCP_Leiding wit 100m:3472498,-
3xVM8lGZrB280zPC1cWYEs,Pipe Types:Uponor MLCP_Leiding wit 100m:3472518,-
3xVM8lGZrB280zPC1cWYEu,Pipe Types:Uponor MLCP_Leiding wit 100m:3472520,-
3xVM8lGZrB280zPC1cWYEa,Pipe Types:Uponor MLCP_Leiding wit 100m:3472532,-
3xVM8lGZrB280zPC1cWYEc,Pipe Types:Uponor MLCP_Leiding wit 100m:3472534,-
3xVM8lGZrB280zPC1cWYEi,Pipe Types:Uponor MLCP_Leiding wit 100m:3472540,-
3xVM8lGZrB280zPC1cWYEk,Pipe Types:Uponor MLCP_Leiding wit 100m:3472542,-
3xVM8lGZrB280zPC1cWYEG,Pipe Types:Uponor MLCP_Leiding wit 100m:3472544,-
3xVM8lGZrB280zPC1cWYEI,Pipe Types:Uponor MLCP_Leiding wit 100m:3472546,-
3xVM8lGZrB280zPC1cWYEN,Pipe Types:Uponor MLCP_Leiding wit 100m:3472551,-
3xVM8lGZrB280zPC1cWYEQ,Pipe Types:Uponor MLCP_Leiding wit 100m:3472554,-
3xVM8lGZrB280zPC1cWYEU,Pipe Types:Uponor MLCP_Leiding wit 100m:3472558,-
3xVM8lGZrB280zPC1cWYE1,Pipe Types:Uponor MLCP_Leiding wit 100m:3472561,-
3xVM8lGZrB280zPC1cWYE6,Pipe Types:Uponor MLCP_Leiding wit 100m:3472566,-
3xVM8lGZrB280zPC1cWYE8,Pipe Types:Uponor MLCP_Leiding wit 100m:3472568,-
3xVM8lGZrB280zPC1cWYEC,Pipe Types:Uponor MLCP_Leiding wit 100m:3472572,-
3xVM8lGZrB280zPC1cWYEF,Pipe Types:Uponor MLCP_Leiding wit 100m:3472575,-
3xVM8lGZrB280zPC1cWYFo,Pipe Types:Uponor MLCP_Leiding wit 100m:3472578,-
3xVM8lGZrB280zPC1cWYFq,Pipe Types:Uponor MLCP_Leiding wit 100m:3472580,-
3xVM8lGZrB280zPC1cWYFu,Pipe Types:Uponor MLCP_Leiding wit 100m:3472584,-
3xVM8lGZrB280zPC1cWYFx,Pipe Types:Uponor MLCP_Leiding wit 100m:3472587,-
3xVM8lGZrB280zPC1cWYF$,Pipe Types:Uponor MLCP_Leiding wit 100m:3472591,-
3xVM8lGZrB280zPC1cWYFZ,Pipe Types:Uponor MLCP_Leiding wit 100m:3472595,-
3xVM8lGZrB280zPC1cWYFd,Pipe Types:Uponor MLCP_Leiding wit 100m:3472599,-
3xVM8lGZrB280zPC1cWYFf,Pipe Types:Uponor MLCP_Leiding wit 100m:3472601,-
3xVM8lGZrB280zPC1cWYFH,Pipe Types:Uponor MLCP_Leiding wit 100m:3472609,-
3xVM8lGZrB280zPC1cWYFJ,Pipe Types:Uponor MLCP_Leiding wit 100m:3472611,-
3xVM8lGZrB280zPC1cWYFP,Pipe Types:Uponor MLCP_Leiding wit 100m:3472617,-
3xVM8lGZrB280zPC1cWYFR,Pipe Types:Uponor MLCP_Leiding wit 100m:3472619,-
3xVM8lGZrB280zPC1cWYF4,Pipe Types:Uponor MLCP_Leiding wit 100m:3472628,-
3xVM8lGZrB280zPC1cWYF6,Pipe Types:Uponor MLCP_Leiding wit 100m:3472630,-
3xVM8lGZrB280zPC1cWY8i,Pipe Types:Uponor MLCP_Leiding wit 100m:3472668,-
3xVM8lGZrB280zPC1cWY8G,Pipe Types:Uponor MLCP_Leiding wit 100m:3472672,-
3xVM8lGZrB280zPC1cWY8N,Pipe Types:Uponor MLCP_Leiding wit 100m:3472679,-
3xVM8lGZrB280zPC1cWY8Q,Pipe Types:Uponor MLCP_Leiding wit 100m:3472682,-
3xVM8lGZrB280zPC1cWY8S,Pipe Types:Uponor MLCP_Leiding wit 100m:3472684,-
3xVM8lGZrB280zPC1cWY81,Pipe Types:Uponor MLCP_Leiding wit 100m:3472689,-
3xVM8lGZrB280zPC1cWY84,Pipe Types:Uponor MLCP_Leiding wit 100m:3472692,-
3xVM8lGZrB280zPC1cWY88,Pipe Types:Uponor MLCP_Leiding wit 100m:3472696,-
3xVM8lGZrB280zPC1cWY8E,Pipe Types:Uponor MLCP_Leiding wit 100m:3472702,-
3xVM8lGZrB280zPC1cWY9m,Pipe Types:Uponor MLCP_Leiding wit 100m:3472704,-
3xVM8lGZrB280zPC1cWY9u,Pipe Types:Uponor MLCP_Leiding wit 100m:3472712,-
3xVM8lGZrB280zPC1cWY9x,Pipe Types:Uponor MLCP_Leiding wit 100m:3472715,-
3xVM8lGZrB280zPC1cWY9W,Pipe Types:Uponor MLCP_Leiding wit 100m:3472720,-
3xVM8lGZrB280zPC1cWY9Y,Pipe Types:Uponor MLCP_Leiding wit 100m:3472722,-
3xVM8lGZrB280zPC1cWY9a,Pipe Types:Uponor MLCP_Leiding wit 100m:3472724,-
3xVM8lGZrB280zPC1cWY9c,Pipe Types:Uponor MLCP_Leiding wit 100m:3472726,-
3xVM8lGZrB280zPC1cWY9l,Pipe Types:Uponor MLCP_Leiding wit 100m:3472735,-
3xVM8lGZrB280zPC1cWY93,Pipe Types:Uponor MLCP_Leiding wit 100m:3472755,-
3xVM8lGZrB280zPC1cWY95,Pipe Types:Uponor MLCP_Leiding wit 100m:3472757,-
3xVM8lGZrB280zPC1cWYAn,Pipe Types:Uponor MLCP_Leiding wit 100m:3472769,-
3xVM8lGZrB280zPC1cWYAp,Pipe Types:Uponor MLCP_Leiding wit 100m:3472771,-
3xVM8lGZrB280zPC1cWYAv,Pipe Types:Uponor MLCP_Leiding wit 100m:3472777,-
3xVM8lGZrB280zPC1cWYAx,Pipe Types:Uponor MLCP_Leiding wit 100m:3472779,-
3xVM8lGZrB280zPC1cWYAz,Pipe Types:Uponor MLCP_Leiding wit 100m:3472781,-
3xVM8lGZrB280zPC1cWYA$,Pipe Types:Uponor MLCP_Leiding wit 100m:3472783,-
3xVM8lGZrB280zPC1cWYAa,Pipe Types:Uponor MLCP_Leiding wit 100m:3472788,-
3xVM8lGZrB280zPC1cWYAd,Pipe Types:Uponor MLCP_Leiding wit 100m:3472791,-
3xVM8lGZrB280zPC1cWYAh,Pipe Types:Uponor MLCP_Leiding wit 100m:3472795,-
3xVM8lGZrB280zPC1cWYAk,Pipe Types:Uponor MLCP_Leiding wit 100m:3472798,-
3xVM8lGZrB280zPC1cWYAJ,Pipe Types:Uponor MLCP_Leiding wit 100m:3472803,-
3xVM8lGZrB280zPC1cWYAL,Pipe Types:Uponor MLCP_Leiding wit 100m:3472805,-
3xVM8lGZrB280zPC1cWYAP,Pipe Types:Uponor MLCP_Leiding wit 100m:3472809,-
3xVM8lGZrB280zPC1cWYAS,Pipe Types:Uponor MLCP_Leiding wit 100m:3472812,-
3xVM8lGZrB280zPC1cWYAV,Pipe Types:Uponor MLCP_Leiding wit 100m:3472815,-
3xVM8lGZrB280zPC1cWYA1,Pipe Types:Uponor MLCP_Leiding wit 100m:3472817,-
3xVM8lGZrB280zPC1cWYA5,Pipe Types:Uponor MLCP_Leiding wit 100m:3472821,-
3xVM8lGZrB280zPC1cWYA8,Pipe Types:Uponor MLCP_Leiding wit 100m:3472824,-
3xVM8lGZrB280zPC1cWYAC,Pipe Types:Uponor MLCP_Leiding wit 100m:3472828,-
3xVM8lGZrB280zPC1cWYBm,Pipe Types:Uponor MLCP_Leiding wit 100m:3472832,-
3xVM8lGZrB280zPC1cWYBq,Pipe Types:Uponor MLCP_Leiding wit 100m:3472836,-
3xVM8lGZrB280zPC1cWYBs,Pipe Types:Uponor MLCP_Leiding wit 100m:3472838,-
3xVM8lGZrB280zPC1cWYB_,Pipe Types:Uponor MLCP_Leiding wit 100m:3472846,-
3xVM8lGZrB280zPC1cWYBW,Pipe Types:Uponor MLCP_Leiding wit 100m:3472848,-
3xVM8lGZrB280zPC1cWYBc,Pipe Types:Uponor MLCP_Leiding wit 100m:3472854,-
3xVM8lGZrB280zPC1cWYBe,Pipe Types:Uponor MLCP_Leiding wit 100m:3472856,-
3xVM8lGZrB280zPC1cWYBH,Pipe Types:Uponor MLCP_Leiding wit 100m:3472865,-
3xVM8lGZrB280zPC1cWYBJ,Pipe Types:Uponor MLCP_Leiding wit 100m:3472867,-
3xVM8lGZrB280zPC1cWzn_,Pipe Types:Uponor MLCP_Leiding wit 100m:3474254,-
3xVM8lGZrB280zPC1cWznW,Pipe Types:Uponor MLCP_Leiding wit 100m:3474256,-
3xVM8lGZrB280zPC1cWzna,Pipe Types:Uponor MLCP_Leiding wit 100m:3474260,-
3xVM8lGZrB280zPC1cWznh,Pipe Types:Uponor MLCP_Leiding wit 100m:3474267,-
3xVM8lGZrB280zPC1cWznk,Pipe Types:Uponor MLCP_Leiding wit 100m:3474270,-
3xVM8lGZrB280zPC1cWznG,Pipe Types:Uponor MLCP_Leiding wit 100m:3474272,-
3xVM8lGZrB280zPC1cWznL,Pipe Types:Uponor MLCP_Leiding wit 100m:3474277,-
3xVM8lGZrB280zPC1cWznO,Pipe Types:Uponor MLCP_Leiding wit 100m:3474280,-
3xVM8lGZrB280zPC1cWzn1,Pipe Types:Uponor MLCP_Leiding wit 100m:3474289,-
3xVM8lGZrB280zPC1cWzn3,Pipe Types:Uponor MLCP_Leiding wit 100m:3474291,-
3xVM8lGZrB280zPC1cWznB,Pipe Types:Uponor MLCP_Leiding wit 100m:3474299,-
3xVM8lGZrB280zPC1cWznE,Pipe Types:Uponor MLCP_Leiding wit 100m:3474302,-
3xVM8lGZrB280zPC1cWzop,Pipe Types:Uponor MLCP_Leiding wit 100m:3474307,-
3xVM8lGZrB280zPC1cWzor,Pipe Types:Uponor MLCP_Leiding wit 100m:3474309,-
3xVM8lGZrB280zPC1cWzot,Pipe Types:Uponor MLCP_Leiding wit 100m:3474311,-
3xVM8lGZrB280zPC1cWzov,Pipe Types:Uponor MLCP_Leiding wit 100m:3474313,-
3xVM8lGZrB280zPC1cWzoY,Pipe Types:Uponor MLCP_Leiding wit 100m:3474322,-
3xVM8lGZrB280zPC1cWzoM,Pipe Types:Uponor MLCP_Leiding wit 100m:3474342,-
3xVM8lGZrB280zPC1cWzo0,Pipe Types:Uponor MLCP_Leiding wit 100m:3474352,-
3xVM8lGZrB280zPC1cWzo2,Pipe Types:Uponor MLCP_Leiding wit 100m:3474354,-
3xVM8lGZrB280zPC1cWzo8,Pipe Types:Uponor MLCP_Leiding wit 100m:3474360,-
3xVM8lGZrB280zPC1cWzoA,Pipe Types:Uponor MLCP_Leiding wit 100m:3474362,-
3xVM8lGZrB280zPC1cWzoC,Pipe Types:Uponor MLCP_Leiding wit 100m:3474364,-
3xVM8lGZrB280zPC1cWzoE,Pipe Types:Uponor MLCP_Leiding wit 100m:3474366,-
3xVM8lGZrB280zPC1cWzpp,Pipe Types:Uponor MLCP_Leiding wit 100m:3474371,-
3xVM8lGZrB280zPC1cWzps,Pipe Types:Uponor MLCP_Leiding wit 100m:3474374,-
3xVM8lGZrB280zPC1cWzpw,Pipe Types:Uponor MLCP_Leiding wit 100m:3474378,-
3xVM8lGZrB280zPC1cWzpz,Pipe Types:Uponor MLCP_Leiding wit 100m:3474381,-
3xVM8lGZrB280zPC1cWzpY,Pipe Types:Uponor MLCP_Leiding wit 100m:3474386,-
3xVM8lGZrB280zPC1cWzpa,Pipe Types:Uponor MLCP_Leiding wit 100m:3474388,-
3xVM8lGZrB280zPC1cWzpe,Pipe Types:Uponor MLCP_Leiding wit 100m:3474392,-
3xVM8lGZrB280zPC1cWzph,Pipe Types:Uponor MLCP_Leiding wit 100m:3474395,-
3xVM8lGZrB280zPC1cWzpk,Pipe Types:Uponor MLCP_Leiding wit 100m:3474398,-
3xVM8lGZrB280zPC1cWzpG,Pipe Types:Uponor MLCP_Leiding wit 100m:3474400,-
3xVM8lGZrB280zPC1cWzpK,Pipe Types:Uponor MLCP_Leiding wit 100m:3474404,-
3xVM8lGZrB280zPC1cWzpN,Pipe Types:Uponor MLCP_Leiding wit 100m:3474407,-
3xVM8lGZrB280zPC1cWzpR,Pipe Types:Uponor MLCP_Leiding wit 100m:3474411,-
3xVM8lGZrB280zPC1cWzpV,Pipe Types:Uponor MLCP_Leiding wit 100m:3474415,-
3xVM8lGZrB280zPC1cWzp3,Pipe Types:Uponor MLCP_Leiding wit 100m:3474419,-
3xVM8lGZrB280zPC1cWzp5,Pipe Types:Uponor MLCP_Leiding wit 100m:3474421,-
3xVM8lGZrB280zPC1cWzpD,Pipe Types:Uponor MLCP_Leiding wit 100m:3474429,-
3xVM8lGZrB280zPC1cWzpF,Pipe Types:Uponor MLCP_Leiding wit 100m:3474431,-
3xVM8lGZrB280zPC1cWzir,Pipe Types:Uponor MLCP_Leiding wit 100m:3474437,-
3xVM8lGZrB280zPC1cWzit,Pipe Types:Uponor MLCP_Leiding wit 100m:3474439,-
3xVM8lGZrB280zPC1cWziW,Pipe Types:Uponor MLCP_Leiding wit 100m:3474448,-
3xVM8lGZrB280zPC1cWzl9,Pipe Types:Uponor MLCP_Leiding wit 100m:3474681,-
3xVM8lGZrB280zPC1cWzaZ,Pipe Types:Uponor MLCP_Leiding wit 100m:3474963,-
0$XGOVV4b9792RAS7EPEdE,Pipe Types:Uponor MLCP_Leiding wit 100m:3476869,-
0$XGOVV4b9792RAS7EPEd7,Pipe Types:Uponor MLCP_Leiding wit 100m:3476876,-
0$XGOVV4b9792RAS7EPEdm,Pipe Types:Uponor MLCP_Leiding wit 100m:3476923,-
0$XGOVV4b9792RAS7EPEc9,Pipe Types:Uponor MLCP_Leiding wit 100m:3476930,-
0$XGOVV4b9792RAS7EPEc2,Pipe Types:Uponor MLCP_Leiding wit 100m:3476937,-
0$XGOVV4b9792RAS7EPEcR,Pipe Types:Uponor MLCP_Leiding wit 100m:3476944,-
0QgO5ch0vAe8AosiJScAcx,Pipe Types:Uponor MLCP_Leiding wit 100m:3477679,-
0QgO5ch0vAe8AosiJScAYq,Pipe Types:Uponor MLCP_Leiding wit 100m:3477920,-
0QgO5ch0vAe8AosiJScAYv,Pipe Types:Uponor MLCP_Leiding wit 100m:3477933,-
0QgO5ch0vAe8AosiJScAfz,Pipe Types:Uponor MLCP_Leiding wit 100m:3478377,-
0QgO5ch0vAe8AosiJScAqx,Pipe Types:Uponor MLCP_Leiding wit 100m:3478575,-
0QgO5ch0vAe8AosiJScAqZ,Pipe Types:Uponor MLCP_Leiding wit 100m:3478583,-
0QgO5ch0vAe8AosiJScAtb,Pipe Types:Uponor MLCP_Leiding wit 100m:3478769,-
0JByajTWv8TvJJGCB4ZurB,Pipe Types:Uponor MLCP_Leiding wit 100m:3480643,-
0JByajTWv8TvJJGCB4Zur1,Pipe Types:Uponor MLCP_Leiding wit 100m:3480649,-
0JByajTWv8TvJJGCB4Zur4,Pipe Types:Uponor MLCP_Leiding wit 100m:3480652,-
0JByajTWv8TvJJGCB4Zur6,Pipe Types:Uponor MLCP_Leiding wit 100m:3480654,-
0JByajTWv8TvJJGCB4ZurQ,Pipe Types:Uponor MLCP_Leiding wit 100m:3480658,-
0JByajTWv8TvJJGCB4ZurS,Pipe Types:Uponor MLCP_Leiding wit 100m:3480660,-
0JByajTWv8TvJJGCB4ZurH,Pipe Types:Uponor MLCP_Leiding wit 100m:3480665,-
0JByajTWv8TvJJGCB4ZurK,Pipe Types:Uponor MLCP_Leiding wit 100m:3480668,-
0JByajTWv8TvJJGCB4Zurg,Pipe Types:Uponor MLCP_Leiding wit 100m:3480674,-
0JByajTWv8TvJJGCB4Zuri,Pipe Types:Uponor MLCP_Leiding wit 100m:3480676,-
0JByajTWv8TvJJGCB4Zurk,Pipe Types:Uponor MLCP_Leiding wit 100m:3480678,-
0JByajTWv8TvJJGCB4ZurY,Pipe Types:Uponor MLCP_Leiding wit 100m:3480682,-
0JByajTWv8TvJJGCB4Zura,Pipe Types:Uponor MLCP_Leiding wit 100m:3480684,-
0JByajTWv8TvJJGCB4Zuru,Pipe Types:Uponor MLCP_Leiding wit 100m:3480688,-
0JByajTWv8TvJJGCB4Zurw,Pipe Types:Uponor MLCP_Leiding wit 100m:3480690,-
0JByajTWv8TvJJGCB4Zury,Pipe Types:Uponor MLCP_Leiding wit 100m:3480692,-
0JByajTWv8TvJJGCB4ZusF,Pipe Types:Uponor MLCP_Leiding wit 100m:3480711,-
0JByajTWv8TvJJGCB4Zus1,Pipe Types:Uponor MLCP_Leiding wit 100m:3480713,-
0JByajTWv8TvJJGCB4Zus3,Pipe Types:Uponor MLCP_Leiding wit 100m:3480715,-
0JByajTWv8TvJJGCB4ZusT,Pipe Types:Uponor MLCP_Leiding wit 100m:3480725,-
0JByajTWv8TvJJGCB4ZusI,Pipe Types:Uponor MLCP_Leiding wit 100m:3480730,-
0JByajTWv8TvJJGCB4ZusN,Pipe Types:Uponor MLCP_Leiding wit 100m:3480735,-
0JByajTWv8TvJJGCB4Zusk,Pipe Types:Uponor MLCP_Leiding wit 100m:3480742,-
0JByajTWv8TvJJGCB4ZusX,Pipe Types:Uponor MLCP_Leiding wit 100m:3480745,-
0JByajTWv8TvJJGCB4Zusc,Pipe Types:Uponor MLCP_Leiding wit 100m:3480750,-
0JByajTWv8TvJJGCB4Zusv,Pipe Types:Uponor MLCP_Leiding wit 100m:3480753,-
0JByajTWv8TvJJGCB4Zusr,Pipe Types:Uponor MLCP_Leiding wit 100m:3480765,-
0JByajTWv8TvJJGCB4Zust,Pipe Types:Uponor MLCP_Leiding wit 100m:3480767,-
0JByajTWv8TvJJGCB4ZutD,Pipe Types:Uponor MLCP_Leiding wit 100m:3480773,-
0JByajTWv8TvJJGCB4ZutF,Pipe Types:Uponor MLCP_Leiding wit 100m:3480775,-
0JByajTWv8TvJJGCB4Zut1,Pipe Types:Uponor MLCP_Leiding wit 100m:3480777,-
0JByajTWv8TvJJGCB4Zut6,Pipe Types:Uponor MLCP_Leiding wit 100m:3480782,-
0JByajTWv8TvJJGCB4ZutT,Pipe Types:Uponor MLCP_Leiding wit 100m:3480789,-
0JByajTWv8TvJJGCB4ZutH,Pipe Types:Uponor MLCP_Leiding wit 100m:3480793,-
0JByajTWv8TvJJGCB4ZutJ,Pipe Types:Uponor MLCP_Leiding wit 100m:3480795,-
0JByajTWv8TvJJGCB4ZutL,Pipe Types:Uponor MLCP_Leiding wit 100m:3480797,-
0JByajTWv8TvJJGCB4Zutj,Pipe Types:Uponor MLCP_Leiding wit 100m:3480805,-
0JByajTWv8TvJJGCB4ZutW,Pipe Types:Uponor MLCP_Leiding wit 100m:3480808,-
0JByajTWv8TvJJGCB4ZutZ,Pipe Types:Uponor MLCP_Leiding wit 100m:3480811,-
0JByajTWv8TvJJGCB4Zutv,Pipe Types:Uponor MLCP_Leiding wit 100m:3480817,-
0JByajTWv8TvJJGCB4Zutm,Pipe Types:Uponor MLCP_Leiding wit 100m:3480824,-
0JByajTWv8TvJJGCB4ZumS,Pipe Types:Uponor MLCP_Leiding wit 100m:3480852,-
0JByajTWv8TvJJGCB4ZumI,Pipe Types:Uponor MLCP_Leiding wit 100m:3480858,-
0JByajTWv8TvJJGCB4ZumL,Pipe Types:Uponor MLCP_Leiding wit 100m:3480861,-
0JByajTWv8TvJJGCB4ZumN,Pipe Types:Uponor MLCP_Leiding wit 100m:3480863,-
0JByajTWv8TvJJGCB4Zumh,Pipe Types:Uponor MLCP_Leiding wit 100m:3480867,-
0JByajTWv8TvJJGCB4Zumj,Pipe Types:Uponor MLCP_Leiding wit 100m:3480869,-
0JByajTWv8TvJJGCB4ZumY,Pipe Types:Uponor MLCP_Leiding wit 100m:3480874,-
0JByajTWv8TvJJGCB4Zumb,Pipe Types:Uponor MLCP_Leiding wit 100m:3480877,-
0JByajTWv8TvJJGCB4Zumx,Pipe Types:Uponor MLCP_Leiding wit 100m:3480883,-
0JByajTWv8TvJJGCB4Zumz,Pipe Types:Uponor MLCP_Leiding wit 100m:3480885,-
0JByajTWv8TvJJGCB4Zum$,Pipe Types:Uponor MLCP_Leiding wit 100m:3480887,-
0JByajTWv8TvJJGCB4Zump,Pipe Types:Uponor MLCP_Leiding wit 100m:3480891,-
0JByajTWv8TvJJGCB4Zumr,Pipe Types:Uponor MLCP_Leiding wit 100m:3480893,-
0JByajTWv8TvJJGCB4Zun9,Pipe Types:Uponor MLCP_Leiding wit 100m:3480897,-
0JByajTWv8TvJJGCB4ZunB,Pipe Types:Uponor MLCP_Leiding wit 100m:3480899,-
0JByajTWv8TvJJGCB4ZunD,Pipe Types:Uponor MLCP_Leiding wit 100m:3480901,-
0JByajTWv8TvJJGCB4ZunG,Pipe Types:Uponor MLCP_Leiding wit 100m:3480920,-
0JByajTWv8TvJJGCB4ZunI,Pipe Types:Uponor MLCP_Leiding wit 100m:3480922,-
0JByajTWv8TvJJGCB4ZunK,Pipe Types:Uponor MLCP_Leiding wit 100m:3480924,-
0JByajTWv8TvJJGCB4Zunk,Pipe Types:Uponor MLCP_Leiding wit 100m:3480934,-
0JByajTWv8TvJJGCB4ZunZ,Pipe Types:Uponor MLCP_Leiding wit 100m:3480939,-
0JByajTWv8TvJJGCB4Zunu,Pipe Types:Uponor MLCP_Leiding wit 100m:3480944,-
0JByajTWv8TvJJGCB4Zun$,Pipe Types:Uponor MLCP_Leiding wit 100m:3480951,-
0JByajTWv8TvJJGCB4Zuno,Pipe Types:Uponor MLCP_Leiding wit 100m:3480954,-
0JByajTWv8TvJJGCB4Zunt,Pipe Types:Uponor MLCP_Leiding wit 100m:3480959,-
0JByajTWv8TvJJGCB4ZuoA,Pipe Types:Uponor MLCP_Leiding wit 100m:3480962,-
0JByajTWv8TvJJGCB4Zuo6,Pipe Types:Uponor MLCP_Leiding wit 100m:3480974,-
0JByajTWv8TvJJGCB4ZuoO,Pipe Types:Uponor MLCP_Leiding wit 100m:3480976,-
0JByajTWv8TvJJGCB4ZuoU,Pipe Types:Uponor MLCP_Leiding wit 100m:3480982,-
0JByajTWv8TvJJGCB4ZuoG,Pipe Types:Uponor MLCP_Leiding wit 100m:3480984,-
0JByajTWv8TvJJGCB4ZuoI,Pipe Types:Uponor MLCP_Leiding wit 100m:3480986,-
0JByajTWv8TvJJGCB4ZuoN,Pipe Types:Uponor MLCP_Leiding wit 100m:3480991,-
0JByajTWv8TvJJGCB4Zuok,Pipe Types:Uponor MLCP_Leiding wit 100m:3480998,-
0JByajTWv8TvJJGCB4ZuoY,Pipe Types:Uponor MLCP_Leiding wit 100m:3481002,-
0JByajTWv8TvJJGCB4Zuoa,Pipe Types:Uponor MLCP_Leiding wit 100m:3481004,-
0JByajTWv8TvJJGCB4Zuoc,Pipe Types:Uponor MLCP_Leiding wit 100m:3481006,-
0JByajTWv8TvJJGCB4Zuo_,Pipe Types:Uponor MLCP_Leiding wit 100m:3481014,-
0JByajTWv8TvJJGCB4Zuon,Pipe Types:Uponor MLCP_Leiding wit 100m:3481017,-
0JByajTWv8TvJJGCB4Zuoq,Pipe Types:Uponor MLCP_Leiding wit 100m:3481020,-
0JByajTWv8TvJJGCB4ZupA,Pipe Types:Uponor MLCP_Leiding wit 100m:3481026,-
0JByajTWv8TvJJGCB4Zup1,Pipe Types:Uponor MLCP_Leiding wit 100m:3481033,-
0JByajTWv8TvJJGCB4Zx1Q,Pipe Types:Uponor MLCP_Leiding wit 100m:3481938,-
0JByajTWv8TvJJGCB4Zx1G,Pipe Types:Uponor MLCP_Leiding wit 100m:3481944,-
0JByajTWv8TvJJGCB4Zx1J,Pipe Types:Uponor MLCP_Leiding wit 100m:3481947,-
0JByajTWv8TvJJGCB4Zx1L,Pipe Types:Uponor MLCP_Leiding wit 100m:3481949,-
0JByajTWv8TvJJGCB4Zx1f,Pipe Types:Uponor MLCP_Leiding wit 100m:3481953,-
0JByajTWv8TvJJGCB4Zx1h,Pipe Types:Uponor MLCP_Leiding wit 100m:3481955,-
0JByajTWv8TvJJGCB4Zx1W,Pipe Types:Uponor MLCP_Leiding wit 100m:3481960,-
0JByajTWv8TvJJGCB4Zx1Z,Pipe Types:Uponor MLCP_Leiding wit 100m:3481963,-
0JByajTWv8TvJJGCB4Zx1v,Pipe Types:Uponor MLCP_Leiding wit 100m:3481969,-
0JByajTWv8TvJJGCB4Zx1x,Pipe Types:Uponor MLCP_Leiding wit 100m:3481971,-
0JByajTWv8TvJJGCB4Zx1z,Pipe Types:Uponor MLCP_Leiding wit 100m:3481973,-
0JByajTWv8TvJJGCB4Zx1n,Pipe Types:Uponor MLCP_Leiding wit 100m:3481977,-
0JByajTWv8TvJJGCB4Zx1p,Pipe Types:Uponor MLCP_Leiding wit 100m:3481979,-
0JByajTWv8TvJJGCB4Zx1t,Pipe Types:Uponor MLCP_Leiding wit 100m:3481983,-
0JByajTWv8TvJJGCB4Zx29,Pipe Types:Uponor MLCP_Leiding wit 100m:3481985,-
0JByajTWv8TvJJGCB4Zx2B,Pipe Types:Uponor MLCP_Leiding wit 100m:3481987,-
0JByajTWv8TvJJGCB4Zx2U,Pipe Types:Uponor MLCP_Leiding wit 100m:3482006,-
0JByajTWv8TvJJGCB4Zx2G,Pipe Types:Uponor MLCP_Leiding wit 100m:3482008,-
0JByajTWv8TvJJGCB4Zx2I,Pipe Types:Uponor MLCP_Leiding wit 100m:3482010,-
0JByajTWv8TvJJGCB4Zx2i,Pipe Types:Uponor MLCP_Leiding wit 100m:3482020,-
0JByajTWv8TvJJGCB4Zx2X,Pipe Types:Uponor MLCP_Leiding wit 100m:3482025,-
0JByajTWv8TvJJGCB4Zx2c,Pipe Types:Uponor MLCP_Leiding wit 100m:3482030,-
0JByajTWv8TvJJGCB4Zx2z,Pipe Types:Uponor MLCP_Leiding wit 100m:3482037,-
0JByajTWv8TvJJGCB4Zx2m,Pipe Types:Uponor MLCP_Leiding wit 100m:3482040,-
0JByajTWv8TvJJGCB4Zx2r,Pipe Types:Uponor MLCP_Leiding wit 100m:3482045,-
0JByajTWv8TvJJGCB4Zx38,Pipe Types:Uponor MLCP_Leiding wit 100m:3482048,-
0JByajTWv8TvJJGCB4Zx34,Pipe Types:Uponor MLCP_Leiding wit 100m:3482060,-
0JByajTWv8TvJJGCB4Zx36,Pipe Types:Uponor MLCP_Leiding wit 100m:3482062,-
0JByajTWv8TvJJGCB4Zx3S,Pipe Types:Uponor MLCP_Leiding wit 100m:3482068,-
0JByajTWv8TvJJGCB4Zx3U,Pipe Types:Uponor MLCP_Leiding wit 100m:3482070,-
0JByajTWv8TvJJGCB4Zx3G,Pipe Types:Uponor MLCP_Leiding wit 100m:3482072,-
0JByajTWv8TvJJGCB4Zx3L,Pipe Types:Uponor MLCP_Leiding wit 100m:3482077,-
0JByajTWv8TvJJGCB4Zx3i,Pipe Types:Uponor MLCP_Leiding wit 100m:3482084,-
0JByajTWv8TvJJGCB4Zx3W,Pipe Types:Uponor MLCP_Leiding wit 100m:3482088,-
0JByajTWv8TvJJGCB4Zx3Y,Pipe Types:Uponor MLCP_Leiding wit 100m:3482090,-
0JByajTWv8TvJJGCB4Zx3a,Pipe Types:Uponor MLCP_Leiding wit 100m:3482092,-
0JByajTWv8TvJJGCB4Zx3y,Pipe Types:Uponor MLCP_Leiding wit 100m:3482100,-
0JByajTWv8TvJJGCB4Zx3$,Pipe Types:Uponor MLCP_Leiding wit 100m:3482103,-
0JByajTWv8TvJJGCB4Zx3o,Pipe Types:Uponor MLCP_Leiding wit 100m:3482106,-
0JByajTWv8TvJJGCB4ZxC8,Pipe Types:Uponor MLCP_Leiding wit 100m:3482112,-
0JByajTWv8TvJJGCB4ZxCF,Pipe Types:Uponor MLCP_Leiding wit 100m:3482119,-
0JByajTWv8TvJJGCB4ZxCh,Pipe Types:Uponor MLCP_Leiding wit 100m:3482147,-
0JByajTWv8TvJJGCB4ZxCX,Pipe Types:Uponor MLCP_Leiding wit 100m:3482153,-
0JByajTWv8TvJJGCB4ZxCa,Pipe Types:Uponor MLCP_Leiding wit 100m:3482156,-
0JByajTWv8TvJJGCB4ZxCc,Pipe Types:Uponor MLCP_Leiding wit 100m:3482158,-
0JByajTWv8TvJJGCB4ZxCw,Pipe Types:Uponor MLCP_Leiding wit 100m:3482162,-
0JByajTWv8TvJJGCB4ZxCy,Pipe Types:Uponor MLCP_Leiding wit 100m:3482164,-
0JByajTWv8TvJJGCB4ZxCn,Pipe Types:Uponor MLCP_Leiding wit 100m:3482169,-
0JByajTWv8TvJJGCB4ZxCq,Pipe Types:Uponor MLCP_Leiding wit 100m:3482172,-
0JByajTWv8TvJJGCB4ZxDA,Pipe Types:Uponor MLCP_Leiding wit 100m:3482178,-
0JByajTWv8TvJJGCB4ZxDC,Pipe Types:Uponor MLCP_Leiding wit 100m:3482180,-
0JByajTWv8TvJJGCB4ZxDE,Pipe Types:Uponor MLCP_Leiding wit 100m:3482182,-
0JByajTWv8TvJJGCB4ZxD2,Pipe Types:Uponor MLCP_Leiding wit 100m:3482186,-
0JByajTWv8TvJJGCB4ZxD4,Pipe Types:Uponor MLCP_Leiding wit 100m:3482188,-
0JByajTWv8TvJJGCB4ZxDO,Pipe Types:Uponor MLCP_Leiding wit 100m:3482192,-
0JByajTWv8TvJJGCB4ZxDQ,Pipe Types:Uponor MLCP_Leiding wit 100m:3482194,-
0JByajTWv8TvJJGCB4ZxDS,Pipe Types:Uponor MLCP_Leiding wit 100m:3482196,-
0JByajTWv8TvJJGCB4ZxDl,Pipe Types:Uponor MLCP_Leiding wit 100m:3482215,-
0JByajTWv8TvJJGCB4ZxDX,Pipe Types:Uponor MLCP_Leiding wit 100m:3482217,-
0JByajTWv8TvJJGCB4ZxDZ,Pipe Types:Uponor MLCP_Leiding wit 100m:3482219,-
0JByajTWv8TvJJGCB4ZxDz,Pipe Types:Uponor MLCP_Leiding wit 100m:3482229,-
0JByajTWv8TvJJGCB4ZxDo,Pipe Types:Uponor MLCP_Leiding wit 100m:3482234,-
0JByajTWv8TvJJGCB4ZxDt,Pipe Types:Uponor MLCP_Leiding wit 100m:3482239,-
0JByajTWv8TvJJGCB4ZxEE,Pipe Types:Uponor MLCP_Leiding wit 100m:3482246,-
0JByajTWv8TvJJGCB4ZxE1,Pipe Types:Uponor MLCP_Leiding wit 100m:3482249,-
0JByajTWv8TvJJGCB4ZxE6,Pipe Types:Uponor MLCP_Leiding wit 100m:3482254,-
0JByajTWv8TvJJGCB4ZxEP,Pipe Types:Uponor MLCP_Leiding wit 100m:3482257,-
0JByajTWv8TvJJGCB4ZxEL,Pipe Types:Uponor MLCP_Leiding wit 100m:3482269,-
0JByajTWv8TvJJGCB4ZxEN,Pipe Types:Uponor MLCP_Leiding wit 100m:3482271,-
0JByajTWv8TvJJGCB4ZxEj,Pipe Types:Uponor MLCP_Leiding wit 100m:3482277,-
0JByajTWv8TvJJGCB4ZxEl,Pipe Types:Uponor MLCP_Leiding wit 100m:3482279,-
0JByajTWv8TvJJGCB4ZxEX,Pipe Types:Uponor MLCP_Leiding wit 100m:3482281,-
0JByajTWv8TvJJGCB4ZxEc,Pipe Types:Uponor MLCP_Leiding wit 100m:3482286,-
0JByajTWv8TvJJGCB4ZxEz,Pipe Types:Uponor MLCP_Leiding wit 100m:3482293,-
0JByajTWv8TvJJGCB4ZxEn,Pipe Types:Uponor MLCP_Leiding wit 100m:3482297,-
0JByajTWv8TvJJGCB4ZxEp,Pipe Types:Uponor MLCP_Leiding wit 100m:3482299,-
0JByajTWv8TvJJGCB4ZxEr,Pipe Types:Uponor MLCP_Leiding wit 100m:3482301,-
0JByajTWv8TvJJGCB4ZxFD,Pipe Types:Uponor MLCP_Leiding wit 100m:3482309,-
0JByajTWv8TvJJGCB4ZxF0,Pipe Types:Uponor MLCP_Leiding wit 100m:3482312,-
0JByajTWv8TvJJGCB4ZxF3,Pipe Types:Uponor MLCP_Leiding wit 100m:3482315,-
0JByajTWv8TvJJGCB4ZxFP,Pipe Types:Uponor MLCP_Leiding wit 100m:3482321,-
0JByajTWv8TvJJGCB4ZxFG,Pipe Types:Uponor MLCP_Leiding wit 100m:3482328,-
0JByajTWv8TvJJGCB4ZxTS,Pipe Types:Uponor MLCP_Leiding wit 100m:3483220,-
0JByajTWv8TvJJGCB4ZxTI,Pipe Types:Uponor MLCP_Leiding wit 100m:3483226,-
0JByajTWv8TvJJGCB4ZxTL,Pipe Types:Uponor MLCP_Leiding wit 100m:3483229,-
0JByajTWv8TvJJGCB4ZxTN,Pipe Types:Uponor MLCP_Leiding wit 100m:3483231,-
0JByajTWv8TvJJGCB4ZxTh,Pipe Types:Uponor MLCP_Leiding wit 100m:3483235,-
0JByajTWv8TvJJGCB4ZxTj,Pipe Types:Uponor MLCP_Leiding wit 100m:3483237,-
0JByajTWv8TvJJGCB4ZxTY,Pipe Types:Uponor MLCP_Leiding wit 100m:3483242,-
0JByajTWv8TvJJGCB4ZxTb,Pipe Types:Uponor MLCP_Leiding wit 100m:3483245,-
0JByajTWv8TvJJGCB4ZxTx,Pipe Types:Uponor MLCP_Leiding wit 100m:3483251,-
0JByajTWv8TvJJGCB4ZxTz,Pipe Types:Uponor MLCP_Leiding wit 100m:3483253,-
0JByajTWv8TvJJGCB4ZxT$,Pipe Types:Uponor MLCP_Leiding wit 100m:3483255,-
0JByajTWv8TvJJGCB4ZxTp,Pipe Types:Uponor MLCP_Leiding wit 100m:3483259,-
0JByajTWv8TvJJGCB4ZxTr,Pipe Types:Uponor MLCP_Leiding wit 100m:3483261,-
0JByajTWv8TvJJGCB4ZxU9,Pipe Types:Uponor MLCP_Leiding wit 100m:3483265,-
0JByajTWv8TvJJGCB4ZxUB,Pipe Types:Uponor MLCP_Leiding wit 100m:3483267,-
0JByajTWv8TvJJGCB4ZxUD,Pipe Types:Uponor MLCP_Leiding wit 100m:3483269,-
0JByajTWv8TvJJGCB4ZxUG,Pipe Types:Uponor MLCP_Leiding wit 100m:3483288,-
0JByajTWv8TvJJGCB4ZxUI,Pipe Types:Uponor MLCP_Leiding wit 100m:3483290,-
0JByajTWv8TvJJGCB4ZxUK,Pipe Types:Uponor MLCP_Leiding wit 100m:3483292,-
0JByajTWv8TvJJGCB4ZxUk,Pipe Types:Uponor MLCP_Leiding wit 100m:3483302,-
0JByajTWv8TvJJGCB4ZxUZ,Pipe Types:Uponor MLCP_Leiding wit 100m:3483307,-
0JByajTWv8TvJJGCB4ZxUu,Pipe Types:Uponor MLCP_Leiding wit 100m:3483312,-
0JByajTWv8TvJJGCB4ZxU$,Pipe Types:Uponor MLCP_Leiding wit 100m:3483319,-
0JByajTWv8TvJJGCB4ZxUo,Pipe Types:Uponor MLCP_Leiding wit 100m:3483322,-
0JByajTWv8TvJJGCB4ZxUt,Pipe Types:Uponor MLCP_Leiding wit 100m:3483327,-
0JByajTWv8TvJJGCB4ZxVA,Pipe Types:Uponor MLCP_Leiding wit 100m:3483330,-
0JByajTWv8TvJJGCB4ZxV6,Pipe Types:Uponor MLCP_Leiding wit 100m:3483342,-
0JByajTWv8TvJJGCB4ZxVO,Pipe Types:Uponor MLCP_Leiding wit 100m:3483344,-
0JByajTWv8TvJJGCB4ZxVU,Pipe Types:Uponor MLCP_Leiding wit 100m:3483350,-
0JByajTWv8TvJJGCB4ZxVG,Pipe Types:Uponor MLCP_Leiding wit 100m:3483352,-
0JByajTWv8TvJJGCB4ZxVI,Pipe Types:Uponor MLCP_Leiding wit 100m:3483354,-
0JByajTWv8TvJJGCB4ZxVN,Pipe Types:Uponor MLCP_Leiding wit 100m:3483359,-
0JByajTWv8TvJJGCB4ZxVk,Pipe Types:Uponor MLCP_Leiding wit 100m:3483366,-
0JByajTWv8TvJJGCB4ZxVY,Pipe Types:Uponor MLCP_Leiding wit 100m:3483370,-
0JByajTWv8TvJJGCB4ZxVa,Pipe Types:Uponor MLCP_Leiding wit 100m:3483372,-
0JByajTWv8TvJJGCB4ZxVc,Pipe Types:Uponor MLCP_Leiding wit 100m:3483374,-
0JByajTWv8TvJJGCB4ZxV_,Pipe Types:Uponor MLCP_Leiding wit 100m:3483382,-
0JByajTWv8TvJJGCB4ZxVn,Pipe Types:Uponor MLCP_Leiding wit 100m:3483385,-
0JByajTWv8TvJJGCB4ZxVq,Pipe Types:Uponor MLCP_Leiding wit 100m:3483388,-
0JByajTWv8TvJJGCB4ZxOA,Pipe Types:Uponor MLCP_Leiding wit 100m:3483394,-
0JByajTWv8TvJJGCB4ZxO1,Pipe Types:Uponor MLCP_Leiding wit 100m:3483401,-
0JByajTWv8TvJJGCB4ZxOj,Pipe Types:Uponor MLCP_Leiding wit 100m:3483429,-
0JByajTWv8TvJJGCB4ZxOZ,Pipe Types:Uponor MLCP_Leiding wit 100m:3483435,-
0JByajTWv8TvJJGCB4ZxOc,Pipe Types:Uponor MLCP_Leiding wit 100m:3483438,-
0JByajTWv8TvJJGCB4ZxOu,Pipe Types:Uponor MLCP_Leiding wit 100m:3483440,-
0JByajTWv8TvJJGCB4ZxOy,Pipe Types:Uponor MLCP_Leiding wit 100m:3483444,-
0JByajTWv8TvJJGCB4ZxO_,Pipe Types:Uponor MLCP_Leiding wit 100m:3483446,-
0JByajTWv8TvJJGCB4ZxOp,Pipe Types:Uponor MLCP_Leiding wit 100m:3483451,-
0JByajTWv8TvJJGCB4ZxOs,Pipe Types:Uponor MLCP_Leiding wit 100m:3483454,-
0JByajTWv8TvJJGCB4ZxPC,Pipe Types:Uponor MLCP_Leiding wit 100m:3483460,-
0JByajTWv8TvJJGCB4ZxPE,Pipe Types:Uponor MLCP_Leiding wit 100m:3483462,-
0JByajTWv8TvJJGCB4ZxP0,Pipe Types:Uponor MLCP_Leiding wit 100m:3483464,-
0JByajTWv8TvJJGCB4ZxP4,Pipe Types:Uponor MLCP_Leiding wit 100m:3483468,-
0JByajTWv8TvJJGCB4ZxP6,Pipe Types:Uponor MLCP_Leiding wit 100m:3483470,-
0JByajTWv8TvJJGCB4ZxPQ,Pipe Types:Uponor MLCP_Leiding wit 100m:3483474,-
0JByajTWv8TvJJGCB4ZxPS,Pipe Types:Uponor MLCP_Leiding wit 100m:3483476,-
0JByajTWv8TvJJGCB4ZxPU,Pipe Types:Uponor MLCP_Leiding wit 100m:3483478,-
0JByajTWv8TvJJGCB4ZxPX,Pipe Types:Uponor MLCP_Leiding wit 100m:3483497,-
0JByajTWv8TvJJGCB4ZxPZ,Pipe Types:Uponor MLCP_Leiding wit 100m:3483499,-
0JByajTWv8TvJJGCB4ZxPb,Pipe Types:Uponor MLCP_Leiding wit 100m:3483501,-
0JByajTWv8TvJJGCB4ZxP$,Pipe Types:Uponor MLCP_Leiding wit 100m:3483511,-
0JByajTWv8TvJJGCB4ZxPq,Pipe Types:Uponor MLCP_Leiding wit 100m:3483516,-
0JByajTWv8TvJJGCB4ZxQ9,Pipe Types:Uponor MLCP_Leiding wit 100m:3483521,-
0JByajTWv8TvJJGCB4ZxQ0,Pipe Types:Uponor MLCP_Leiding wit 100m:3483528,-
0JByajTWv8TvJJGCB4ZxQ3,Pipe Types:Uponor MLCP_Leiding wit 100m:3483531,-
0JByajTWv8TvJJGCB4ZxQO,Pipe Types:Uponor MLCP_Leiding wit 100m:3483536,-
0JByajTWv8TvJJGCB4ZxQR,Pipe Types:Uponor MLCP_Leiding wit 100m:3483539,-
0JByajTWv8TvJJGCB4ZxQN,Pipe Types:Uponor MLCP_Leiding wit 100m:3483551,-
0JByajTWv8TvJJGCB4ZxQf,Pipe Types:Uponor MLCP_Leiding wit 100m:3483553,-
0JByajTWv8TvJJGCB4ZxQl,Pipe Types:Uponor MLCP_Leiding wit 100m:3483559,-
0JByajTWv8TvJJGCB4ZxQX,Pipe Types:Uponor MLCP_Leiding wit 100m:3483561,-
0JByajTWv8TvJJGCB4ZxQZ,Pipe Types:Uponor MLCP_Leiding wit 100m:3483563,-
0JByajTWv8TvJJGCB4ZxQu,Pipe Types:Uponor MLCP_Leiding wit 100m:3483568,-
0JByajTWv8TvJJGCB4ZxQ$,Pipe Types:Uponor MLCP_Leiding wit 100m:3483575,-
0JByajTWv8TvJJGCB4ZxQp,Pipe Types:Uponor MLCP_Leiding wit 100m:3483579,-
0JByajTWv8TvJJGCB4ZxQr,Pipe Types:Uponor MLCP_Leiding wit 100m:3483581,-
0JByajTWv8TvJJGCB4ZxQt,Pipe Types:Uponor MLCP_Leiding wit 100m:3483583,-
0JByajTWv8TvJJGCB4ZxRF,Pipe Types:Uponor MLCP_Leiding wit 100m:3483591,-
0JByajTWv8TvJJGCB4ZxR2,Pipe Types:Uponor MLCP_Leiding wit 100m:3483594,-
0JByajTWv8TvJJGCB4ZxR5,Pipe Types:Uponor MLCP_Leiding wit 100m:3483597,-
0JByajTWv8TvJJGCB4ZxRR,Pipe Types:Uponor MLCP_Leiding wit 100m:3483603,-
0JByajTWv8TvJJGCB4ZxRI,Pipe Types:Uponor MLCP_Leiding wit 100m:3483610,-
0JByajTWv8TvJJGCB4Zxen,Pipe Types:Uponor MLCP_Leiding wit 100m:3484473,-
0JByajTWv8TvJJGCB4Zxet,Pipe Types:Uponor MLCP_Leiding wit 100m:3484479,-
0JByajTWv8TvJJGCB4ZxfC,Pipe Types:Uponor MLCP_Leiding wit 100m:3484484,-
0JByajTWv8TvJJGCB4Zxf0,Pipe Types:Uponor MLCP_Leiding wit 100m:3484488,-
0JByajTWv8TvJJGCB4Zxf2,Pipe Types:Uponor MLCP_Leiding wit 100m:3484490,-
0JByajTWv8TvJJGCB4Zxf7,Pipe Types:Uponor MLCP_Leiding wit 100m:3484495,-
0JByajTWv8TvJJGCB4ZxfQ,Pipe Types:Uponor MLCP_Leiding wit 100m:3484498,-
0JByajTWv8TvJJGCB4ZxfG,Pipe Types:Uponor MLCP_Leiding wit 100m:3484504,-
0JByajTWv8TvJJGCB4ZxfI,Pipe Types:Uponor MLCP_Leiding wit 100m:3484506,-
0JByajTWv8TvJJGCB4ZxfK,Pipe Types:Uponor MLCP_Leiding wit 100m:3484508,-
0JByajTWv8TvJJGCB4Zxfe,Pipe Types:Uponor MLCP_Leiding wit 100m:3484512,-
0JByajTWv8TvJJGCB4Zxfg,Pipe Types:Uponor MLCP_Leiding wit 100m:3484514,-
0JByajTWv8TvJJGCB4Zxfk,Pipe Types:Uponor MLCP_Leiding wit 100m:3484518,-
0JByajTWv8TvJJGCB4ZxfW,Pipe Types:Uponor MLCP_Leiding wit 100m:3484520,-
0JByajTWv8TvJJGCB4ZxfY,Pipe Types:Uponor MLCP_Leiding wit 100m:3484522,-
0JByajTWv8TvJJGCB4Zxfm,Pipe Types:Uponor MLCP_Leiding wit 100m:3484536,-
0JByajTWv8TvJJGCB4Zxfo,Pipe Types:Uponor MLCP_Leiding wit 100m:3484538,-
0JByajTWv8TvJJGCB4Zxfq,Pipe Types:Uponor MLCP_Leiding wit 100m:3484540,-
0JByajTWv8TvJJGCB4Zxfs,Pipe Types:Uponor MLCP_Leiding wit 100m:3484542,-
0JByajTWv8TvJJGCB4ZxgC,Pipe Types:Uponor MLCP_Leiding wit 100m:3484548,-
0JByajTWv8TvJJGCB4Zxg6,Pipe Types:Uponor MLCP_Leiding wit 100m:3484558,-
0JByajTWv8TvJJGCB4ZxgN,Pipe Types:Uponor MLCP_Leiding wit 100m:3484575,-
0JByajTWv8TvJJGCB4ZxgY,Pipe Types:Uponor MLCP_Leiding wit 100m:3484586,-
0JByajTWv8TvJJGCB4Zxgb,Pipe Types:Uponor MLCP_Leiding wit 100m:3484589,-
0JByajTWv8TvJJGCB4Zxgv,Pipe Types:Uponor MLCP_Leiding wit 100m:3484593,-
0JByajTWv8TvJJGCB4Zxgx,Pipe Types:Uponor MLCP_Leiding wit 100m:3484595,-
0JByajTWv8TvJJGCB4Zxg$,Pipe Types:Uponor MLCP_Leiding wit 100m:3484599,-
0JByajTWv8TvJJGCB4Zxgr,Pipe Types:Uponor MLCP_Leiding wit 100m:3484605,-
0JByajTWv8TvJJGCB4Zxgt,Pipe Types:Uponor MLCP_Leiding wit 100m:3484607,-
0JByajTWv8TvJJGCB4ZxhC,Pipe Types:Uponor MLCP_Leiding wit 100m:3484612,-
0JByajTWv8TvJJGCB4ZxhF,Pipe Types:Uponor MLCP_Leiding wit 100m:3484615,-
0JByajTWv8TvJJGCB4Zxh5,Pipe Types:Uponor MLCP_Leiding wit 100m:3484621,-
0JByajTWv8TvJJGCB4ZxhP,Pipe Types:Uponor MLCP_Leiding wit 100m:3484625,-
0JByajTWv8TvJJGCB4ZxhR,Pipe Types:Uponor MLCP_Leiding wit 100m:3484627,-
0JByajTWv8TvJJGCB4ZxhH,Pipe Types:Uponor MLCP_Leiding wit 100m:3484633,-
0JByajTWv8TvJJGCB4ZxhL,Pipe Types:Uponor MLCP_Leiding wit 100m:3484637,-
0JByajTWv8TvJJGCB4Zxhe,Pipe Types:Uponor MLCP_Leiding wit 100m:3484640,-
0JByajTWv8TvJJGCB4Zxhj,Pipe Types:Uponor MLCP_Leiding wit 100m:3484645,-
0JByajTWv8TvJJGCB4Zxhc,Pipe Types:Uponor MLCP_Leiding wit 100m:3484654,-
0JByajTWv8TvJJGCB4Zxq1,Pipe Types:Uponor MLCP_Leiding wit 100m:3484681,-
0JByajTWv8TvJJGCB4Zxq7,Pipe Types:Uponor MLCP_Leiding wit 100m:3484687,-
0JByajTWv8TvJJGCB4ZxqS,Pipe Types:Uponor MLCP_Leiding wit 100m:3484692,-
0JByajTWv8TvJJGCB4ZxqG,Pipe Types:Uponor MLCP_Leiding wit 100m:3484696,-
0JByajTWv8TvJJGCB4ZxqI,Pipe Types:Uponor MLCP_Leiding wit 100m:3484698,-
0JByajTWv8TvJJGCB4ZxqN,Pipe Types:Uponor MLCP_Leiding wit 100m:3484703,-
0JByajTWv8TvJJGCB4Zxqg,Pipe Types:Uponor MLCP_Leiding wit 100m:3484706,-
0JByajTWv8TvJJGCB4ZxqW,Pipe Types:Uponor MLCP_Leiding wit 100m:3484712,-
0JByajTWv8TvJJGCB4ZxqY,Pipe Types:Uponor MLCP_Leiding wit 100m:3484714,-
0JByajTWv8TvJJGCB4Zxqa,Pipe Types:Uponor MLCP_Leiding wit 100m:3484716,-
0JByajTWv8TvJJGCB4Zxqu,Pipe Types:Uponor MLCP_Leiding wit 100m:3484720,-
0JByajTWv8TvJJGCB4Zxqw,Pipe Types:Uponor MLCP_Leiding wit 100m:3484722,-
0JByajTWv8TvJJGCB4Zxq_,Pipe Types:Uponor MLCP_Leiding wit 100m:3484726,-
0JByajTWv8TvJJGCB4Zxqm,Pipe Types:Uponor MLCP_Leiding wit 100m:3484728,-
0JByajTWv8TvJJGCB4Zxqo,Pipe Types:Uponor MLCP_Leiding wit 100m:3484730,-
0JByajTWv8TvJJGCB4Zxr0,Pipe Types:Uponor MLCP_Leiding wit 100m:3484744,-
0JByajTWv8TvJJGCB4Zxr2,Pipe Types:Uponor MLCP_Leiding wit 100m:3484746,-
0JByajTWv8TvJJGCB4Zxr4,Pipe Types:Uponor MLCP_Leiding wit 100m:3484748,-
0JByajTWv8TvJJGCB4Zxr6,Pipe Types:Uponor MLCP_Leiding wit 100m:3484750,-
0JByajTWv8TvJJGCB4ZxrS,Pipe Types:Uponor MLCP_Leiding wit 100m:3484756,-
0JByajTWv8TvJJGCB4ZxrM,Pipe Types:Uponor MLCP_Leiding wit 100m:3484766,-
0JByajTWv8TvJJGCB4Zxrd,Pipe Types:Uponor MLCP_Leiding wit 100m:3484783,-
0JByajTWv8TvJJGCB4Zxro,Pipe Types:Uponor MLCP_Leiding wit 100m:3484794,-
0JByajTWv8TvJJGCB4Zxrr,Pipe Types:Uponor MLCP_Leiding wit 100m:3484797,-
0JByajTWv8TvJJGCB4Zxs9,Pipe Types:Uponor MLCP_Leiding wit 100m:3484801,-
0JByajTWv8TvJJGCB4ZxsB,Pipe Types:Uponor MLCP_Leiding wit 100m:3484803,-
0JByajTWv8TvJJGCB4ZxsF,Pipe Types:Uponor MLCP_Leiding wit 100m:3484807,-
0JByajTWv8TvJJGCB4Zxs5,Pipe Types:Uponor MLCP_Leiding wit 100m:3484813,-
0JByajTWv8TvJJGCB4Zxs7,Pipe Types:Uponor MLCP_Leiding wit 100m:3484815,-
0JByajTWv8TvJJGCB4ZxsS,Pipe Types:Uponor MLCP_Leiding wit 100m:3484820,-
0JByajTWv8TvJJGCB4ZxsV,Pipe Types:Uponor MLCP_Leiding wit 100m:3484823,-
0JByajTWv8TvJJGCB4ZxsL,Pipe Types:Uponor MLCP_Leiding wit 100m:3484829,-
0JByajTWv8TvJJGCB4Zxsf,Pipe Types:Uponor MLCP_Leiding wit 100m:3484833,-
0JByajTWv8TvJJGCB4Zxsh,Pipe Types:Uponor MLCP_Leiding wit 100m:3484835,-
0JByajTWv8TvJJGCB4ZxsX,Pipe Types:Uponor MLCP_Leiding wit 100m:3484841,-
0JByajTWv8TvJJGCB4Zxsb,Pipe Types:Uponor MLCP_Leiding wit 100m:3484845,-
0JByajTWv8TvJJGCB4Zxsu,Pipe Types:Uponor MLCP_Leiding wit 100m:3484848,-
0JByajTWv8TvJJGCB4Zxsz,Pipe Types:Uponor MLCP_Leiding wit 100m:3484853,-
0JByajTWv8TvJJGCB4Zxss,Pipe Types:Uponor MLCP_Leiding wit 100m:3484862,-
0JByajTWv8TvJJGCB4Zw4L,Pipe Types:Uponor MLCP_Leiding wit 100m:3485725,-
0JByajTWv8TvJJGCB4Zw4h,Pipe Types:Uponor MLCP_Leiding wit 100m:3485731,-
0JByajTWv8TvJJGCB4Zw4W,Pipe Types:Uponor MLCP_Leiding wit 100m:3485736,-
0JByajTWv8TvJJGCB4Zw4a,Pipe Types:Uponor MLCP_Leiding wit 100m:3485740,-
0JByajTWv8TvJJGCB4Zw4c,Pipe Types:Uponor MLCP_Leiding wit 100m:3485742,-
0JByajTWv8TvJJGCB4Zw4x,Pipe Types:Uponor MLCP_Leiding wit 100m:3485747,-
0JByajTWv8TvJJGCB4Zw4_,Pipe Types:Uponor MLCP_Leiding wit 100m:3485750,-
0JByajTWv8TvJJGCB4Zw4q,Pipe Types:Uponor MLCP_Leiding wit 100m:3485756,-
0JByajTWv8TvJJGCB4Zw4s,Pipe Types:Uponor MLCP_Leiding wit 100m:3485758,-
0JByajTWv8TvJJGCB4Zw58,Pipe Types:Uponor MLCP_Leiding wit 100m:3485760,-
0JByajTWv8TvJJGCB4Zw5C,Pipe Types:Uponor MLCP_Leiding wit 100m:3485764,-
0JByajTWv8TvJJGCB4Zw5E,Pipe Types:Uponor MLCP_Leiding wit 100m:3485766,-
0JByajTWv8TvJJGCB4Zw52,Pipe Types:Uponor MLCP_Leiding wit 100m:3485770,-
0JByajTWv8TvJJGCB4Zw54,Pipe Types:Uponor MLCP_Leiding wit 100m:3485772,-
0JByajTWv8TvJJGCB4Zw56,Pipe Types:Uponor MLCP_Leiding wit 100m:3485774,-
0JByajTWv8TvJJGCB4Zw5K,Pipe Types:Uponor MLCP_Leiding wit 100m:3485788,-
0JByajTWv8TvJJGCB4Zw5M,Pipe Types:Uponor MLCP_Leiding wit 100m:3485790,-
0JByajTWv8TvJJGCB4Zw5e,Pipe Types:Uponor MLCP_Leiding wit 100m:3485792,-
0JByajTWv8TvJJGCB4Zw5g,Pipe Types:Uponor MLCP_Leiding wit 100m:3485794,-
0JByajTWv8TvJJGCB4Zw5W,Pipe Types:Uponor MLCP_Leiding wit 100m:3485800,-
0JByajTWv8TvJJGCB4Zw5w,Pipe Types:Uponor MLCP_Leiding wit 100m:3485810,-
0JByajTWv8TvJJGCB4Zw6B,Pipe Types:Uponor MLCP_Leiding wit 100m:3485827,-
0JByajTWv8TvJJGCB4Zw66,Pipe Types:Uponor MLCP_Leiding wit 100m:3485838,-
0JByajTWv8TvJJGCB4Zw6P,Pipe Types:Uponor MLCP_Leiding wit 100m:3485841,-
0JByajTWv8TvJJGCB4Zw6T,Pipe Types:Uponor MLCP_Leiding wit 100m:3485845,-
0JByajTWv8TvJJGCB4Zw6V,Pipe Types:Uponor MLCP_Leiding wit 100m:3485847,-
0JByajTWv8TvJJGCB4Zw6J,Pipe Types:Uponor MLCP_Leiding wit 100m:3485851,-
0JByajTWv8TvJJGCB4Zw6f,Pipe Types:Uponor MLCP_Leiding wit 100m:3485857,-
0JByajTWv8TvJJGCB4Zw6h,Pipe Types:Uponor MLCP_Leiding wit 100m:3485859,-
0JByajTWv8TvJJGCB4Zw6W,Pipe Types:Uponor MLCP_Leiding wit 100m:3485864,-
0JByajTWv8TvJJGCB4Zw6Z,Pipe Types:Uponor MLCP_Leiding wit 100m:3485867,-
0JByajTWv8TvJJGCB4Zw6v,Pipe Types:Uponor MLCP_Leiding wit 100m:3485873,-
0JByajTWv8TvJJGCB4Zw6z,Pipe Types:Uponor MLCP_Leiding wit 100m:3485877,-
0JByajTWv8TvJJGCB4Zw6$,Pipe Types:Uponor MLCP_Leiding wit 100m:3485879,-
0JByajTWv8TvJJGCB4Zw6r,Pipe Types:Uponor MLCP_Leiding wit 100m:3485885,-
0JByajTWv8TvJJGCB4Zw79,Pipe Types:Uponor MLCP_Leiding wit 100m:3485889,-
0JByajTWv8TvJJGCB4Zw7C,Pipe Types:Uponor MLCP_Leiding wit 100m:3485892,-
0JByajTWv8TvJJGCB4Zw71,Pipe Types:Uponor MLCP_Leiding wit 100m:3485897,-
0JByajTWv8TvJJGCB4Zw7Q,Pipe Types:Uponor MLCP_Leiding wit 100m:3485906,-
0JByajTWv8TvJJGCB4Zw7b,Pipe Types:Uponor MLCP_Leiding wit 100m:3485933,-
0JByajTWv8TvJJGCB4Zw7x,Pipe Types:Uponor MLCP_Leiding wit 100m:3485939,-
0JByajTWv8TvJJGCB4Zw7m,Pipe Types:Uponor MLCP_Leiding wit 100m:3485944,-
0JByajTWv8TvJJGCB4Zw7q,Pipe Types:Uponor MLCP_Leiding wit 100m:3485948,-
0JByajTWv8TvJJGCB4Zw7s,Pipe Types:Uponor MLCP_Leiding wit 100m:3485950,-
0JByajTWv8TvJJGCB4Zw0B,Pipe Types:Uponor MLCP_Leiding wit 100m:3485955,-
0JByajTWv8TvJJGCB4Zw0E,Pipe Types:Uponor MLCP_Leiding wit 100m:3485958,-
0JByajTWv8TvJJGCB4Zw04,Pipe Types:Uponor MLCP_Leiding wit 100m:3485964,-
0JByajTWv8TvJJGCB4Zw06,Pipe Types:Uponor MLCP_Leiding wit 100m:3485966,-
0JByajTWv8TvJJGCB4Zw0O,Pipe Types:Uponor MLCP_Leiding wit 100m:3485968,-
0JByajTWv8TvJJGCB4Zw0S,Pipe Types:Uponor MLCP_Leiding wit 100m:3485972,-
0JByajTWv8TvJJGCB4Zw0U,Pipe Types:Uponor MLCP_Leiding wit 100m:3485974,-
0JByajTWv8TvJJGCB4Zw0I,Pipe Types:Uponor MLCP_Leiding wit 100m:3485978,-
0JByajTWv8TvJJGCB4Zw0K,Pipe Types:Uponor MLCP_Leiding wit 100m:3485980,-
0JByajTWv8TvJJGCB4Zw0M,Pipe Types:Uponor MLCP_Leiding wit 100m:3485982,-
0JByajTWv8TvJJGCB4Zw0a,Pipe Types:Uponor MLCP_Leiding wit 100m:3485996,-
0JByajTWv8TvJJGCB4Zw0c,Pipe Types:Uponor MLCP_Leiding wit 100m:3485998,-
0JByajTWv8TvJJGCB4Zw0u,Pipe Types:Uponor MLCP_Leiding wit 100m:3486000,-
0JByajTWv8TvJJGCB4Zw0w,Pipe Types:Uponor MLCP_Leiding wit 100m:3486002,-
0JByajTWv8TvJJGCB4Zw0m,Pipe Types:Uponor MLCP_Leiding wit 100m:3486008,-
0JByajTWv8TvJJGCB4Zw1A,Pipe Types:Uponor MLCP_Leiding wit 100m:3486018,-
0JByajTWv8TvJJGCB4Zw1R,Pipe Types:Uponor MLCP_Leiding wit 100m:3486035,-
0JByajTWv8TvJJGCB4Zw1M,Pipe Types:Uponor MLCP_Leiding wit 100m:3486046,-
0JByajTWv8TvJJGCB4Zw1f,Pipe Types:Uponor MLCP_Leiding wit 100m:3486049,-
0JByajTWv8TvJJGCB4Zw1j,Pipe Types:Uponor MLCP_Leiding wit 100m:3486053,-
0JByajTWv8TvJJGCB4Zw1l,Pipe Types:Uponor MLCP_Leiding wit 100m:3486055,-
0JByajTWv8TvJJGCB4Zw1Z,Pipe Types:Uponor MLCP_Leiding wit 100m:3486059,-
0JByajTWv8TvJJGCB4Zw1v,Pipe Types:Uponor MLCP_Leiding wit 100m:3486065,-
0JByajTWv8TvJJGCB4Zw1x,Pipe Types:Uponor MLCP_Leiding wit 100m:3486067,-
0JByajTWv8TvJJGCB4Zw1m,Pipe Types:Uponor MLCP_Leiding wit 100m:3486072,-
0JByajTWv8TvJJGCB4Zw1p,Pipe Types:Uponor MLCP_Leiding wit 100m:3486075,-
0JByajTWv8TvJJGCB4Zw29,Pipe Types:Uponor MLCP_Leiding wit 100m:3486081,-
0JByajTWv8TvJJGCB4Zw2D,Pipe Types:Uponor MLCP_Leiding wit 100m:3486085,-
0JByajTWv8TvJJGCB4Zw2F,Pipe Types:Uponor MLCP_Leiding wit 100m:3486087,-
0JByajTWv8TvJJGCB4Zw25,Pipe Types:Uponor MLCP_Leiding wit 100m:3486093,-
0JByajTWv8TvJJGCB4Zw2P,Pipe Types:Uponor MLCP_Leiding wit 100m:3486097,-
0JByajTWv8TvJJGCB4Zw2S,Pipe Types:Uponor MLCP_Leiding wit 100m:3486100,-
0JByajTWv8TvJJGCB4Zw2H,Pipe Types:Uponor MLCP_Leiding wit 100m:3486105,-
0JByajTWv8TvJJGCB4Zw2g,Pipe Types:Uponor MLCP_Leiding wit 100m:3486114,-
0JByajTWv8TvJJGCB4ZwGC,Pipe Types:Uponor MLCP_Leiding wit 100m:3486980,-
0JByajTWv8TvJJGCB4ZwG2,Pipe Types:Uponor MLCP_Leiding wit 100m:3486986,-
0JByajTWv8TvJJGCB4ZwG7,Pipe Types:Uponor MLCP_Leiding wit 100m:3486991,-
0JByajTWv8TvJJGCB4ZwGR,Pipe Types:Uponor MLCP_Leiding wit 100m:3486995,-
0JByajTWv8TvJJGCB4ZwGT,Pipe Types:Uponor MLCP_Leiding wit 100m:3486997,-
0JByajTWv8TvJJGCB4ZwGI,Pipe Types:Uponor MLCP_Leiding wit 100m:3487002,-
0JByajTWv8TvJJGCB4ZwGL,Pipe Types:Uponor MLCP_Leiding wit 100m:3487005,-
0JByajTWv8TvJJGCB4ZwGh,Pipe Types:Uponor MLCP_Leiding wit 100m:3487011,-
0JByajTWv8TvJJGCB4ZwGj,Pipe Types:Uponor MLCP_Leiding wit 100m:3487013,-
0JByajTWv8TvJJGCB4ZwGl,Pipe Types:Uponor MLCP_Leiding wit 100m:3487015,-
0JByajTWv8TvJJGCB4ZwGZ,Pipe Types:Uponor MLCP_Leiding wit 100m:3487019,-
0JByajTWv8TvJJGCB4ZwGb,Pipe Types:Uponor MLCP_Leiding wit 100m:3487021,-
0JByajTWv8TvJJGCB4ZwGv,Pipe Types:Uponor MLCP_Leiding wit 100m:3487025,-
0JByajTWv8TvJJGCB4ZwGx,Pipe Types:Uponor MLCP_Leiding wit 100m:3487027,-
0JByajTWv8TvJJGCB4ZwGz,Pipe Types:Uponor MLCP_Leiding wit 100m:3487029,-
0JByajTWv8TvJJGCB4ZwHB,Pipe Types:Uponor MLCP_Leiding wit 100m:3487043,-
0JByajTWv8TvJJGCB4ZwHD,Pipe Types:Uponor MLCP_Leiding wit 100m:3487045,-
0JByajTWv8TvJJGCB4ZwHF,Pipe Types:Uponor MLCP_Leiding wit 100m:3487047,-
0JByajTWv8TvJJGCB4ZwH1,Pipe Types:Uponor MLCP_Leiding wit 100m:3487049,-
0JByajTWv8TvJJGCB4ZwH7,Pipe Types:Uponor MLCP_Leiding wit 100m:3487055,-
0JByajTWv8TvJJGCB4ZwHH,Pipe Types:Uponor MLCP_Leiding wit 100m:3487065,-
0JByajTWv8TvJJGCB4ZwHY,Pipe Types:Uponor MLCP_Leiding wit 100m:3487082,-
0JByajTWv8TvJJGCB4ZwHz,Pipe Types:Uponor MLCP_Leiding wit 100m:3487093,-
0JByajTWv8TvJJGCB4ZwHm,Pipe Types:Uponor MLCP_Leiding wit 100m:3487096,-
0JByajTWv8TvJJGCB4ZwHq,Pipe Types:Uponor MLCP_Leiding wit 100m:3487100,-
0JByajTWv8TvJJGCB4ZwHs,Pipe Types:Uponor MLCP_Leiding wit 100m:3487102,-
0JByajTWv8TvJJGCB4ZwIA,Pipe Types:Uponor MLCP_Leiding wit 100m:3487106,-
0JByajTWv8TvJJGCB4ZwI0,Pipe Types:Uponor MLCP_Leiding wit 100m:3487112,-
0JByajTWv8TvJJGCB4ZwI2,Pipe Types:Uponor MLCP_Leiding wit 100m:3487114,-
0JByajTWv8TvJJGCB4ZwI7,Pipe Types:Uponor MLCP_Leiding wit 100m:3487119,-
0JByajTWv8TvJJGCB4ZwIQ,Pipe Types:Uponor MLCP_Leiding wit 100m:3487122,-
0JByajTWv8TvJJGCB4ZwIG,Pipe Types:Uponor MLCP_Leiding wit 100m:3487128,-
0JByajTWv8TvJJGCB4ZwIK,Pipe Types:Uponor MLCP_Leiding wit 100m:3487132,-
0JByajTWv8TvJJGCB4ZwIM,Pipe Types:Uponor MLCP_Leiding wit 100m:3487134,-
0JByajTWv8TvJJGCB4ZwIi,Pipe Types:Uponor MLCP_Leiding wit 100m:3487140,-
0JByajTWv8TvJJGCB4ZwIW,Pipe Types:Uponor MLCP_Leiding wit 100m:3487144,-
0JByajTWv8TvJJGCB4ZwIZ,Pipe Types:Uponor MLCP_Leiding wit 100m:3487147,-
0JByajTWv8TvJJGCB4ZwIu,Pipe Types:Uponor MLCP_Leiding wit 100m:3487152,-
0JByajTWv8TvJJGCB4ZwIn,Pipe Types:Uponor MLCP_Leiding wit 100m:3487161,-
0JByajTWv8TvJJGCB4ZwJS,Pipe Types:Uponor MLCP_Leiding wit 100m:3487188,-
0JByajTWv8TvJJGCB4ZwJI,Pipe Types:Uponor MLCP_Leiding wit 100m:3487194,-
0JByajTWv8TvJJGCB4ZwJN,Pipe Types:Uponor MLCP_Leiding wit 100m:3487199,-
0JByajTWv8TvJJGCB4ZwJh,Pipe Types:Uponor MLCP_Leiding wit 100m:3487203,-
0JByajTWv8TvJJGCB4ZwJj,Pipe Types:Uponor MLCP_Leiding wit 100m:3487205,-
0JByajTWv8TvJJGCB4ZwJY,Pipe Types:Uponor MLCP_Leiding wit 100m:3487210,-
0JByajTWv8TvJJGCB4ZwJb,Pipe Types:Uponor MLCP_Leiding wit 100m:3487213,-
0JByajTWv8TvJJGCB4ZwJx,Pipe Types:Uponor MLCP_Leiding wit 100m:3487219,-
0JByajTWv8TvJJGCB4ZwJz,Pipe Types:Uponor MLCP_Leiding wit 100m:3487221,-
0JByajTWv8TvJJGCB4ZwJ$,Pipe Types:Uponor MLCP_Leiding wit 100m:3487223,-
0JByajTWv8TvJJGCB4ZwJp,Pipe Types:Uponor MLCP_Leiding wit 100m:3487227,-
0JByajTWv8TvJJGCB4ZwJr,Pipe Types:Uponor MLCP_Leiding wit 100m:3487229,-
0JByajTWv8TvJJGCB4ZwS9,Pipe Types:Uponor MLCP_Leiding wit 100m:3487233,-
0JByajTWv8TvJJGCB4ZwSB,Pipe Types:Uponor MLCP_Leiding wit 100m:3487235,-
0JByajTWv8TvJJGCB4ZwSD,Pipe Types:Uponor MLCP_Leiding wit 100m:3487237,-
0JByajTWv8TvJJGCB4ZwSR,Pipe Types:Uponor MLCP_Leiding wit 100m:3487251,-
0JByajTWv8TvJJGCB4ZwST,Pipe Types:Uponor MLCP_Leiding wit 100m:3487253,-
0JByajTWv8TvJJGCB4ZwSV,Pipe Types:Uponor MLCP_Leiding wit 100m:3487255,-
0JByajTWv8TvJJGCB4ZwSH,Pipe Types:Uponor MLCP_Leiding wit 100m:3487257,-
0JByajTWv8TvJJGCB4ZwSN,Pipe Types:Uponor MLCP_Leiding wit 100m:3487263,-
0JByajTWv8TvJJGCB4ZwSX,Pipe Types:Uponor MLCP_Leiding wit 100m:3487273,-
0JByajTWv8TvJJGCB4ZwSo,Pipe Types:Uponor MLCP_Leiding wit 100m:3487290,-
0JByajTWv8TvJJGCB4ZwTD,Pipe Types:Uponor MLCP_Leiding wit 100m:3487301,-
0JByajTWv8TvJJGCB4ZwT0,Pipe Types:Uponor MLCP_Leiding wit 100m:3487304,-
0JByajTWv8TvJJGCB4ZwT4,Pipe Types:Uponor MLCP_Leiding wit 100m:3487308,-
0JByajTWv8TvJJGCB4ZwT6,Pipe Types:Uponor MLCP_Leiding wit 100m:3487310,-
0JByajTWv8TvJJGCB4ZwTQ,Pipe Types:Uponor MLCP_Leiding wit 100m:3487314,-
0JByajTWv8TvJJGCB4ZwTG,Pipe Types:Uponor MLCP_Leiding wit 100m:3487320,-
0JByajTWv8TvJJGCB4ZwTI,Pipe Types:Uponor MLCP_Leiding wit 100m:3487322,-
0JByajTWv8TvJJGCB4ZwTN,Pipe Types:Uponor MLCP_Leiding wit 100m:3487327,-
0JByajTWv8TvJJGCB4ZwTg,Pipe Types:Uponor MLCP_Leiding wit 100m:3487330,-
0JByajTWv8TvJJGCB4ZwTW,Pipe Types:Uponor MLCP_Leiding wit 100m:3487336,-
0JByajTWv8TvJJGCB4ZwTa,Pipe Types:Uponor MLCP_Leiding wit 100m:3487340,-
0JByajTWv8TvJJGCB4ZwTc,Pipe Types:Uponor MLCP_Leiding wit 100m:3487342,-
0JByajTWv8TvJJGCB4ZwTy,Pipe Types:Uponor MLCP_Leiding wit 100m:3487348,-
0JByajTWv8TvJJGCB4ZwTm,Pipe Types:Uponor MLCP_Leiding wit 100m:3487352,-
0JByajTWv8TvJJGCB4ZwTp,Pipe Types:Uponor MLCP_Leiding wit 100m:3487355,-
0JByajTWv8TvJJGCB4ZwU8,Pipe Types:Uponor MLCP_Leiding wit 100m:3487360,-
0JByajTWv8TvJJGCB4ZwU1,Pipe Types:Uponor MLCP_Leiding wit 100m:3487369,-
3g_QrARW1EwRsS5TUfV0ps,Pipe Types:Uponor MLCP_Leiding wit 100m:3488310,-
3g_QrARW1EwRsS5TUfV0ot,Pipe Types:Uponor MLCP_Leiding wit 100m:3488375,-
3g_QrARW1EwRsS5TUfV0hm,Pipe Types:Uponor MLCP_Leiding wit 100m:3488816,-
3g_QrARW1EwRsS5TUfV0hz,Pipe Types:Uponor MLCP_Leiding wit 100m:3488829,-
3g_QrARW1EwRsS5TUfV0jW,Pipe Types:Uponor MLCP_Leiding wit 100m:3489184,-
3g_QrARW1EwRsS5TUfV0i0,Pipe Types:Uponor MLCP_Leiding wit 100m:3489216,-
3g_QrARW1EwRsS5TUfV0i8,Pipe Types:Uponor MLCP_Leiding wit 100m:3489224,-
3g_QrARW1EwRsS5TUfV0iQ,Pipe Types:Uponor MLCP_Leiding wit 100m:3489242,-
3g_QrARW1EwRsS5TUfV7KX,Pipe Types:Uponor MLCP_Leiding wit 100m:3490785,-
3g_QrARW1EwRsS5TUfV7Br,Pipe Types:Uponor MLCP_Leiding wit 100m:3490869,-
3g_QrARW1EwRsS5TUfV7Fq,Pipe Types:Uponor MLCP_Leiding wit 100m:3491124,-
3g_QrARW1EwRsS5TUfV7wH,Pipe Types:Uponor MLCP_Leiding wit 100m:3491921,-
3g_QrARW1EwRsS5TUfV7wR,Pipe Types:Uponor MLCP_Leiding wit 100m:3491931,-
3g_QrARW1EwRsS5TUfV7qz,Pipe Types:Uponor MLCP_Leiding wit 100m:3492861,-
3g_QrARW1EwRsS5TUfV7hC,Pipe Types:Uponor MLCP_Leiding wit 100m:3492876,-
3g_QrARW1EwRsS5TUfV7hM,Pipe Types:Uponor MLCP_Leiding wit 100m:3492886,-
3g_QrARW1EwRsS5TUfV7a4,Pipe Types:Uponor MLCP_Leiding wit 100m:3493828,-
3g_QrARW1EwRsS5TUfV7aS,Pipe Types:Uponor MLCP_Leiding wit 100m:3493852,-
3g_QrARW1EwRsS5TUfV7ac,Pipe Types:Uponor MLCP_Leiding wit 100m:3493862,-
3g_QrARW1EwRsS5TUfV6SG,Pipe Types:Uponor MLCP_Leiding wit 100m:3494352,-
3g_QrARW1EwRsS5TUfV6SS,Pipe Types:Uponor MLCP_Leiding wit 100m:3494364,-
3g_QrARW1EwRsS5TUfV6Sq,Pipe Types:Uponor MLCP_Leiding wit 100m:3494388,-
3g_QrARW1EwRsS5TUfV6S_,Pipe Types:Uponor MLCP_Leiding wit 100m:3494398,-
3g_QrARW1EwRsS5TUfV6I4,Pipe Types:Uponor MLCP_Leiding wit 100m:3494468,-
3g_QrARW1EwRsS5TUfV6I6,Pipe Types:Uponor MLCP_Leiding wit 100m:3494470,-
3g_QrARW1EwRsS5TUfV6IB,Pipe Types:Uponor MLCP_Leiding wit 100m:3494475,-
3g_QrARW1EwRsS5TUfV6II,Pipe Types:Uponor MLCP_Leiding wit 100m:3494482,-
3g_QrARW1EwRsS5TUfV6Ah,Pipe Types:Uponor MLCP_Leiding wit 100m:3495019,-
3g_QrARW1EwRsS5TUfV6Ap,Pipe Types:Uponor MLCP_Leiding wit 100m:3495027,-
3g_QrARW1EwRsS5TUfV68u,Pipe Types:Uponor MLCP_Leiding wit 100m:3495160,-
3g_QrARW1EwRsS5TUfV68_,Pipe Types:Uponor MLCP_Leiding wit 100m:3495166,-
3g_QrARW1EwRsS5TUfV6DD,Pipe Types:Uponor MLCP_Leiding wit 100m:3495309,-
3g_QrARW1EwRsS5TUfV6DP,Pipe Types:Uponor MLCP_Leiding wit 100m:3495321,-
3g_QrARW1EwRsS5TUfV6D_,Pipe Types:Uponor MLCP_Leiding wit 100m:3495358,-
3g_QrARW1EwRsS5TUfV6v8,Pipe Types:Uponor MLCP_Leiding wit 100m:3496072,-
3g_QrARW1EwRsS5TUfV6tG,Pipe Types:Uponor MLCP_Leiding wit 100m:3496720,-
3g_QrARW1EwRsS5TUfV6tR,Pipe Types:Uponor MLCP_Leiding wit 100m:3496731,-
3g_QrARW1EwRsS5TUfV6tV,Pipe Types:Uponor MLCP_Leiding wit 100m:3496735,-
3g_QrARW1EwRsS5TUfV6hg,Pipe Types:Uponor MLCP_Leiding wit 100m:3497002,-
3g_QrARW1EwRsS5TUfV6g6,Pipe Types:Uponor MLCP_Leiding wit 100m:3497030,-
3g_QrARW1EwRsS5TUfV6ey,Pipe Types:Uponor MLCP_Leiding wit 100m:3497212,-
3g_QrARW1EwRsS5TUfV6ld,Pipe Types:Uponor MLCP_Leiding wit 100m:3497255,-
3g_QrARW1EwRsS5TUfV6lv,Pipe Types:Uponor MLCP_Leiding wit 100m:3497273,-
3g_QrARW1EwRsS5TUfV6k3,Pipe Types:Uponor MLCP_Leiding wit 100m:3497283,-
3g_QrARW1EwRsS5TUfV6kk,Pipe Types:Uponor MLCP_Leiding wit 100m:3497326,-
3g_QrARW1EwRsS5TUfV6kt,Pipe Types:Uponor MLCP_Leiding wit 100m:3497335,-
3g_QrARW1EwRsS5TUfV6ir,Pipe Types:Uponor MLCP_Leiding wit 100m:3497461,-
3g_QrARW1EwRsS5TUfV6Z1,Pipe Types:Uponor MLCP_Leiding wit 100m:3497473,-
2QIwKCDrzAEQispBNixm2s,Pipe Types:Uponor MLCP_Leiding wit 100m:3501506,-
2QIwKCDrzAEQispBNixm2H,Pipe Types:Uponor MLCP_Leiding wit 100m:3501541,-
365bG0TCL9W9T7bV52Ot_n,Pipe Types:Uponor MLCP_Leiding wit 100m:3502621,-
365bG0TCL9W9T7bV52Ot_F,Pipe Types:Uponor MLCP_Leiding wit 100m:3502627,-
365bG0TCL9W9T7bV52Ot_5,Pipe Types:Uponor MLCP_Leiding wit 100m:3502633,-
365bG0TCL9W9T7bV52Ot_0,Pipe Types:Uponor MLCP_Leiding wit 100m:3502636,-
365bG0TCL9W9T7bV52Ot_P,Pipe Types:Uponor MLCP_Leiding wit 100m:3502645,-
365bG0TCL9W9T7bV52Ot_N,Pipe Types:Uponor MLCP_Leiding wit 100m:3502651,-
365bG0TCL9W9T7bV52Ot_H,Pipe Types:Uponor MLCP_Leiding wit 100m:3502653,-
365bG0TCL9W9T7bV52Ot$j,Pipe Types:Uponor MLCP_Leiding wit 100m:3502657,-
365bG0TCL9W9T7bV52Ot$a,Pipe Types:Uponor MLCP_Leiding wit 100m:3502664,-
365bG0TCL9W9T7bV52Ot$c,Pipe Types:Uponor MLCP_Leiding wit 100m:3502666,-
365bG0TCL9W9T7bV52Ot$y,Pipe Types:Uponor MLCP_Leiding wit 100m:3502672,-
365bG0TCL9W9T7bV52Ot$v,Pipe Types:Uponor MLCP_Leiding wit 100m:3502677,-
365bG0TCL9W9T7bV52Ot$x,Pipe Types:Uponor MLCP_Leiding wit 100m:3502679,-
365bG0TCL9W9T7bV52Ot$o,Pipe Types:Uponor MLCP_Leiding wit 100m:3502686,-
365bG0TCL9W9T7bV52Ot$E,Pipe Types:Uponor MLCP_Leiding wit 100m:3502690,-
365bG0TCL9W9T7bV52Ot$8,Pipe Types:Uponor MLCP_Leiding wit 100m:3502692,-
365bG0TCL9W9T7bV52Ot$5,Pipe Types:Uponor MLCP_Leiding wit 100m:3502697,-
365bG0TCL9W9T7bV52Ot$7,Pipe Types:Uponor MLCP_Leiding wit 100m:3502699,-
365bG0TCL9W9T7bV52Ot$1,Pipe Types:Uponor MLCP_Leiding wit 100m:3502701,-
365bG0TCL9W9T7bV52Ot$U,Pipe Types:Uponor MLCP_Leiding wit 100m:3502706,-
365bG0TCL9W9T7bV52Ot$O,Pipe Types:Uponor MLCP_Leiding wit 100m:3502708,-
365bG0TCL9W9T7bV52Ot$Q,Pipe Types:Uponor MLCP_Leiding wit 100m:3502710,-
365bG0TCL9W9T7bV52Ot$K,Pipe Types:Uponor MLCP_Leiding wit 100m:3502712,-
365bG0TCL9W9T7bV52Ot$M,Pipe Types:Uponor MLCP_Leiding wit 100m:3502714,-
365bG0TCL9W9T7bV52Ot$G,Pipe Types:Uponor MLCP_Leiding wit 100m:3502716,-
365bG0TCL9W9T7bV52Otyj,Pipe Types:Uponor MLCP_Leiding wit 100m:3502721,-
365bG0TCL9W9T7bV52Otyg,Pipe Types:Uponor MLCP_Leiding wit 100m:3502726,-
365bG0TCL9W9T7bV52Otyc,Pipe Types:Uponor MLCP_Leiding wit 100m:3502730,-
365bG0TCL9W9T7bV52OtyW,Pipe Types:Uponor MLCP_Leiding wit 100m:3502732,-
365bG0TCL9W9T7bV52Oty_,Pipe Types:Uponor MLCP_Leiding wit 100m:3502738,-
365bG0TCL9W9T7bV52Otyu,Pipe Types:Uponor MLCP_Leiding wit 100m:3502740,-
365bG0TCL9W9T7bV52Otyo,Pipe Types:Uponor MLCP_Leiding wit 100m:3502750,-
365bG0TCL9W9T7bV52OtyE,Pipe Types:Uponor MLCP_Leiding wit 100m:3502754,-
365bG0TCL9W9T7bV52Oty7,Pipe Types:Uponor MLCP_Leiding wit 100m:3502763,-
365bG0TCL9W9T7bV52OtyN,Pipe Types:Uponor MLCP_Leiding wit 100m:3502779,-
365bG0TCL9W9T7bV52OtyJ,Pipe Types:Uponor MLCP_Leiding wit 100m:3502783,-
365bG0TCL9W9T7bV52Otzk,Pipe Types:Uponor MLCP_Leiding wit 100m:3502786,-
365bG0TCL9W9T7bV52Otzg,Pipe Types:Uponor MLCP_Leiding wit 100m:3502790,-
365bG0TCL9W9T7bV52Otzv,Pipe Types:Uponor MLCP_Leiding wit 100m:3502805,-
365bG0TCL9W9T7bV52Otzt,Pipe Types:Uponor MLCP_Leiding wit 100m:3502811,-
365bG0TCL9W9T7bV52OtzD,Pipe Types:Uponor MLCP_Leiding wit 100m:3502817,-
365bG0TCL9W9T7bV52Otz9,Pipe Types:Uponor MLCP_Leiding wit 100m:3502821,-
365bG0TCL9W9T7bV52Otz5,Pipe Types:Uponor MLCP_Leiding wit 100m:3502825,-
365bG0TCL9W9T7bV52OtzT,Pipe Types:Uponor MLCP_Leiding wit 100m:3502833,-
365bG0TCL9W9T7bV52OtzO,Pipe Types:Uponor MLCP_Leiding wit 100m:3502836,-
365bG0TCL9W9T7bV52OtzH,Pipe Types:Uponor MLCP_Leiding wit 100m:3502845,-
365bG0TCL9W9T7bV52Otwf,Pipe Types:Uponor MLCP_Leiding wit 100m:3502853,-
365bG0TCL9W9T7bV52Otwh,Pipe Types:Uponor MLCP_Leiding wit 100m:3502855,-
365bG0TCL9W9T7bV52OtgA,Pipe Types:Uponor MLCP_Leiding wit 100m:3503910,-
365bG0TCL9W9T7bV52OtOT,Pipe Types:Uponor MLCP_Leiding wit 100m:3505073,-
365bG0TCL9W9T7bV52Oupz,Pipe Types:Uponor MLCP_Leiding wit 100m:3506513,-
365bG0TCL9W9T7bV52OugB,Pipe Types:Uponor MLCP_Leiding wit 100m:3508007,-
365bG0TCL9W9T7bV52Oug1,Pipe Types:Uponor MLCP_Leiding wit 100m:3508013,-
365bG0TCL9W9T7bV52OugV,Pipe Types:Uponor MLCP_Leiding wit 100m:3508019,-
365bG0TCL9W9T7bV52OugQ,Pipe Types:Uponor MLCP_Leiding wit 100m:3508022,-
365bG0TCL9W9T7bV52OugJ,Pipe Types:Uponor MLCP_Leiding wit 100m:3508031,-
365bG0TCL9W9T7bV52Ouhf,Pipe Types:Uponor MLCP_Leiding wit 100m:3508037,-
365bG0TCL9W9T7bV52Ouhh,Pipe Types:Uponor MLCP_Leiding wit 100m:3508039,-
365bG0TCL9W9T7bV52Ouhd,Pipe Types:Uponor MLCP_Leiding wit 100m:3508043,-
365bG0TCL9W9T7bV52Ouh_,Pipe Types:Uponor MLCP_Leiding wit 100m:3508050,-
365bG0TCL9W9T7bV52Ouhu,Pipe Types:Uponor MLCP_Leiding wit 100m:3508052,-
365bG0TCL9W9T7bV52Ouhs,Pipe Types:Uponor MLCP_Leiding wit 100m:3508058,-
365bG0TCL9W9T7bV52Ouhp,Pipe Types:Uponor MLCP_Leiding wit 100m:3508063,-
365bG0TCL9W9T7bV52OuhD,Pipe Types:Uponor MLCP_Leiding wit 100m:3508065,-
365bG0TCL9W9T7bV52Ouh4,Pipe Types:Uponor MLCP_Leiding wit 100m:3508072,-
365bG0TCL9W9T7bV52Ouh0,Pipe Types:Uponor MLCP_Leiding wit 100m:3508076,-
365bG0TCL9W9T7bV52Ouh2,Pipe Types:Uponor MLCP_Leiding wit 100m:3508078,-
365bG0TCL9W9T7bV52OuhV,Pipe Types:Uponor MLCP_Leiding wit 100m:3508083,-
365bG0TCL9W9T7bV52OuhP,Pipe Types:Uponor MLCP_Leiding wit 100m:3508085,-
365bG0TCL9W9T7bV52OuhR,Pipe Types:Uponor MLCP_Leiding wit 100m:3508087,-
365bG0TCL9W9T7bV52OuhG,Pipe Types:Uponor MLCP_Leiding wit 100m:3508092,-
365bG0TCL9W9T7bV52OuhI,Pipe Types:Uponor MLCP_Leiding wit 100m:3508094,-
365bG0TCL9W9T7bV52Ouei,Pipe Types:Uponor MLCP_Leiding wit 100m:3508096,-
365bG0TCL9W9T7bV52Ouek,Pipe Types:Uponor MLCP_Leiding wit 100m:3508098,-
365bG0TCL9W9T7bV52Ouee,Pipe Types:Uponor MLCP_Leiding wit 100m:3508100,-
365bG0TCL9W9T7bV52Oueg,Pipe Types:Uponor MLCP_Leiding wit 100m:3508102,-
365bG0TCL9W9T7bV52Oued,Pipe Types:Uponor MLCP_Leiding wit 100m:3508107,-
365bG0TCL9W9T7bV52Ouey,Pipe Types:Uponor MLCP_Leiding wit 100m:3508112,-
365bG0TCL9W9T7bV52Oueu,Pipe Types:Uponor MLCP_Leiding wit 100m:3508116,-
365bG0TCL9W9T7bV52Ouew,Pipe Types:Uponor MLCP_Leiding wit 100m:3508118,-
365bG0TCL9W9T7bV52Ouem,Pipe Types:Uponor MLCP_Leiding wit 100m:3508124,-
365bG0TCL9W9T7bV52Oueo,Pipe Types:Uponor MLCP_Leiding wit 100m:3508126,-
365bG0TCL9W9T7bV52Oue4,Pipe Types:Uponor MLCP_Leiding wit 100m:3508136,-
365bG0TCL9W9T7bV52Oue0,Pipe Types:Uponor MLCP_Leiding wit 100m:3508140,-
365bG0TCL9W9T7bV52OueP,Pipe Types:Uponor MLCP_Leiding wit 100m:3508149,-
365bG0TCL9W9T7bV52Ouff,Pipe Types:Uponor MLCP_Leiding wit 100m:3508165,-
365bG0TCL9W9T7bV52Oufb,Pipe Types:Uponor MLCP_Leiding wit 100m:3508169,-
365bG0TCL9W9T7bV52OufW,Pipe Types:Uponor MLCP_Leiding wit 100m:3508172,-
365bG0TCL9W9T7bV52Oufy,Pipe Types:Uponor MLCP_Leiding wit 100m:3508176,-
365bG0TCL9W9T7bV52Oufq,Pipe Types:Uponor MLCP_Leiding wit 100m:3508184,-
365bG0TCL9W9T7bV52Oufp,Pipe Types:Uponor MLCP_Leiding wit 100m:3508191,-
365bG0TCL9W9T7bV52Ouf9,Pipe Types:Uponor MLCP_Leiding wit 100m:3508197,-
365bG0TCL9W9T7bV52Ouf7,Pipe Types:Uponor MLCP_Leiding wit 100m:3508203,-
365bG0TCL9W9T7bV52Ouf3,Pipe Types:Uponor MLCP_Leiding wit 100m:3508207,-
365bG0TCL9W9T7bV52OufV,Pipe Types:Uponor MLCP_Leiding wit 100m:3508211,-
365bG0TCL9W9T7bV52OufN,Pipe Types:Uponor MLCP_Leiding wit 100m:3508219,-
365bG0TCL9W9T7bV52OufI,Pipe Types:Uponor MLCP_Leiding wit 100m:3508222,-
365bG0TCL9W9T7bV52OuMf,Pipe Types:Uponor MLCP_Leiding wit 100m:3508229,-
365bG0TCL9W9T7bV52OuMh,Pipe Types:Uponor MLCP_Leiding wit 100m:3508231,-
365bG0TCL9W9T7bV52OuMY,Pipe Types:Uponor MLCP_Leiding wit 100m:3508238,-
365bG0TCL9W9T7bV52OuMy,Pipe Types:Uponor MLCP_Leiding wit 100m:3508240,-
365bG0TCL9W9T7bV52OuM2,Pipe Types:Uponor MLCP_Leiding wit 100m:3508270,-
365bG0TCL9W9T7bV52OuMO,Pipe Types:Uponor MLCP_Leiding wit 100m:3508276,-
365bG0TCL9W9T7bV52OuMM,Pipe Types:Uponor MLCP_Leiding wit 100m:3508282,-
365bG0TCL9W9T7bV52OuMH,Pipe Types:Uponor MLCP_Leiding wit 100m:3508285,-
365bG0TCL9W9T7bV52OuNg,Pipe Types:Uponor MLCP_Leiding wit 100m:3508294,-
365bG0TCL9W9T7bV52OuNW,Pipe Types:Uponor MLCP_Leiding wit 100m:3508300,-
365bG0TCL9W9T7bV52OuNY,Pipe Types:Uponor MLCP_Leiding wit 100m:3508302,-
365bG0TCL9W9T7bV52OuN_,Pipe Types:Uponor MLCP_Leiding wit 100m:3508306,-
365bG0TCL9W9T7bV52OuNr,Pipe Types:Uponor MLCP_Leiding wit 100m:3508313,-
365bG0TCL9W9T7bV52OuNt,Pipe Types:Uponor MLCP_Leiding wit 100m:3508315,-
365bG0TCL9W9T7bV52OuND,Pipe Types:Uponor MLCP_Leiding wit 100m:3508321,-
365bG0TCL9W9T7bV52OuNA,Pipe Types:Uponor MLCP_Leiding wit 100m:3508326,-
365bG0TCL9W9T7bV52OuN4,Pipe Types:Uponor MLCP_Leiding wit 100m:3508328,-
365bG0TCL9W9T7bV52OuN3,Pipe Types:Uponor MLCP_Leiding wit 100m:3508335,-
365bG0TCL9W9T7bV52OuNV,Pipe Types:Uponor MLCP_Leiding wit 100m:3508339,-
365bG0TCL9W9T7bV52OuNP,Pipe Types:Uponor MLCP_Leiding wit 100m:3508341,-
365bG0TCL9W9T7bV52OuNM,Pipe Types:Uponor MLCP_Leiding wit 100m:3508346,-
365bG0TCL9W9T7bV52OuNG,Pipe Types:Uponor MLCP_Leiding wit 100m:3508348,-
365bG0TCL9W9T7bV52OuNI,Pipe Types:Uponor MLCP_Leiding wit 100m:3508350,-
365bG0TCL9W9T7bV52OuKl,Pipe Types:Uponor MLCP_Leiding wit 100m:3508355,-
365bG0TCL9W9T7bV52OuKf,Pipe Types:Uponor MLCP_Leiding wit 100m:3508357,-
365bG0TCL9W9T7bV52OuKh,Pipe Types:Uponor MLCP_Leiding wit 100m:3508359,-
365bG0TCL9W9T7bV52OuKb,Pipe Types:Uponor MLCP_Leiding wit 100m:3508361,-
365bG0TCL9W9T7bV52OuKd,Pipe Types:Uponor MLCP_Leiding wit 100m:3508363,-
365bG0TCL9W9T7bV52OuKX,Pipe Types:Uponor MLCP_Leiding wit 100m:3508365,-
365bG0TCL9W9T7bV52OuK_,Pipe Types:Uponor MLCP_Leiding wit 100m:3508370,-
365bG0TCL9W9T7bV52OuKx,Pipe Types:Uponor MLCP_Leiding wit 100m:3508375,-
365bG0TCL9W9T7bV52OuKt,Pipe Types:Uponor MLCP_Leiding wit 100m:3508379,-
365bG0TCL9W9T7bV52OuKn,Pipe Types:Uponor MLCP_Leiding wit 100m:3508381,-
365bG0TCL9W9T7bV52OuKF,Pipe Types:Uponor MLCP_Leiding wit 100m:3508387,-
365bG0TCL9W9T7bV52OuK9,Pipe Types:Uponor MLCP_Leiding wit 100m:3508389,-
365bG0TCL9W9T7bV52OuK3,Pipe Types:Uponor MLCP_Leiding wit 100m:3508399,-
365bG0TCL9W9T7bV52OuKV,Pipe Types:Uponor MLCP_Leiding wit 100m:3508403,-
365bG0TCL9W9T7bV52OuKG,Pipe Types:Uponor MLCP_Leiding wit 100m:3508412,-
365bG0TCL9W9T7bV52OuLW,Pipe Types:Uponor MLCP_Leiding wit 100m:3508428,-
365bG0TCL9W9T7bV52OuLy,Pipe Types:Uponor MLCP_Leiding wit 100m:3508432,-
365bG0TCL9W9T7bV52OuL$,Pipe Types:Uponor MLCP_Leiding wit 100m:3508435,-
365bG0TCL9W9T7bV52OuLx,Pipe Types:Uponor MLCP_Leiding wit 100m:3508439,-
365bG0TCL9W9T7bV52OuLp,Pipe Types:Uponor MLCP_Leiding wit 100m:3508447,-
365bG0TCL9W9T7bV52OuLA,Pipe Types:Uponor MLCP_Leiding wit 100m:3508454,-
365bG0TCL9W9T7bV52OuL0,Pipe Types:Uponor MLCP_Leiding wit 100m:3508460,-
365bG0TCL9W9T7bV52OuLU,Pipe Types:Uponor MLCP_Leiding wit 100m:3508466,-
365bG0TCL9W9T7bV52OuLQ,Pipe Types:Uponor MLCP_Leiding wit 100m:3508470,-
365bG0TCL9W9T7bV52OuLM,Pipe Types:Uponor MLCP_Leiding wit 100m:3508474,-
365bG0TCL9W9T7bV52OuIk,Pipe Types:Uponor MLCP_Leiding wit 100m:3508482,-
365bG0TCL9W9T7bV52OuIf,Pipe Types:Uponor MLCP_Leiding wit 100m:3508485,-
365bG0TCL9W9T7bV52OuIW,Pipe Types:Uponor MLCP_Leiding wit 100m:3508492,-
365bG0TCL9W9T7bV52OuIY,Pipe Types:Uponor MLCP_Leiding wit 100m:3508494,-
365bG0TCL9W9T7bV52OuIv,Pipe Types:Uponor MLCP_Leiding wit 100m:3508501,-
365bG0TCL9W9T7bV52OuIx,Pipe Types:Uponor MLCP_Leiding wit 100m:3508503,-
2ZYf_pOc51jx4lNS$01GW4,Pipe Types:Uponor MLCP_Leiding wit 100m:3509613,-
2ZYf_pOc51jx4lNS$01GW6,Pipe Types:Uponor MLCP_Leiding wit 100m:3509615,-
2ZYf_pOc51jx4lNS$01GWQ,Pipe Types:Uponor MLCP_Leiding wit 100m:3509619,-
2ZYf_pOc51jx4lNS$01GWV,Pipe Types:Uponor MLCP_Leiding wit 100m:3509622,-
2ZYf_pOc51jx4lNS$01GWG,Pipe Types:Uponor MLCP_Leiding wit 100m:3509625,-
2ZYf_pOc51jx4lNS$01GWK,Pipe Types:Uponor MLCP_Leiding wit 100m:3509629,-
2ZYf_pOc51jx4lNS$01GWM,Pipe Types:Uponor MLCP_Leiding wit 100m:3509631,-
2ZYf_pOc51jx4lNS$01GZe,Pipe Types:Uponor MLCP_Leiding wit 100m:3509633,-
2ZYf_pOc51jx4lNS$01GZl,Pipe Types:Uponor MLCP_Leiding wit 100m:3509638,-
2ZYf_pOc51jx4lNS$01GZX,Pipe Types:Uponor MLCP_Leiding wit 100m:3509640,-
2ZYf_pOc51jx4lNS$01GZd,Pipe Types:Uponor MLCP_Leiding wit 100m:3509646,-
2ZYf_pOc51jx4lNS$01GZw,Pipe Types:Uponor MLCP_Leiding wit 100m:3509651,-
2ZYf_pOc51jx4lNS$01GZy,Pipe Types:Uponor MLCP_Leiding wit 100m:3509653,-
2ZYf_pOc51jx4lNS$01GZr,Pipe Types:Uponor MLCP_Leiding wit 100m:3509660,-
2ZYf_pOc51jx4lNS$01GZt,Pipe Types:Uponor MLCP_Leiding wit 100m:3509662,-
2ZYf_pOc51jx4lNS$01GZ9,Pipe Types:Uponor MLCP_Leiding wit 100m:3509664,-
2ZYf_pOc51jx4lNS$01GZC,Pipe Types:Uponor MLCP_Leiding wit 100m:3509669,-
2ZYf_pOc51jx4lNS$01GZE,Pipe Types:Uponor MLCP_Leiding wit 100m:3509671,-
2ZYf_pOc51jx4lNS$01GZ0,Pipe Types:Uponor MLCP_Leiding wit 100m:3509673,-
2ZYf_pOc51jx4lNS$01GZ7,Pipe Types:Uponor MLCP_Leiding wit 100m:3509678,-
2ZYf_pOc51jx4lNS$01GZP,Pipe Types:Uponor MLCP_Leiding wit 100m:3509680,-
2ZYf_pOc51jx4lNS$01GZR,Pipe Types:Uponor MLCP_Leiding wit 100m:3509682,-
2ZYf_pOc51jx4lNS$01GZT,Pipe Types:Uponor MLCP_Leiding wit 100m:3509684,-
2ZYf_pOc51jx4lNS$01GZV,Pipe Types:Uponor MLCP_Leiding wit 100m:3509686,-
2ZYf_pOc51jx4lNS$01GZH,Pipe Types:Uponor MLCP_Leiding wit 100m:3509688,-
2ZYf_pOc51jx4lNS$01GZK,Pipe Types:Uponor MLCP_Leiding wit 100m:3509693,-
2ZYf_pOc51jx4lNS$01GYh,Pipe Types:Uponor MLCP_Leiding wit 100m:3509698,-
2ZYf_pOc51jx4lNS$01GYl,Pipe Types:Uponor MLCP_Leiding wit 100m:3509702,-
2ZYf_pOc51jx4lNS$01GYX,Pipe Types:Uponor MLCP_Leiding wit 100m:3509704,-
2ZYf_pOc51jx4lNS$01GYb,Pipe Types:Uponor MLCP_Leiding wit 100m:3509708,-
2ZYf_pOc51jx4lNS$01GYd,Pipe Types:Uponor MLCP_Leiding wit 100m:3509710,-
2ZYf_pOc51jx4lNS$01GYn,Pipe Types:Uponor MLCP_Leiding wit 100m:3509720,-
2ZYf_pOc51jx4lNS$01GYr,Pipe Types:Uponor MLCP_Leiding wit 100m:3509724,-
2ZYf_pOc51jx4lNS$01GYC,Pipe Types:Uponor MLCP_Leiding wit 100m:3509733,-
2ZYf_pOc51jx4lNS$01GY3,Pipe Types:Uponor MLCP_Leiding wit 100m:3509738,-
2ZYf_pOc51jx4lNS$01GY5,Pipe Types:Uponor MLCP_Leiding wit 100m:3509740,-
2ZYf_pOc51jx4lNS$01GY6,Pipe Types:Uponor MLCP_Leiding wit 100m:3509743,-
2ZYf_pOc51jx4lNS$01GYQ,Pipe Types:Uponor MLCP_Leiding wit 100m:3509747,-
2ZYf_pOc51jx4lNS$01GYJ,Pipe Types:Uponor MLCP_Leiding wit 100m:3509754,-
2ZYf_pOc51jx4lNS$01GYL,Pipe Types:Uponor MLCP_Leiding wit 100m:3509756,-
2ZYf_pOc51jx4lNS$01Gjh,Pipe Types:Uponor MLCP_Leiding wit 100m:3509762,-
2ZYf_pOc51jx4lNS$01Gjj,Pipe Types:Uponor MLCP_Leiding wit 100m:3509764,-
2ZYf_pOc51jx4lNS$01Gjl,Pipe Types:Uponor MLCP_Leiding wit 100m:3509766,-
2ZYf_pOc51jx4lNS$01Gjd,Pipe Types:Uponor MLCP_Leiding wit 100m:3509774,-
2ZYf_pOc51jx4lNS$01Gju,Pipe Types:Uponor MLCP_Leiding wit 100m:3509777,-
2ZYf_pOc51jx4lNS$01Gj$,Pipe Types:Uponor MLCP_Leiding wit 100m:3509782,-
2ZYf_pOc51jx4lNS$01Gjo,Pipe Types:Uponor MLCP_Leiding wit 100m:3509787,-
2ZYf_pOc51jx4lNS$01Gjq,Pipe Types:Uponor MLCP_Leiding wit 100m:3509789,-
2ZYf_pOc51jx4lNS$01GjS,Pipe Types:Uponor MLCP_Leiding wit 100m:3509813,-
2ZYf_pOc51jx4lNS$01GjL,Pipe Types:Uponor MLCP_Leiding wit 100m:3509820,-
2ZYf_pOc51jx4lNS$01Giw,Pipe Types:Uponor MLCP_Leiding wit 100m:3509843,-
2ZYf_pOc51jx4lNS$01GiP,Pipe Types:Uponor MLCP_Leiding wit 100m:3509872,-
2ZYf_pOc51jx4lNS$01GiR,Pipe Types:Uponor MLCP_Leiding wit 100m:3509874,-
2ZYf_pOc51jx4lNS$01GiV,Pipe Types:Uponor MLCP_Leiding wit 100m:3509878,-
2ZYf_pOc51jx4lNS$01GiG,Pipe Types:Uponor MLCP_Leiding wit 100m:3509881,-
2ZYf_pOc51jx4lNS$01GiL,Pipe Types:Uponor MLCP_Leiding wit 100m:3509884,-
2ZYf_pOc51jx4lNS$01Glf,Pipe Types:Uponor MLCP_Leiding wit 100m:3509888,-
2ZYf_pOc51jx4lNS$01Glh,Pipe Types:Uponor MLCP_Leiding wit 100m:3509890,-
2ZYf_pOc51jx4lNS$01Glj,Pipe Types:Uponor MLCP_Leiding wit 100m:3509892,-
2ZYf_pOc51jx4lNS$01GlW,Pipe Types:Uponor MLCP_Leiding wit 100m:3509897,-
2ZYf_pOc51jx4lNS$01GlY,Pipe Types:Uponor MLCP_Leiding wit 100m:3509899,-
2ZYf_pOc51jx4lNS$01Glu,Pipe Types:Uponor MLCP_Leiding wit 100m:3509905,-
2ZYf_pOc51jx4lNS$01Gl$,Pipe Types:Uponor MLCP_Leiding wit 100m:3509910,-
2ZYf_pOc51jx4lNS$01Gln,Pipe Types:Uponor MLCP_Leiding wit 100m:3509912,-
2ZYf_pOc51jx4lNS$01Gls,Pipe Types:Uponor MLCP_Leiding wit 100m:3509919,-
2ZYf_pOc51jx4lNS$01Gl8,Pipe Types:Uponor MLCP_Leiding wit 100m:3509921,-
2ZYf_pOc51jx4lNS$01GlA,Pipe Types:Uponor MLCP_Leiding wit 100m:3509923,-
2ZYf_pOc51jx4lNS$01Gl1,Pipe Types:Uponor MLCP_Leiding wit 100m:3509928,-
2ZYf_pOc51jx4lNS$01Gl3,Pipe Types:Uponor MLCP_Leiding wit 100m:3509930,-
2ZYf_pOc51jx4lNS$01Gl5,Pipe Types:Uponor MLCP_Leiding wit 100m:3509932,-
2ZYf_pOc51jx4lNS$01GlO,Pipe Types:Uponor MLCP_Leiding wit 100m:3509937,-
2ZYf_pOc51jx4lNS$01GlQ,Pipe Types:Uponor MLCP_Leiding wit 100m:3509939,-
2ZYf_pOc51jx4lNS$01GlS,Pipe Types:Uponor MLCP_Leiding wit 100m:3509941,-
2ZYf_pOc51jx4lNS$01GlU,Pipe Types:Uponor MLCP_Leiding wit 100m:3509943,-
2ZYf_pOc51jx4lNS$01GlG,Pipe Types:Uponor MLCP_Leiding wit 100m:3509945,-
2ZYf_pOc51jx4lNS$01GlI,Pipe Types:Uponor MLCP_Leiding wit 100m:3509947,-
2ZYf_pOc51jx4lNS$01Gkf,Pipe Types:Uponor MLCP_Leiding wit 100m:3509952,-
2ZYf_pOc51jx4lNS$01Gki,Pipe Types:Uponor MLCP_Leiding wit 100m:3509957,-
2ZYf_pOc51jx4lNS$01GkW,Pipe Types:Uponor MLCP_Leiding wit 100m:3509961,-
2ZYf_pOc51jx4lNS$01GkY,Pipe Types:Uponor MLCP_Leiding wit 100m:3509963,-
2ZYf_pOc51jx4lNS$01Gkc,Pipe Types:Uponor MLCP_Leiding wit 100m:3509967,-
2ZYf_pOc51jx4lNS$01Gku,Pipe Types:Uponor MLCP_Leiding wit 100m:3509969,-
2ZYf_pOc51jx4lNS$01Gko,Pipe Types:Uponor MLCP_Leiding wit 100m:3509979,-
2ZYf_pOc51jx4lNS$01Gks,Pipe Types:Uponor MLCP_Leiding wit 100m:3509983,-
2ZYf_pOc51jx4lNS$01Gk1,Pipe Types:Uponor MLCP_Leiding wit 100m:3509992,-
2ZYf_pOc51jx4lNS$01Gk4,Pipe Types:Uponor MLCP_Leiding wit 100m:3509997,-
2ZYf_pOc51jx4lNS$01Gk6,Pipe Types:Uponor MLCP_Leiding wit 100m:3509999,-
2ZYf_pOc51jx4lNS$01GkR,Pipe Types:Uponor MLCP_Leiding wit 100m:3510002,-
2ZYf_pOc51jx4lNS$01GkV,Pipe Types:Uponor MLCP_Leiding wit 100m:3510006,-
2ZYf_pOc51jx4lNS$01GkK,Pipe Types:Uponor MLCP_Leiding wit 100m:3510013,-
2ZYf_pOc51jx4lNS$01GkM,Pipe Types:Uponor MLCP_Leiding wit 100m:3510015,-
2ZYf_pOc51jx4lNS$01Gfi,Pipe Types:Uponor MLCP_Leiding wit 100m:3510021,-
2ZYf_pOc51jx4lNS$01Gfk,Pipe Types:Uponor MLCP_Leiding wit 100m:3510023,-
2ZYf_pOc51jx4lNS$01GfW,Pipe Types:Uponor MLCP_Leiding wit 100m:3510025,-
2ZYf_pOc51jx4lNS$01Gfu,Pipe Types:Uponor MLCP_Leiding wit 100m:3510033,-
2ZYf_pOc51jx4lNS$01Gfz,Pipe Types:Uponor MLCP_Leiding wit 100m:3510036,-
2ZYf_pOc51jx4lNS$01Gfm,Pipe Types:Uponor MLCP_Leiding wit 100m:3510041,-
2ZYf_pOc51jx4lNS$01Gft,Pipe Types:Uponor MLCP_Leiding wit 100m:3510046,-
2ZYf_pOc51jx4lNS$01Gf9,Pipe Types:Uponor MLCP_Leiding wit 100m:3510048,-
2ZYf_pOc51jx4lNS$01GfH,Pipe Types:Uponor MLCP_Leiding wit 100m:3510072,-
2ZYf_pOc51jx4lNS$01GfM,Pipe Types:Uponor MLCP_Leiding wit 100m:3510079,-
2ZYf_pOc51jx4lNS$01Ge$,Pipe Types:Uponor MLCP_Leiding wit 100m:3510102,-
2ZYf_pOc51jx4lNS$01Ggc,Pipe Types:Uponor MLCP_Leiding wit 100m:3510223,-
2ZYf_pOc51jx4lNS$01Ggm,Pipe Types:Uponor MLCP_Leiding wit 100m:3510233,-
2ZYf_pOc51jx4lNS$01HLY,Pipe Types:Uponor MLCP_Leiding wit 100m:3510283,-
2ZYf_pOc51jx4lNS$01HLu,Pipe Types:Uponor MLCP_Leiding wit 100m:3510289,-
2ZYf_pOc51jx4lNS$01HT6,Pipe Types:Uponor MLCP_Leiding wit 100m:3510831,-
2ZYf_pOc51jx4lNS$01HTO,Pipe Types:Uponor MLCP_Leiding wit 100m:3510833,-
2ZYf_pOc51jx4lNS$01HTU,Pipe Types:Uponor MLCP_Leiding wit 100m:3510839,-
2ZYf_pOc51jx4lNS$01HTG,Pipe Types:Uponor MLCP_Leiding wit 100m:3510841,-
2ZYf_pOc51jx4lNS$01HSz,Pipe Types:Uponor MLCP_Leiding wit 100m:3510868,-
2ZYf_pOc51jx4lNS$01HS$,Pipe Types:Uponor MLCP_Leiding wit 100m:3510870,-
2ZYf_pOc51jx4lNS$01HSr,Pipe Types:Uponor MLCP_Leiding wit 100m:3510876,-
2ZYf_pOc51jx4lNS$01HSt,Pipe Types:Uponor MLCP_Leiding wit 100m:3510878,-
2ZYf_pOc51jx4lNS$01HQ$,Pipe Types:Uponor MLCP_Leiding wit 100m:3511254,-
2ZYf_pOc51jx4lNS$01HQr,Pipe Types:Uponor MLCP_Leiding wit 100m:3511260,-
2ZYf_pOc51jx4lNS$01H5b,Pipe Types:Uponor MLCP_Leiding wit 100m:3511308,-
2ZYf_pOc51jx4lNS$01HCx,Pipe Types:Uponor MLCP_Leiding wit 100m:3511890,-
2ZYf_pOc51jx4lNS$01HCz,Pipe Types:Uponor MLCP_Leiding wit 100m:3511892,-
2ZYf_pOc51jx4lNS$01HCp,Pipe Types:Uponor MLCP_Leiding wit 100m:3511898,-
2ZYf_pOc51jx4lNS$01HCQ,Pipe Types:Uponor MLCP_Leiding wit 100m:3511923,-
2ZYf_pOc51jx4lNS$01HCS,Pipe Types:Uponor MLCP_Leiding wit 100m:3511925,-
2ZYf_pOc51jx4lNS$01HCI,Pipe Types:Uponor MLCP_Leiding wit 100m:3511931,-
3Sylz2z7L4pugzWkgc$Mv5,Pipe Types:Uponor MLCP_Leiding wit 100m:3512459,-
3Sylz2z7L4pugzWkgc$MvP,Pipe Types:Uponor MLCP_Leiding wit 100m:3512471,-
3Sylz2z7L4pugzWkgc$MuO,Pipe Types:Uponor MLCP_Leiding wit 100m:3512534,-
3Sylz2z7L4pugzWkgc$Mug,Pipe Types:Uponor MLCP_Leiding wit 100m:3512548,-
3Sylz2z7L4pugzWkgc$Mq0,Pipe Types:Uponor MLCP_Leiding wit 100m:3513294,-
3Sylz2z7L4pugzWkgc$MqO,Pipe Types:Uponor MLCP_Leiding wit 100m:3513302,-
3Sylz2z7L4pugzWkgc$Mq$,Pipe Types:Uponor MLCP_Leiding wit 100m:3513329,-
3Sylz2z7L4pugzWkgc$MhF,Pipe Types:Uponor MLCP_Leiding wit 100m:3513345,-
3Sylz2z7L4pugzWkgc$Mh5,Pipe Types:Uponor MLCP_Leiding wit 100m:3513355,-
3Sylz2z7L4pugzWkgc$Mhi,Pipe Types:Uponor MLCP_Leiding wit 100m:3513378,-
3Sylz2z7L4pugzWkgc$Mhq,Pipe Types:Uponor MLCP_Leiding wit 100m:3513402,-
3Sylz2z7L4pugzWkgc$Mho,Pipe Types:Uponor MLCP_Leiding wit 100m:3513404,-
3Sylz2z7L4pugzWkgc$MgC,Pipe Types:Uponor MLCP_Leiding wit 100m:3513410,-
3Sylz2z7L4pugzWkgc$Mgy,Pipe Types:Uponor MLCP_Leiding wit 100m:3513458,-
3Sylz2z7L4pugzWkgc$Mf7,Pipe Types:Uponor MLCP_Leiding wit 100m:3513481,-
3Sylz2z7L4pugzWkgc$MfU,Pipe Types:Uponor MLCP_Leiding wit 100m:3513488,-
3Sylz2z7L4pugzWkgc$MeV,Pipe Types:Uponor MLCP_Leiding wit 100m:3513553,-
3Sylz2z7L4pugzWkgc$MeN,Pipe Types:Uponor MLCP_Leiding wit 100m:3513561,-
3Sylz2z7L4pugzWkgc$MXX,Pipe Types:Uponor MLCP_Leiding wit 100m:3514031,-
3Sylz2z7L4pugzWkgc$MXt,Pipe Types:Uponor MLCP_Leiding wit 100m:3514041,-
3Sylz2z7L4pugzWkgc$MW3,Pipe Types:Uponor MLCP_Leiding wit 100m:3514061,-
3Sylz2z7L4pugzWkgc$LRU,Pipe Types:Uponor MLCP_Leiding wit 100m:3514384,-
3Sylz2z7L4pugzWkgc$LPP,Pipe Types:Uponor MLCP_Leiding wit 100m:3514519,-
3Sylz2z7L4pugzWkgc$LPl,Pipe Types:Uponor MLCP_Leiding wit 100m:3514529,-
3Sylz2z7L4pugzWkgc$LOk,Pipe Types:Uponor MLCP_Leiding wit 100m:3514592,-
3Sylz2z7L4pugzWkgc$LOc,Pipe Types:Uponor MLCP_Leiding wit 100m:3514600,-
3Sylz2z7L4pugzWkgc$LOn,Pipe Types:Uponor MLCP_Leiding wit 100m:3514623,-
3Sylz2z7L4pugzWkgc$LTw,Pipe Types:Uponor MLCP_Leiding wit 100m:3514804,-
3Sylz2z7L4pugzWkgc$LSv,Pipe Types:Uponor MLCP_Leiding wit 100m:3514871,-
3Sylz2z7L4pugzWkgc$LJF,Pipe Types:Uponor MLCP_Leiding wit 100m:3514881,-
3KXBG6FMb799yvnryVGa3N,Pipe Types:Uponor MLCP_Leiding wit 100m:3515177,-
3KXBG6FMb799yvnryVGa39,Pipe Types:Uponor MLCP_Leiding wit 100m:3515191,-
3KXBG6FMb799yvnryVGaSQ,Pipe Types:Uponor MLCP_Leiding wit 100m:3515620,-
3KXBG6FMb799yvnryVGajN,Pipe Types:Uponor MLCP_Leiding wit 100m:3516585,-
3KXBG6FMb799yvnryVGajF,Pipe Types:Uponor MLCP_Leiding wit 100m:3516593,-
3KXBG6FMb799yvnryVGahI,Pipe Types:Uponor MLCP_Leiding wit 100m:3516716,-
3KXBG6FMb799yvnryVGahC,Pipe Types:Uponor MLCP_Leiding wit 100m:3516722,-
3KXBG6FMb799yvnryVGagC,Pipe Types:Uponor MLCP_Leiding wit 100m:3516786,-
3KXBG6FMb799yvnryVGayX,Pipe Types:Uponor MLCP_Leiding wit 100m:3517663,-
3KXBG6FMb799yvnryVGaxa,Pipe Types:Uponor MLCP_Leiding wit 100m:3517722,-
3KXBG6FMb799yvnryVGaxO,Pipe Types:Uponor MLCP_Leiding wit 100m:3517734,-
3KXBG6FMb799yvnryVGawL,Pipe Types:Uponor MLCP_Leiding wit 100m:3517803,-
3KXBG6FMb799yvnryVGawJ,Pipe Types:Uponor MLCP_Leiding wit 100m:3517805,-
3KXBG6FMb799yvnryVGawC,Pipe Types:Uponor MLCP_Leiding wit 100m:3517810,-
3KXBG6FMb799yvnryVGaw9,Pipe Types:Uponor MLCP_Leiding wit 100m:3517815,-
3KXBG6FMb799yvnryVGbFd,Pipe Types:Uponor MLCP_Leiding wit 100m:3518489,-
3KXBG6FMb799yvnryVGbDv,Pipe Types:Uponor MLCP_Leiding wit 100m:3518599,-
3KXBG6FMb799yvnryVGbDS,Pipe Types:Uponor MLCP_Leiding wit 100m:3518626,-
3KXBG6FMb799yvnryVGbQi,Pipe Types:Uponor MLCP_Leiding wit 100m:3519826,-
3KXBG6FMb799yvnryVGbQg,Pipe Types:Uponor MLCP_Leiding wit 100m:3519828,-
3KXBG6FMb799yvnryVGbQa,Pipe Types:Uponor MLCP_Leiding wit 100m:3519834,-
3KXBG6FMb799yvnryVGbQY,Pipe Types:Uponor MLCP_Leiding wit 100m:3519836,-
3KXBG6FMb799yvnryVGbQR,Pipe Types:Uponor MLCP_Leiding wit 100m:3519845,-
3KXBG6FMb799yvnryVGbQP,Pipe Types:Uponor MLCP_Leiding wit 100m:3519847,-
3KXBG6FMb799yvnryVGbQK,Pipe Types:Uponor MLCP_Leiding wit 100m:3519850,-
3KXBG6FMb799yvnryVGbQH,Pipe Types:Uponor MLCP_Leiding wit 100m:3519855,-
3KXBG6FMb799yvnryVGbQF,Pipe Types:Uponor MLCP_Leiding wit 100m:3519857,-
3KXBG6FMb799yvnryVGbQA,Pipe Types:Uponor MLCP_Leiding wit 100m:3519860,-
3KXBG6FMb799yvnryVGbQ2,Pipe Types:Uponor MLCP_Leiding wit 100m:3519868,-
3KXBG6FMb799yvnryVGbQ0,Pipe Types:Uponor MLCP_Leiding wit 100m:3519870,-
3KXBG6FMb799yvnryVGbP_,Pipe Types:Uponor MLCP_Leiding wit 100m:3519872,-
3KXBG6FMb799yvnryVGbPz,Pipe Types:Uponor MLCP_Leiding wit 100m:3519875,-
3KXBG6FMb799yvnryVGbPs,Pipe Types:Uponor MLCP_Leiding wit 100m:3519880,-
3KXBG6FMb799yvnryVGbPr,Pipe Types:Uponor MLCP_Leiding wit 100m:3519883,-
3KXBG6FMb799yvnryVGbPk,Pipe Types:Uponor MLCP_Leiding wit 100m:3519888,-
3KXBG6FMb799yvnryVGbPi,Pipe Types:Uponor MLCP_Leiding wit 100m:3519890,-
3KXBG6FMb799yvnryVGbPd,Pipe Types:Uponor MLCP_Leiding wit 100m:3519897,-
3KXBG6FMb799yvnryVGbPb,Pipe Types:Uponor MLCP_Leiding wit 100m:3519899,-
3KXBG6FMb799yvnryVGbPO,Pipe Types:Uponor MLCP_Leiding wit 100m:3519910,-
3KXBG6FMb799yvnryVGbPM,Pipe Types:Uponor MLCP_Leiding wit 100m:3519912,-
3KXBG6FMb799yvnryVGbPI,Pipe Types:Uponor MLCP_Leiding wit 100m:3519916,-
3KXBG6FMb799yvnryVGbPC,Pipe Types:Uponor MLCP_Leiding wit 100m:3519922,-
3KXBG6FMb799yvnryVGbPA,Pipe Types:Uponor MLCP_Leiding wit 100m:3519924,-
3KXBG6FMb799yvnryVGbP9,Pipe Types:Uponor MLCP_Leiding wit 100m:3519927,-
3KXBG6FMb799yvnryVGbP2,Pipe Types:Uponor MLCP_Leiding wit 100m:3519932,-
3KXBG6FMb799yvnryVGbP0,Pipe Types:Uponor MLCP_Leiding wit 100m:3519934,-
3KXBG6FMb799yvnryVGbO_,Pipe Types:Uponor MLCP_Leiding wit 100m:3519936,-
3KXBG6FMb799yvnryVGbOr,Pipe Types:Uponor MLCP_Leiding wit 100m:3519947,-
3KXBG6FMb799yvnryVGbOQ,Pipe Types:Uponor MLCP_Leiding wit 100m:3519972,-
3KXBG6FMb799yvnryVGbOO,Pipe Types:Uponor MLCP_Leiding wit 100m:3519974,-
3KXBG6FMb799yvnryVGbOI,Pipe Types:Uponor MLCP_Leiding wit 100m:3519980,-
3KXBG6FMb799yvnryVGbOA,Pipe Types:Uponor MLCP_Leiding wit 100m:3519988,-
3KXBG6FMb799yvnryVGbNl,Pipe Types:Uponor MLCP_Leiding wit 100m:3520017,-
3KXBG6FMb799yvnryVGbNg,Pipe Types:Uponor MLCP_Leiding wit 100m:3520020,-
3KXBG6FMb799yvnryVGbNZ,Pipe Types:Uponor MLCP_Leiding wit 100m:3520029,-
3KXBG6FMb799yvnryVGbNX,Pipe Types:Uponor MLCP_Leiding wit 100m:3520031,-
3KXBG6FMb799yvnryVGbNQ,Pipe Types:Uponor MLCP_Leiding wit 100m:3520036,-
3KXBG6FMb799yvnryVGbNP,Pipe Types:Uponor MLCP_Leiding wit 100m:3520039,-
3KXBG6FMb799yvnryVGbNL,Pipe Types:Uponor MLCP_Leiding wit 100m:3520043,-
3KXBG6FMb799yvnryVGbNJ,Pipe Types:Uponor MLCP_Leiding wit 100m:3520045,-
3KXBG6FMb799yvnryVGbNF,Pipe Types:Uponor MLCP_Leiding wit 100m:3520049,-
3KXBG6FMb799yvnryVGbeE,Pipe Types:Uponor MLCP_Leiding wit 100m:3521008,-
3KXBG6FMb799yvnryVGbce,Pipe Types:Uponor MLCP_Leiding wit 100m:3521110,-
3KXBG6FMb799yvnryVGbcW,Pipe Types:Uponor MLCP_Leiding wit 100m:3521118,-
3KXBG6FMb799yvnryVGbZO,Pipe Types:Uponor MLCP_Leiding wit 100m:3521318,-
3KXBG6FMb799yvnryVGbWh,Pipe Types:Uponor MLCP_Leiding wit 100m:3521493,-
3KXBG6FMb799yvnryVGbWB,Pipe Types:Uponor MLCP_Leiding wit 100m:3521525,-
3KXBG6FMb799yvnryVGb$1,Pipe Types:Uponor MLCP_Leiding wit 100m:3521599,-
3KXBG6FMb799yvnryVGbzm,Pipe Types:Uponor MLCP_Leiding wit 100m:3521678,-
3KXBG6FMb799yvnryVGbze,Pipe Types:Uponor MLCP_Leiding wit 100m:3521686,-
3KXBG6FMb799yvnryVGbxK,Pipe Types:Uponor MLCP_Leiding wit 100m:3521834,-
3KXBG6FMb799yvnryVGbpV,Pipe Types:Uponor MLCP_Leiding wit 100m:3522337,-
3KXBG6FMb799yvnryVGbpK,Pipe Types:Uponor MLCP_Leiding wit 100m:3522346,-
3KXBG6FMb799yvnryVGYOh,Pipe Types:Uponor MLCP_Leiding wit 100m:3524053,-
3KXBG6FMb799yvnryVGYOb,Pipe Types:Uponor MLCP_Leiding wit 100m:3524059,-
3KXBG6FMb799yvnryVGYOF,Pipe Types:Uponor MLCP_Leiding wit 100m:3524081,-
3KXBG6FMb799yvnryVGYJW,Pipe Types:Uponor MLCP_Leiding wit 100m:3524382,-
3KXBG6FMb799yvnryVGYcW,Pipe Types:Uponor MLCP_Leiding wit 100m:3525214,-
3KXBG6FMb799yvnryVGYmM,Pipe Types:Uponor MLCP_Leiding wit 100m:3526632,-
3KXBG6FMb799yvnryVGYmK,Pipe Types:Uponor MLCP_Leiding wit 100m:3526634,-
3KXBG6FMb799yvnryVGYmE,Pipe Types:Uponor MLCP_Leiding wit 100m:3526640,-
3KXBG6FMb799yvnryVGYmC,Pipe Types:Uponor MLCP_Leiding wit 100m:3526642,-
3KXBG6FMb799yvnryVGYm5,Pipe Types:Uponor MLCP_Leiding wit 100m:3526651,-
3KXBG6FMb799yvnryVGYm3,Pipe Types:Uponor MLCP_Leiding wit 100m:3526653,-
3KXBG6FMb799yvnryVGZF_,Pipe Types:Uponor MLCP_Leiding wit 100m:3526656,-
3KXBG6FMb799yvnryVGZFx,Pipe Types:Uponor MLCP_Leiding wit 100m:3526661,-
3KXBG6FMb799yvnryVGZFv,Pipe Types:Uponor MLCP_Leiding wit 100m:3526663,-
3KXBG6FMb799yvnryVGZFq,Pipe Types:Uponor MLCP_Leiding wit 100m:3526666,-
3KXBG6FMb799yvnryVGZFi,Pipe Types:Uponor MLCP_Leiding wit 100m:3526674,-
3KXBG6FMb799yvnryVGZFg,Pipe Types:Uponor MLCP_Leiding wit 100m:3526676,-
3KXBG6FMb799yvnryVGZFe,Pipe Types:Uponor MLCP_Leiding wit 100m:3526678,-
3KXBG6FMb799yvnryVGZFd,Pipe Types:Uponor MLCP_Leiding wit 100m:3526681,-
3KXBG6FMb799yvnryVGZFW,Pipe Types:Uponor MLCP_Leiding wit 100m:3526686,-
3KXBG6FMb799yvnryVGZFV,Pipe Types:Uponor MLCP_Leiding wit 100m:3526689,-
3KXBG6FMb799yvnryVGZFO,Pipe Types:Uponor MLCP_Leiding wit 100m:3526694,-
3KXBG6FMb799yvnryVGZFM,Pipe Types:Uponor MLCP_Leiding wit 100m:3526696,-
3KXBG6FMb799yvnryVGZFH,Pipe Types:Uponor MLCP_Leiding wit 100m:3526703,-
3KXBG6FMb799yvnryVGZFF,Pipe Types:Uponor MLCP_Leiding wit 100m:3526705,-
3KXBG6FMb799yvnryVGZFA,Pipe Types:Uponor MLCP_Leiding wit 100m:3526708,-
3KXBG6FMb799yvnryVGZF2,Pipe Types:Uponor MLCP_Leiding wit 100m:3526716,-
3KXBG6FMb799yvnryVGZF0,Pipe Types:Uponor MLCP_Leiding wit 100m:3526718,-
3KXBG6FMb799yvnryVGZEy,Pipe Types:Uponor MLCP_Leiding wit 100m:3526722,-
3KXBG6FMb799yvnryVGZEs,Pipe Types:Uponor MLCP_Leiding wit 100m:3526728,-
3KXBG6FMb799yvnryVGZEq,Pipe Types:Uponor MLCP_Leiding wit 100m:3526730,-
3KXBG6FMb799yvnryVGZEp,Pipe Types:Uponor MLCP_Leiding wit 100m:3526733,-
3KXBG6FMb799yvnryVGZEi,Pipe Types:Uponor MLCP_Leiding wit 100m:3526738,-
3KXBG6FMb799yvnryVGZEg,Pipe Types:Uponor MLCP_Leiding wit 100m:3526740,-
3KXBG6FMb799yvnryVGZEe,Pipe Types:Uponor MLCP_Leiding wit 100m:3526742,-
3KXBG6FMb799yvnryVGZEX,Pipe Types:Uponor MLCP_Leiding wit 100m:3526751,-
3KXBG6FMb799yvnryVGZEV,Pipe Types:Uponor MLCP_Leiding wit 100m:3526753,-
3KXBG6FMb799yvnryVGZEK,Pipe Types:Uponor MLCP_Leiding wit 100m:3526762,-
3KXBG6FMb799yvnryVGZEG,Pipe Types:Uponor MLCP_Leiding wit 100m:3526766,-
3KXBG6FMb799yvnryVGZEE,Pipe Types:Uponor MLCP_Leiding wit 100m:3526768,-
3KXBG6FMb799yvnryVGZEA,Pipe Types:Uponor MLCP_Leiding wit 100m:3526772,-
3KXBG6FMb799yvnryVGZE8,Pipe Types:Uponor MLCP_Leiding wit 100m:3526774,-
3KXBG6FMb799yvnryVGZE0,Pipe Types:Uponor MLCP_Leiding wit 100m:3526782,-
3KXBG6FMb799yvnryVGZDj,Pipe Types:Uponor MLCP_Leiding wit 100m:3526803,-
3KXBG6FMb799yvnryVGZDe,Pipe Types:Uponor MLCP_Leiding wit 100m:3526806,-
3KXBG6FMb799yvnryVGZDb,Pipe Types:Uponor MLCP_Leiding wit 100m:3526811,-
3KXBG6FMb799yvnryVGZDX,Pipe Types:Uponor MLCP_Leiding wit 100m:3526815,-
3KXBG6FMb799yvnryVGZDV,Pipe Types:Uponor MLCP_Leiding wit 100m:3526817,-
3KXBG6FMb799yvnryVGZDO,Pipe Types:Uponor MLCP_Leiding wit 100m:3526822,-
3KXBG6FMb799yvnryVGZDN,Pipe Types:Uponor MLCP_Leiding wit 100m:3526825,-
3KXBG6FMb799yvnryVGZDJ,Pipe Types:Uponor MLCP_Leiding wit 100m:3526829,-
3KXBG6FMb799yvnryVGZDH,Pipe Types:Uponor MLCP_Leiding wit 100m:3526831,-
3KXBG6FMb799yvnryVGZDD,Pipe Types:Uponor MLCP_Leiding wit 100m:3526835,-
3KXBG6FMb799yvnryVGZD7,Pipe Types:Uponor MLCP_Leiding wit 100m:3526841,-
3KXBG6FMb799yvnryVGZD5,Pipe Types:Uponor MLCP_Leiding wit 100m:3526843,-
3KXBG6FMb799yvnryVGZD0,Pipe Types:Uponor MLCP_Leiding wit 100m:3526846,-
3KXBG6FMb799yvnryVGZC$,Pipe Types:Uponor MLCP_Leiding wit 100m:3526849,-
3KXBG6FMb799yvnryVGZCx,Pipe Types:Uponor MLCP_Leiding wit 100m:3526853,-
3KXBG6FMb799yvnryVGZCv,Pipe Types:Uponor MLCP_Leiding wit 100m:3526855,-
3KXBG6FMb799yvnryVGZCr,Pipe Types:Uponor MLCP_Leiding wit 100m:3526859,-
3KXBG6FMb799yvnryVGZB$,Pipe Types:Uponor MLCP_Leiding wit 100m:3526913,-
3KXBG6FMb799yvnryVGZBz,Pipe Types:Uponor MLCP_Leiding wit 100m:3526915,-
3KXBG6FMb799yvnryVGZBt,Pipe Types:Uponor MLCP_Leiding wit 100m:3526921,-
3KXBG6FMb799yvnryVGZBr,Pipe Types:Uponor MLCP_Leiding wit 100m:3526923,-
3KXBG6FMb799yvnryVGZBg,Pipe Types:Uponor MLCP_Leiding wit 100m:3526932,-
3KXBG6FMb799yvnryVGZBe,Pipe Types:Uponor MLCP_Leiding wit 100m:3526934,-
3KXBG6FMb799yvnryVGZBd,Pipe Types:Uponor MLCP_Leiding wit 100m:3526937,-
3KXBG6FMb799yvnryVGZBW,Pipe Types:Uponor MLCP_Leiding wit 100m:3526942,-
3KXBG6FMb799yvnryVGZBU,Pipe Types:Uponor MLCP_Leiding wit 100m:3526944,-
3KXBG6FMb799yvnryVGZBT,Pipe Types:Uponor MLCP_Leiding wit 100m:3526947,-
3KXBG6FMb799yvnryVGZBL,Pipe Types:Uponor MLCP_Leiding wit 100m:3526955,-
3KXBG6FMb799yvnryVGZBJ,Pipe Types:Uponor MLCP_Leiding wit 100m:3526957,-
3KXBG6FMb799yvnryVGZBH,Pipe Types:Uponor MLCP_Leiding wit 100m:3526959,-
3KXBG6FMb799yvnryVGZBC,Pipe Types:Uponor MLCP_Leiding wit 100m:3526962,-
3KXBG6FMb799yvnryVGZB9,Pipe Types:Uponor MLCP_Leiding wit 100m:3526967,-
3KXBG6FMb799yvnryVGZB4,Pipe Types:Uponor MLCP_Leiding wit 100m:3526970,-
3KXBG6FMb799yvnryVGZB1,Pipe Types:Uponor MLCP_Leiding wit 100m:3526975,-
3KXBG6FMb799yvnryVGZA$,Pipe Types:Uponor MLCP_Leiding wit 100m:3526977,-
3KXBG6FMb799yvnryVGZAs,Pipe Types:Uponor MLCP_Leiding wit 100m:3526984,-
3KXBG6FMb799yvnryVGZAq,Pipe Types:Uponor MLCP_Leiding wit 100m:3526986,-
3KXBG6FMb799yvnryVGZAp,Pipe Types:Uponor MLCP_Leiding wit 100m:3526989,-
3KXBG6FMb799yvnryVGZAh,Pipe Types:Uponor MLCP_Leiding wit 100m:3526997,-
3KXBG6FMb799yvnryVGZAf,Pipe Types:Uponor MLCP_Leiding wit 100m:3526999,-
3KXBG6FMb799yvnryVGZAb,Pipe Types:Uponor MLCP_Leiding wit 100m:3527003,-
3KXBG6FMb799yvnryVGZAV,Pipe Types:Uponor MLCP_Leiding wit 100m:3527009,-
3KXBG6FMb799yvnryVGZAT,Pipe Types:Uponor MLCP_Leiding wit 100m:3527011,-
3KXBG6FMb799yvnryVGZAO,Pipe Types:Uponor MLCP_Leiding wit 100m:3527014,-
3KXBG6FMb799yvnryVGZAL,Pipe Types:Uponor MLCP_Leiding wit 100m:3527019,-
3KXBG6FMb799yvnryVGZAJ,Pipe Types:Uponor MLCP_Leiding wit 100m:3527021,-
3KXBG6FMb799yvnryVGZAH,Pipe Types:Uponor MLCP_Leiding wit 100m:3527023,-
3KXBG6FMb799yvnryVGZA6,Pipe Types:Uponor MLCP_Leiding wit 100m:3527032,-
3KXBG6FMb799yvnryVGZA4,Pipe Types:Uponor MLCP_Leiding wit 100m:3527034,-
3KXBG6FMb799yvnryVGZ9z,Pipe Types:Uponor MLCP_Leiding wit 100m:3527043,-
3KXBG6FMb799yvnryVGZ9v,Pipe Types:Uponor MLCP_Leiding wit 100m:3527047,-
3KXBG6FMb799yvnryVGZ9t,Pipe Types:Uponor MLCP_Leiding wit 100m:3527049,-
3KXBG6FMb799yvnryVGZ9p,Pipe Types:Uponor MLCP_Leiding wit 100m:3527053,-
3KXBG6FMb799yvnryVGZ9n,Pipe Types:Uponor MLCP_Leiding wit 100m:3527055,-
3KXBG6FMb799yvnryVGZ9f,Pipe Types:Uponor MLCP_Leiding wit 100m:3527063,-
3KXBG6FMb799yvnryVGZ9I,Pipe Types:Uponor MLCP_Leiding wit 100m:3527084,-
3KXBG6FMb799yvnryVGZ9H,Pipe Types:Uponor MLCP_Leiding wit 100m:3527087,-
3KXBG6FMb799yvnryVGZ9A,Pipe Types:Uponor MLCP_Leiding wit 100m:3527092,-
3KXBG6FMb799yvnryVGZ96,Pipe Types:Uponor MLCP_Leiding wit 100m:3527096,-
3KXBG6FMb799yvnryVGZ94,Pipe Types:Uponor MLCP_Leiding wit 100m:3527098,-
3KXBG6FMb799yvnryVGZ91,Pipe Types:Uponor MLCP_Leiding wit 100m:3527103,-
3KXBG6FMb799yvnryVGZ8y,Pipe Types:Uponor MLCP_Leiding wit 100m:3527106,-
3KXBG6FMb799yvnryVGZ8u,Pipe Types:Uponor MLCP_Leiding wit 100m:3527110,-
3KXBG6FMb799yvnryVGZ8s,Pipe Types:Uponor MLCP_Leiding wit 100m:3527112,-
3KXBG6FMb799yvnryVGZ8o,Pipe Types:Uponor MLCP_Leiding wit 100m:3527116,-
3KXBG6FMb799yvnryVGZ8i,Pipe Types:Uponor MLCP_Leiding wit 100m:3527122,-
3KXBG6FMb799yvnryVGZ8g,Pipe Types:Uponor MLCP_Leiding wit 100m:3527124,-
3KXBG6FMb799yvnryVGZ8f,Pipe Types:Uponor MLCP_Leiding wit 100m:3527127,-
3KXBG6FMb799yvnryVGZ8a,Pipe Types:Uponor MLCP_Leiding wit 100m:3527130,-
3KXBG6FMb799yvnryVGZ8W,Pipe Types:Uponor MLCP_Leiding wit 100m:3527134,-
3KXBG6FMb799yvnryVGZ8U,Pipe Types:Uponor MLCP_Leiding wit 100m:3527136,-
3KXBG6FMb799yvnryVGZ8Q,Pipe Types:Uponor MLCP_Leiding wit 100m:3527140,-
3KXBG6FMb799yvnryVGZKH,Pipe Types:Uponor MLCP_Leiding wit 100m:3528431,-
3KXBG6FMb799yvnryVGZKF,Pipe Types:Uponor MLCP_Leiding wit 100m:3528433,-
3KXBG6FMb799yvnryVGZK9,Pipe Types:Uponor MLCP_Leiding wit 100m:3528439,-
3KXBG6FMb799yvnryVGZK7,Pipe Types:Uponor MLCP_Leiding wit 100m:3528441,-
3KXBG6FMb799yvnryVGZJy,Pipe Types:Uponor MLCP_Leiding wit 100m:3528450,-
3KXBG6FMb799yvnryVGZJw,Pipe Types:Uponor MLCP_Leiding wit 100m:3528452,-
3KXBG6FMb799yvnryVGZJv,Pipe Types:Uponor MLCP_Leiding wit 100m:3528455,-
3KXBG6FMb799yvnryVGZJo,Pipe Types:Uponor MLCP_Leiding wit 100m:3528460,-
3KXBG6FMb799yvnryVGZJm,Pipe Types:Uponor MLCP_Leiding wit 100m:3528462,-
3KXBG6FMb799yvnryVGZJl,Pipe Types:Uponor MLCP_Leiding wit 100m:3528465,-
3KXBG6FMb799yvnryVGZJd,Pipe Types:Uponor MLCP_Leiding wit 100m:3528473,-
3KXBG6FMb799yvnryVGZJb,Pipe Types:Uponor MLCP_Leiding wit 100m:3528475,-
3KXBG6FMb799yvnryVGZJZ,Pipe Types:Uponor MLCP_Leiding wit 100m:3528477,-
3KXBG6FMb799yvnryVGZJU,Pipe Types:Uponor MLCP_Leiding wit 100m:3528480,-
3KXBG6FMb799yvnryVGZJR,Pipe Types:Uponor MLCP_Leiding wit 100m:3528485,-
3KXBG6FMb799yvnryVGZJM,Pipe Types:Uponor MLCP_Leiding wit 100m:3528488,-
3KXBG6FMb799yvnryVGZJJ,Pipe Types:Uponor MLCP_Leiding wit 100m:3528493,-
3KXBG6FMb799yvnryVGZJH,Pipe Types:Uponor MLCP_Leiding wit 100m:3528495,-
3KXBG6FMb799yvnryVGZJ8,Pipe Types:Uponor MLCP_Leiding wit 100m:3528502,-
3KXBG6FMb799yvnryVGZJ6,Pipe Types:Uponor MLCP_Leiding wit 100m:3528504,-
3KXBG6FMb799yvnryVGZIz,Pipe Types:Uponor MLCP_Leiding wit 100m:3528515,-
3KXBG6FMb799yvnryVGZIx,Pipe Types:Uponor MLCP_Leiding wit 100m:3528517,-
3KXBG6FMb799yvnryVGZIt,Pipe Types:Uponor MLCP_Leiding wit 100m:3528521,-
3KXBG6FMb799yvnryVGZIn,Pipe Types:Uponor MLCP_Leiding wit 100m:3528527,-
3KXBG6FMb799yvnryVGZIl,Pipe Types:Uponor MLCP_Leiding wit 100m:3528529,-
3KXBG6FMb799yvnryVGZIg,Pipe Types:Uponor MLCP_Leiding wit 100m:3528532,-
3KXBG6FMb799yvnryVGZId,Pipe Types:Uponor MLCP_Leiding wit 100m:3528537,-
3KXBG6FMb799yvnryVGZIb,Pipe Types:Uponor MLCP_Leiding wit 100m:3528539,-
3KXBG6FMb799yvnryVGZIZ,Pipe Types:Uponor MLCP_Leiding wit 100m:3528541,-
3KXBG6FMb799yvnryVGZIM,Pipe Types:Uponor MLCP_Leiding wit 100m:3528552,-
3KXBG6FMb799yvnryVGZIF,Pipe Types:Uponor MLCP_Leiding wit 100m:3528561,-
3KXBG6FMb799yvnryVGZID,Pipe Types:Uponor MLCP_Leiding wit 100m:3528563,-
3KXBG6FMb799yvnryVGZI9,Pipe Types:Uponor MLCP_Leiding wit 100m:3528567,-
3KXBG6FMb799yvnryVGZI5,Pipe Types:Uponor MLCP_Leiding wit 100m:3528571,-
3KXBG6FMb799yvnryVGZHz,Pipe Types:Uponor MLCP_Leiding wit 100m:3528579,-
3KXBG6FMb799yvnryVGZHx,Pipe Types:Uponor MLCP_Leiding wit 100m:3528581,-
3KXBG6FMb799yvnryVGZHt,Pipe Types:Uponor MLCP_Leiding wit 100m:3528585,-
3KXBG6FMb799yvnryVGZHr,Pipe Types:Uponor MLCP_Leiding wit 100m:3528587,-
3KXBG6FMb799yvnryVGZHk,Pipe Types:Uponor MLCP_Leiding wit 100m:3528592,-
3KXBG6FMb799yvnryVGZHj,Pipe Types:Uponor MLCP_Leiding wit 100m:3528595,-
3KXBG6FMb799yvnryVGZHf,Pipe Types:Uponor MLCP_Leiding wit 100m:3528599,-
3KXBG6FMb799yvnryVGZHd,Pipe Types:Uponor MLCP_Leiding wit 100m:3528601,-
3KXBG6FMb799yvnryVGZHZ,Pipe Types:Uponor MLCP_Leiding wit 100m:3528605,-
3KXBG6FMb799yvnryVGZHV,Pipe Types:Uponor MLCP_Leiding wit 100m:3528609,-
3KXBG6FMb799yvnryVGZHT,Pipe Types:Uponor MLCP_Leiding wit 100m:3528611,-
3KXBG6FMb799yvnryVGZHR,Pipe Types:Uponor MLCP_Leiding wit 100m:3528613,-
3KXBG6FMb799yvnryVGZHH,Pipe Types:Uponor MLCP_Leiding wit 100m:3528623,-
3KXBG6FMb799yvnryVGZHC,Pipe Types:Uponor MLCP_Leiding wit 100m:3528626,-
3KXBG6FMb799yvnryVGZHB,Pipe Types:Uponor MLCP_Leiding wit 100m:3528629,-
3KXBG6FMb799yvnryVGZH9,Pipe Types:Uponor MLCP_Leiding wit 100m:3528631,-
3KXBG6FMb799yvnryVGZH1,Pipe Types:Uponor MLCP_Leiding wit 100m:3528639,-
3KXBG6FMb799yvnryVGZGx,Pipe Types:Uponor MLCP_Leiding wit 100m:3528645,-
3KXBG6FMb799yvnryVGZGb,Pipe Types:Uponor MLCP_Leiding wit 100m:3528667,-
3KXBG6FMb799yvnryVGZG8,Pipe Types:Uponor MLCP_Leiding wit 100m:3528694,-
3KXBG6FMb799yvnryVGZG6,Pipe Types:Uponor MLCP_Leiding wit 100m:3528696,-
3KXBG6FMb799yvnryVGZG0,Pipe Types:Uponor MLCP_Leiding wit 100m:3528702,-
3KXBG6FMb799yvnryVGZl_,Pipe Types:Uponor MLCP_Leiding wit 100m:3528704,-
3KXBG6FMb799yvnryVGZlt,Pipe Types:Uponor MLCP_Leiding wit 100m:3528713,-
3KXBG6FMb799yvnryVGZlr,Pipe Types:Uponor MLCP_Leiding wit 100m:3528715,-
3KXBG6FMb799yvnryVGZlm,Pipe Types:Uponor MLCP_Leiding wit 100m:3528718,-
3KXBG6FMb799yvnryVGZlj,Pipe Types:Uponor MLCP_Leiding wit 100m:3528723,-
3KXBG6FMb799yvnryVGZlh,Pipe Types:Uponor MLCP_Leiding wit 100m:3528725,-
3KXBG6FMb799yvnryVGZlc,Pipe Types:Uponor MLCP_Leiding wit 100m:3528728,-
3KXBG6FMb799yvnryVGZlU,Pipe Types:Uponor MLCP_Leiding wit 100m:3528736,-
3KXBG6FMb799yvnryVGZlS,Pipe Types:Uponor MLCP_Leiding wit 100m:3528738,-
3KXBG6FMb799yvnryVGZlQ,Pipe Types:Uponor MLCP_Leiding wit 100m:3528740,-
3KXBG6FMb799yvnryVGZlP,Pipe Types:Uponor MLCP_Leiding wit 100m:3528743,-
3KXBG6FMb799yvnryVGZlI,Pipe Types:Uponor MLCP_Leiding wit 100m:3528748,-
3KXBG6FMb799yvnryVGZlH,Pipe Types:Uponor MLCP_Leiding wit 100m:3528751,-
3KXBG6FMb799yvnryVGZlA,Pipe Types:Uponor MLCP_Leiding wit 100m:3528756,-
3KXBG6FMb799yvnryVGZl8,Pipe Types:Uponor MLCP_Leiding wit 100m:3528758,-
3KXBG6FMb799yvnryVGZl3,Pipe Types:Uponor MLCP_Leiding wit 100m:3528765,-
3KXBG6FMb799yvnryVGZl1,Pipe Types:Uponor MLCP_Leiding wit 100m:3528767,-
3KXBG6FMb799yvnryVGZkq,Pipe Types:Uponor MLCP_Leiding wit 100m:3528778,-
3KXBG6FMb799yvnryVGZko,Pipe Types:Uponor MLCP_Leiding wit 100m:3528780,-
3KXBG6FMb799yvnryVGZkk,Pipe Types:Uponor MLCP_Leiding wit 100m:3528784,-
3KXBG6FMb799yvnryVGZke,Pipe Types:Uponor MLCP_Leiding wit 100m:3528790,-
3KXBG6FMb799yvnryVGZkc,Pipe Types:Uponor MLCP_Leiding wit 100m:3528792,-
3KXBG6FMb799yvnryVGZkb,Pipe Types:Uponor MLCP_Leiding wit 100m:3528795,-
3KXBG6FMb799yvnryVGZkU,Pipe Types:Uponor MLCP_Leiding wit 100m:3528800,-
3KXBG6FMb799yvnryVGZkS,Pipe Types:Uponor MLCP_Leiding wit 100m:3528802,-
3KXBG6FMb799yvnryVGZkQ,Pipe Types:Uponor MLCP_Leiding wit 100m:3528804,-
3KXBG6FMb799yvnryVGZkH,Pipe Types:Uponor MLCP_Leiding wit 100m:3528815,-
3KXBG6FMb799yvnryVGZk6,Pipe Types:Uponor MLCP_Leiding wit 100m:3528824,-
3KXBG6FMb799yvnryVGZk4,Pipe Types:Uponor MLCP_Leiding wit 100m:3528826,-
3KXBG6FMb799yvnryVGZk0,Pipe Types:Uponor MLCP_Leiding wit 100m:3528830,-
3KXBG6FMb799yvnryVGZjy,Pipe Types:Uponor MLCP_Leiding wit 100m:3528834,-
3KXBG6FMb799yvnryVGZjq,Pipe Types:Uponor MLCP_Leiding wit 100m:3528842,-
3KXBG6FMb799yvnryVGZjo,Pipe Types:Uponor MLCP_Leiding wit 100m:3528844,-
3KXBG6FMb799yvnryVGZjk,Pipe Types:Uponor MLCP_Leiding wit 100m:3528848,-
3KXBG6FMb799yvnryVGZji,Pipe Types:Uponor MLCP_Leiding wit 100m:3528850,-
3KXBG6FMb799yvnryVGZjf,Pipe Types:Uponor MLCP_Leiding wit 100m:3528855,-
3KXBG6FMb799yvnryVGZja,Pipe Types:Uponor MLCP_Leiding wit 100m:3528858,-
3KXBG6FMb799yvnryVGZjW,Pipe Types:Uponor MLCP_Leiding wit 100m:3528862,-
3KXBG6FMb799yvnryVGZjU,Pipe Types:Uponor MLCP_Leiding wit 100m:3528864,-
3KXBG6FMb799yvnryVGZjQ,Pipe Types:Uponor MLCP_Leiding wit 100m:3528868,-
3KXBG6FMb799yvnryVGZjM,Pipe Types:Uponor MLCP_Leiding wit 100m:3528872,-
3KXBG6FMb799yvnryVGZjK,Pipe Types:Uponor MLCP_Leiding wit 100m:3528874,-
3KXBG6FMb799yvnryVGZjI,Pipe Types:Uponor MLCP_Leiding wit 100m:3528876,-
3KXBG6FMb799yvnryVGZj8,Pipe Types:Uponor MLCP_Leiding wit 100m:3528886,-
3KXBG6FMb799yvnryVGZj7,Pipe Types:Uponor MLCP_Leiding wit 100m:3528889,-
3KXBG6FMb799yvnryVGZj2,Pipe Types:Uponor MLCP_Leiding wit 100m:3528892,-
3KXBG6FMb799yvnryVGZj0,Pipe Types:Uponor MLCP_Leiding wit 100m:3528894,-
3KXBG6FMb799yvnryVGZiu,Pipe Types:Uponor MLCP_Leiding wit 100m:3528902,-
3KXBG6FMb799yvnryVGZio,Pipe Types:Uponor MLCP_Leiding wit 100m:3528908,-
3KXBG6FMb799yvnryVGZiS,Pipe Types:Uponor MLCP_Leiding wit 100m:3528930,-
3KXBG6FMb799yvnryVGZco,Pipe Types:Uponor MLCP_Leiding wit 100m:3529292,-
3KXBG6FMb799yvnryVGZbg,Pipe Types:Uponor MLCP_Leiding wit 100m:3529364,-
3KXBG6FMb799yvnryVGZ_V,Pipe Types:Uponor MLCP_Leiding wit 100m:3529825,-
3KXBG6FMb799yvnryVGZ_R,Pipe Types:Uponor MLCP_Leiding wit 100m:3529829,-
3KXBG6FMb799yvnryVGZzz,Pipe Types:Uponor MLCP_Leiding wit 100m:3529859,-
3KXBG6FMb799yvnryVGZzv,Pipe Types:Uponor MLCP_Leiding wit 100m:3529863,-
3KXBG6FMb799yvnryVGZya,Pipe Types:Uponor MLCP_Leiding wit 100m:3529946,-
3KXBG6FMb799yvnryVGZyQ,Pipe Types:Uponor MLCP_Leiding wit 100m:3529956,-
3KXBG6FMb799yvnryVGZwy,Pipe Types:Uponor MLCP_Leiding wit 100m:3530050,-
3KXBG6FMb799yvnryVGZpn,Pipe Types:Uponor MLCP_Leiding wit 100m:3530511,-
3KXBG6FMb799yvnryVGZpl,Pipe Types:Uponor MLCP_Leiding wit 100m:3530513,-
3KXBG6FMb799yvnryVGZph,Pipe Types:Uponor MLCP_Leiding wit 100m:3530517,-
3KXBG6FMb799yvnryVGZpA,Pipe Types:Uponor MLCP_Leiding wit 100m:3530548,-
3KXBG6FMb799yvnryVGZp8,Pipe Types:Uponor MLCP_Leiding wit 100m:3530550,-
3KXBG6FMb799yvnryVGZp4,Pipe Types:Uponor MLCP_Leiding wit 100m:3530554,-
3HJwZavDb3_xeSWuY5ys8v,Pipe Types:Uponor MLCP_Leiding wit 100m:3531290,-
3HJwZavDb3_xeSWuY5ys81,Pipe Types:Uponor MLCP_Leiding wit 100m:3531298,-
0$vkK3wTfFMuOTo$8Ddwme,Pipe Types:Uponor MLCP_Leiding wit 100m:3534142,-
0$vkK3wTfFMuOTo$8DdwnI,Pipe Types:Uponor MLCP_Leiding wit 100m:3534148,-
0$vkK3wTfFMuOTo$8DdwnH,Pipe Types:Uponor MLCP_Leiding wit 100m:3534151,-
0$vkK3wTfFMuOTo$8DdwnV,Pipe Types:Uponor MLCP_Leiding wit 100m:3534153,-
0$vkK3wTfFMuOTo$8DdwnR,Pipe Types:Uponor MLCP_Leiding wit 100m:3534157,-
0$vkK3wTfFMuOTo$8DdwnP,Pipe Types:Uponor MLCP_Leiding wit 100m:3534159,-
0$vkK3wTfFMuOTo$8Ddwn2,Pipe Types:Uponor MLCP_Leiding wit 100m:3534164,-
0$vkK3wTfFMuOTo$8Ddwn1,Pipe Types:Uponor MLCP_Leiding wit 100m:3534167,-
0$vkK3wTfFMuOTo$8DdwnB,Pipe Types:Uponor MLCP_Leiding wit 100m:3534173,-
0$vkK3wTfFMuOTo$8Ddwn9,Pipe Types:Uponor MLCP_Leiding wit 100m:3534175,-
0$vkK3wTfFMuOTo$8Ddwnt,Pipe Types:Uponor MLCP_Leiding wit 100m:3534177,-
0$vkK3wTfFMuOTo$8Ddwnp,Pipe Types:Uponor MLCP_Leiding wit 100m:3534181,-
0$vkK3wTfFMuOTo$8Ddwnn,Pipe Types:Uponor MLCP_Leiding wit 100m:3534183,-
0$vkK3wTfFMuOTo$8Ddwnz,Pipe Types:Uponor MLCP_Leiding wit 100m:3534187,-
0$vkK3wTfFMuOTo$8Ddwnx,Pipe Types:Uponor MLCP_Leiding wit 100m:3534189,-
0$vkK3wTfFMuOTo$8Ddwnv,Pipe Types:Uponor MLCP_Leiding wit 100m:3534191,-
0$vkK3wTfFMuOTo$8DdwoK,Pipe Types:Uponor MLCP_Leiding wit 100m:3534210,-
0$vkK3wTfFMuOTo$8DdwoI,Pipe Types:Uponor MLCP_Leiding wit 100m:3534212,-
0$vkK3wTfFMuOTo$8DdwoG,Pipe Types:Uponor MLCP_Leiding wit 100m:3534214,-
0$vkK3wTfFMuOTo$8Ddwo6,Pipe Types:Uponor MLCP_Leiding wit 100m:3534224,-
0$vkK3wTfFMuOTo$8Ddwo3,Pipe Types:Uponor MLCP_Leiding wit 100m:3534229,-
0$vkK3wTfFMuOTo$8DdwoC,Pipe Types:Uponor MLCP_Leiding wit 100m:3534234,-
0$vkK3wTfFMuOTo$8Ddwot,Pipe Types:Uponor MLCP_Leiding wit 100m:3534241,-
0$vkK3wTfFMuOTo$8Ddwoo,Pipe Types:Uponor MLCP_Leiding wit 100m:3534244,-
0$vkK3wTfFMuOTo$8Ddwo$,Pipe Types:Uponor MLCP_Leiding wit 100m:3534249,-
0$vkK3wTfFMuOTo$8Ddwow,Pipe Types:Uponor MLCP_Leiding wit 100m:3534252,-
0$vkK3wTfFMuOTo$8Ddwok,Pipe Types:Uponor MLCP_Leiding wit 100m:3534264,-
0$vkK3wTfFMuOTo$8Ddwoi,Pipe Types:Uponor MLCP_Leiding wit 100m:3534266,-
0$vkK3wTfFMuOTo$8DdwpM,Pipe Types:Uponor MLCP_Leiding wit 100m:3534272,-
0$vkK3wTfFMuOTo$8DdwpK,Pipe Types:Uponor MLCP_Leiding wit 100m:3534274,-
0$vkK3wTfFMuOTo$8DdwpI,Pipe Types:Uponor MLCP_Leiding wit 100m:3534276,-
0$vkK3wTfFMuOTo$8DdwpV,Pipe Types:Uponor MLCP_Leiding wit 100m:3534281,-
0$vkK3wTfFMuOTo$8Ddwp6,Pipe Types:Uponor MLCP_Leiding wit 100m:3534288,-
0$vkK3wTfFMuOTo$8Ddwp2,Pipe Types:Uponor MLCP_Leiding wit 100m:3534292,-
0$vkK3wTfFMuOTo$8Ddwp0,Pipe Types:Uponor MLCP_Leiding wit 100m:3534294,-
0$vkK3wTfFMuOTo$8DdwpE,Pipe Types:Uponor MLCP_Leiding wit 100m:3534296,-
0$vkK3wTfFMuOTo$8Ddwps,Pipe Types:Uponor MLCP_Leiding wit 100m:3534304,-
0$vkK3wTfFMuOTo$8Ddwpr,Pipe Types:Uponor MLCP_Leiding wit 100m:3534307,-
0$vkK3wTfFMuOTo$8Ddwpm,Pipe Types:Uponor MLCP_Leiding wit 100m:3534310,-
0$vkK3wTfFMuOTo$8Ddwpw,Pipe Types:Uponor MLCP_Leiding wit 100m:3534316,-
0$vkK3wTfFMuOTo$8Ddwpb,Pipe Types:Uponor MLCP_Leiding wit 100m:3534323,-
0$vkK3wTfFMuOTo$8Ddwwb,Pipe Types:Uponor MLCP_Leiding wit 100m:3534771,-
0$vkK3wTfFMuOTo$8Ddwwl,Pipe Types:Uponor MLCP_Leiding wit 100m:3534777,-
0$vkK3wTfFMuOTo$8Ddwwg,Pipe Types:Uponor MLCP_Leiding wit 100m:3534780,-
0$vkK3wTfFMuOTo$8Ddwwe,Pipe Types:Uponor MLCP_Leiding wit 100m:3534782,-
0$vkK3wTfFMuOTo$8DdwxK,Pipe Types:Uponor MLCP_Leiding wit 100m:3534786,-
0$vkK3wTfFMuOTo$8DdwxI,Pipe Types:Uponor MLCP_Leiding wit 100m:3534788,-
0$vkK3wTfFMuOTo$8DdwxV,Pipe Types:Uponor MLCP_Leiding wit 100m:3534793,-
0$vkK3wTfFMuOTo$8DdwxQ,Pipe Types:Uponor MLCP_Leiding wit 100m:3534796,-
0$vkK3wTfFMuOTo$8Ddwx4,Pipe Types:Uponor MLCP_Leiding wit 100m:3534802,-
0$vkK3wTfFMuOTo$8Ddwx2,Pipe Types:Uponor MLCP_Leiding wit 100m:3534804,-
0$vkK3wTfFMuOTo$8Ddwx0,Pipe Types:Uponor MLCP_Leiding wit 100m:3534806,-
0$vkK3wTfFMuOTo$8DdwxC,Pipe Types:Uponor MLCP_Leiding wit 100m:3534810,-
0$vkK3wTfFMuOTo$8DdwxA,Pipe Types:Uponor MLCP_Leiding wit 100m:3534812,-
0$vkK3wTfFMuOTo$8Ddwxs,Pipe Types:Uponor MLCP_Leiding wit 100m:3534816,-
0$vkK3wTfFMuOTo$8Ddwxq,Pipe Types:Uponor MLCP_Leiding wit 100m:3534818,-
0$vkK3wTfFMuOTo$8Ddwxo,Pipe Types:Uponor MLCP_Leiding wit 100m:3534820,-
0$vkK3wTfFMuOTo$8DdwxX,Pipe Types:Uponor MLCP_Leiding wit 100m:3534839,-
0$vkK3wTfFMuOTo$8Ddwxl,Pipe Types:Uponor MLCP_Leiding wit 100m:3534841,-
0$vkK3wTfFMuOTo$8Ddwxj,Pipe Types:Uponor MLCP_Leiding wit 100m:3534843,-
0$vkK3wTfFMuOTo$8Ddx4J,Pipe Types:Uponor MLCP_Leiding wit 100m:3534853,-
0$vkK3wTfFMuOTo$8Ddx4S,Pipe Types:Uponor MLCP_Leiding wit 100m:3534858,-
0$vkK3wTfFMuOTo$8Ddx4P,Pipe Types:Uponor MLCP_Leiding wit 100m:3534863,-
0$vkK3wTfFMuOTo$8Ddx40,Pipe Types:Uponor MLCP_Leiding wit 100m:3534870,-
0$vkK3wTfFMuOTo$8Ddx4F,Pipe Types:Uponor MLCP_Leiding wit 100m:3534873,-
0$vkK3wTfFMuOTo$8Ddx48,Pipe Types:Uponor MLCP_Leiding wit 100m:3534878,-
0$vkK3wTfFMuOTo$8Ddx4t,Pipe Types:Uponor MLCP_Leiding wit 100m:3534881,-
0$vkK3wTfFMuOTo$8Ddx4x,Pipe Types:Uponor MLCP_Leiding wit 100m:3534893,-
0$vkK3wTfFMuOTo$8Ddx4v,Pipe Types:Uponor MLCP_Leiding wit 100m:3534895,-
0$vkK3wTfFMuOTo$8Ddx4Z,Pipe Types:Uponor MLCP_Leiding wit 100m:3534901,-
0$vkK3wTfFMuOTo$8Ddx4X,Pipe Types:Uponor MLCP_Leiding wit 100m:3534903,-
0$vkK3wTfFMuOTo$8Ddx4l,Pipe Types:Uponor MLCP_Leiding wit 100m:3534905,-
0$vkK3wTfFMuOTo$8Ddx4e,Pipe Types:Uponor MLCP_Leiding wit 100m:3534910,-
0$vkK3wTfFMuOTo$8Ddx5J,Pipe Types:Uponor MLCP_Leiding wit 100m:3534917,-
0$vkK3wTfFMuOTo$8Ddx5V,Pipe Types:Uponor MLCP_Leiding wit 100m:3534921,-
0$vkK3wTfFMuOTo$8Ddx5T,Pipe Types:Uponor MLCP_Leiding wit 100m:3534923,-
0$vkK3wTfFMuOTo$8Ddx5R,Pipe Types:Uponor MLCP_Leiding wit 100m:3534925,-
0$vkK3wTfFMuOTo$8Ddx53,Pipe Types:Uponor MLCP_Leiding wit 100m:3534933,-
0$vkK3wTfFMuOTo$8Ddx5E,Pipe Types:Uponor MLCP_Leiding wit 100m:3534936,-
0$vkK3wTfFMuOTo$8Ddx5D,Pipe Types:Uponor MLCP_Leiding wit 100m:3534939,-
0$vkK3wTfFMuOTo$8Ddx5t,Pipe Types:Uponor MLCP_Leiding wit 100m:3534945,-
0$vkK3wTfFMuOTo$8Ddx5_,Pipe Types:Uponor MLCP_Leiding wit 100m:3534952,-
0$vkK3wTfFMuOTo$8DdxOU,Pipe Types:Uponor MLCP_Leiding wit 100m:3536648,-
0$vkK3wTfFMuOTo$8DdxOO,Pipe Types:Uponor MLCP_Leiding wit 100m:3536654,-
0$vkK3wTfFMuOTo$8DdxO7,Pipe Types:Uponor MLCP_Leiding wit 100m:3536657,-
0$vkK3wTfFMuOTo$8DdxO5,Pipe Types:Uponor MLCP_Leiding wit 100m:3536659,-
0$vkK3wTfFMuOTo$8DdxO1,Pipe Types:Uponor MLCP_Leiding wit 100m:3536663,-
0$vkK3wTfFMuOTo$8DdxOF,Pipe Types:Uponor MLCP_Leiding wit 100m:3536665,-
0$vkK3wTfFMuOTo$8DdxO8,Pipe Types:Uponor MLCP_Leiding wit 100m:3536670,-
0$vkK3wTfFMuOTo$8DdxOt,Pipe Types:Uponor MLCP_Leiding wit 100m:3536673,-
0$vkK3wTfFMuOTo$8DdxOn,Pipe Types:Uponor MLCP_Leiding wit 100m:3536679,-
0$vkK3wTfFMuOTo$8DdxO$,Pipe Types:Uponor MLCP_Leiding wit 100m:3536681,-
0$vkK3wTfFMuOTo$8DdxOz,Pipe Types:Uponor MLCP_Leiding wit 100m:3536683,-
0$vkK3wTfFMuOTo$8DdxOv,Pipe Types:Uponor MLCP_Leiding wit 100m:3536687,-
0$vkK3wTfFMuOTo$8DdxOd,Pipe Types:Uponor MLCP_Leiding wit 100m:3536689,-
0$vkK3wTfFMuOTo$8DdxOZ,Pipe Types:Uponor MLCP_Leiding wit 100m:3536693,-
0$vkK3wTfFMuOTo$8DdxOX,Pipe Types:Uponor MLCP_Leiding wit 100m:3536695,-
0$vkK3wTfFMuOTo$8DdxOl,Pipe Types:Uponor MLCP_Leiding wit 100m:3536697,-
0$vkK3wTfFMuOTo$8DdxPQ,Pipe Types:Uponor MLCP_Leiding wit 100m:3536716,-
0$vkK3wTfFMuOTo$8DdxPO,Pipe Types:Uponor MLCP_Leiding wit 100m:3536718,-
0$vkK3wTfFMuOTo$8DdxP6,Pipe Types:Uponor MLCP_Leiding wit 100m:3536720,-
0$vkK3wTfFMuOTo$8DdxPC,Pipe Types:Uponor MLCP_Leiding wit 100m:3536730,-
0$vkK3wTfFMuOTo$8DdxP9,Pipe Types:Uponor MLCP_Leiding wit 100m:3536735,-
0$vkK3wTfFMuOTo$8DdxPo,Pipe Types:Uponor MLCP_Leiding wit 100m:3536740,-
0$vkK3wTfFMuOTo$8DdxPz,Pipe Types:Uponor MLCP_Leiding wit 100m:3536747,-
0$vkK3wTfFMuOTo$8DdxPu,Pipe Types:Uponor MLCP_Leiding wit 100m:3536750,-
0$vkK3wTfFMuOTo$8DdxPb,Pipe Types:Uponor MLCP_Leiding wit 100m:3536755,-
0$vkK3wTfFMuOTo$8DdxPW,Pipe Types:Uponor MLCP_Leiding wit 100m:3536758,-
0$vkK3wTfFMuOTo$8DdxQK,Pipe Types:Uponor MLCP_Leiding wit 100m:3536770,-
0$vkK3wTfFMuOTo$8DdxQI,Pipe Types:Uponor MLCP_Leiding wit 100m:3536772,-
0$vkK3wTfFMuOTo$8DdxQS,Pipe Types:Uponor MLCP_Leiding wit 100m:3536778,-
0$vkK3wTfFMuOTo$8DdxQQ,Pipe Types:Uponor MLCP_Leiding wit 100m:3536780,-
0$vkK3wTfFMuOTo$8DdxQO,Pipe Types:Uponor MLCP_Leiding wit 100m:3536782,-
0$vkK3wTfFMuOTo$8DdxQ5,Pipe Types:Uponor MLCP_Leiding wit 100m:3536787,-
0$vkK3wTfFMuOTo$8DdxQC,Pipe Types:Uponor MLCP_Leiding wit 100m:3536794,-
0$vkK3wTfFMuOTo$8DdxQ8,Pipe Types:Uponor MLCP_Leiding wit 100m:3536798,-
0$vkK3wTfFMuOTo$8DdxQs,Pipe Types:Uponor MLCP_Leiding wit 100m:3536800,-
0$vkK3wTfFMuOTo$8DdxQq,Pipe Types:Uponor MLCP_Leiding wit 100m:3536802,-
0$vkK3wTfFMuOTo$8DdxQy,Pipe Types:Uponor MLCP_Leiding wit 100m:3536810,-
0$vkK3wTfFMuOTo$8DdxQx,Pipe Types:Uponor MLCP_Leiding wit 100m:3536813,-
0$vkK3wTfFMuOTo$8DdxQc,Pipe Types:Uponor MLCP_Leiding wit 100m:3536816,-
0$vkK3wTfFMuOTo$8DdxQW,Pipe Types:Uponor MLCP_Leiding wit 100m:3536822,-
0$vkK3wTfFMuOTo$8DdxQh,Pipe Types:Uponor MLCP_Leiding wit 100m:3536829,-
0$vkK3wTfFMuOTo$8DdxRF,Pipe Types:Uponor MLCP_Leiding wit 100m:3536857,-
0$vkK3wTfFMuOTo$8DdxR9,Pipe Types:Uponor MLCP_Leiding wit 100m:3536863,-
0$vkK3wTfFMuOTo$8DdxRq,Pipe Types:Uponor MLCP_Leiding wit 100m:3536866,-
0$vkK3wTfFMuOTo$8DdxRo,Pipe Types:Uponor MLCP_Leiding wit 100m:3536868,-
0$vkK3wTfFMuOTo$8DdxR_,Pipe Types:Uponor MLCP_Leiding wit 100m:3536872,-
0$vkK3wTfFMuOTo$8DdxRy,Pipe Types:Uponor MLCP_Leiding wit 100m:3536874,-
0$vkK3wTfFMuOTo$8DdxRv,Pipe Types:Uponor MLCP_Leiding wit 100m:3536879,-
0$vkK3wTfFMuOTo$8DdxRa,Pipe Types:Uponor MLCP_Leiding wit 100m:3536882,-
0$vkK3wTfFMuOTo$8DdxRk,Pipe Types:Uponor MLCP_Leiding wit 100m:3536888,-
0$vkK3wTfFMuOTo$8DdxRi,Pipe Types:Uponor MLCP_Leiding wit 100m:3536890,-
0$vkK3wTfFMuOTo$8DdxRg,Pipe Types:Uponor MLCP_Leiding wit 100m:3536892,-
0$vkK3wTfFMuOTo$8DdxaM,Pipe Types:Uponor MLCP_Leiding wit 100m:3536896,-
0$vkK3wTfFMuOTo$8DdxaK,Pipe Types:Uponor MLCP_Leiding wit 100m:3536898,-
0$vkK3wTfFMuOTo$8DdxaG,Pipe Types:Uponor MLCP_Leiding wit 100m:3536902,-
0$vkK3wTfFMuOTo$8DdxaU,Pipe Types:Uponor MLCP_Leiding wit 100m:3536904,-
0$vkK3wTfFMuOTo$8DdxaS,Pipe Types:Uponor MLCP_Leiding wit 100m:3536906,-
0$vkK3wTfFMuOTo$8DdxaB,Pipe Types:Uponor MLCP_Leiding wit 100m:3536925,-
0$vkK3wTfFMuOTo$8Ddxa9,Pipe Types:Uponor MLCP_Leiding wit 100m:3536927,-
0$vkK3wTfFMuOTo$8Ddxat,Pipe Types:Uponor MLCP_Leiding wit 100m:3536929,-
0$vkK3wTfFMuOTo$8Ddxaz,Pipe Types:Uponor MLCP_Leiding wit 100m:3536939,-
0$vkK3wTfFMuOTo$8Ddxac,Pipe Types:Uponor MLCP_Leiding wit 100m:3536944,-
0$vkK3wTfFMuOTo$8DdxaZ,Pipe Types:Uponor MLCP_Leiding wit 100m:3536949,-
0$vkK3wTfFMuOTo$8Ddxag,Pipe Types:Uponor MLCP_Leiding wit 100m:3536956,-
0$vkK3wTfFMuOTo$8Ddxaf,Pipe Types:Uponor MLCP_Leiding wit 100m:3536959,-
0$vkK3wTfFMuOTo$8DdxbI,Pipe Types:Uponor MLCP_Leiding wit 100m:3536964,-
0$vkK3wTfFMuOTo$8DdxbH,Pipe Types:Uponor MLCP_Leiding wit 100m:3536967,-
0$vkK3wTfFMuOTo$8Ddxb5,Pipe Types:Uponor MLCP_Leiding wit 100m:3536979,-
0$vkK3wTfFMuOTo$8Ddxb3,Pipe Types:Uponor MLCP_Leiding wit 100m:3536981,-
0$vkK3wTfFMuOTo$8DdxbD,Pipe Types:Uponor MLCP_Leiding wit 100m:3536987,-
0$vkK3wTfFMuOTo$8DdxbB,Pipe Types:Uponor MLCP_Leiding wit 100m:3536989,-
0$vkK3wTfFMuOTo$8Ddxb9,Pipe Types:Uponor MLCP_Leiding wit 100m:3536991,-
0$vkK3wTfFMuOTo$8Ddxbo,Pipe Types:Uponor MLCP_Leiding wit 100m:3536996,-
0$vkK3wTfFMuOTo$8Ddxbz,Pipe Types:Uponor MLCP_Leiding wit 100m:3537003,-
0$vkK3wTfFMuOTo$8Ddxbv,Pipe Types:Uponor MLCP_Leiding wit 100m:3537007,-
0$vkK3wTfFMuOTo$8Ddxbd,Pipe Types:Uponor MLCP_Leiding wit 100m:3537009,-
0$vkK3wTfFMuOTo$8Ddxbb,Pipe Types:Uponor MLCP_Leiding wit 100m:3537011,-
0$vkK3wTfFMuOTo$8Ddxbj,Pipe Types:Uponor MLCP_Leiding wit 100m:3537019,-
0$vkK3wTfFMuOTo$8Ddxbe,Pipe Types:Uponor MLCP_Leiding wit 100m:3537022,-
0$vkK3wTfFMuOTo$8DdxcN,Pipe Types:Uponor MLCP_Leiding wit 100m:3537025,-
0$vkK3wTfFMuOTo$8DdxcH,Pipe Types:Uponor MLCP_Leiding wit 100m:3537031,-
0$vkK3wTfFMuOTo$8DdxcO,Pipe Types:Uponor MLCP_Leiding wit 100m:3537038,-
0$vkK3wTfFMuOTo$8Dd4Q7,Pipe Types:Uponor MLCP_Leiding wit 100m:3540881,-
0$vkK3wTfFMuOTo$8Dd4Q1,Pipe Types:Uponor MLCP_Leiding wit 100m:3540887,-
0$vkK3wTfFMuOTo$8Dd4QC,Pipe Types:Uponor MLCP_Leiding wit 100m:3540890,-
0$vkK3wTfFMuOTo$8Dd4QA,Pipe Types:Uponor MLCP_Leiding wit 100m:3540892,-
0$vkK3wTfFMuOTo$8Dd4Qs,Pipe Types:Uponor MLCP_Leiding wit 100m:3540896,-
0$vkK3wTfFMuOTo$8Dd4Qq,Pipe Types:Uponor MLCP_Leiding wit 100m:3540898,-
0$vkK3wTfFMuOTo$8Dd4Qn,Pipe Types:Uponor MLCP_Leiding wit 100m:3540903,-
0$vkK3wTfFMuOTo$8Dd4Qy,Pipe Types:Uponor MLCP_Leiding wit 100m:3540906,-
0$vkK3wTfFMuOTo$8Dd4Qc,Pipe Types:Uponor MLCP_Leiding wit 100m:3540912,-
0$vkK3wTfFMuOTo$8Dd4Qa,Pipe Types:Uponor MLCP_Leiding wit 100m:3540914,-
0$vkK3wTfFMuOTo$8Dd4QY,Pipe Types:Uponor MLCP_Leiding wit 100m:3540916,-
0$vkK3wTfFMuOTo$8Dd4Qk,Pipe Types:Uponor MLCP_Leiding wit 100m:3540920,-
0$vkK3wTfFMuOTo$8Dd4Qi,Pipe Types:Uponor MLCP_Leiding wit 100m:3540922,-
0$vkK3wTfFMuOTo$8Dd4Qe,Pipe Types:Uponor MLCP_Leiding wit 100m:3540926,-
0$vkK3wTfFMuOTo$8Dd4RM,Pipe Types:Uponor MLCP_Leiding wit 100m:3540928,-
0$vkK3wTfFMuOTo$8Dd4RK,Pipe Types:Uponor MLCP_Leiding wit 100m:3540930,-
0$vkK3wTfFMuOTo$8Dd4R3,Pipe Types:Uponor MLCP_Leiding wit 100m:3540949,-
0$vkK3wTfFMuOTo$8Dd4R1,Pipe Types:Uponor MLCP_Leiding wit 100m:3540951,-
0$vkK3wTfFMuOTo$8Dd4RF,Pipe Types:Uponor MLCP_Leiding wit 100m:3540953,-
0$vkK3wTfFMuOTo$8Dd4Rr,Pipe Types:Uponor MLCP_Leiding wit 100m:3540963,-
0$vkK3wTfFMuOTo$8Dd4R_,Pipe Types:Uponor MLCP_Leiding wit 100m:3540968,-
0$vkK3wTfFMuOTo$8Dd4Rx,Pipe Types:Uponor MLCP_Leiding wit 100m:3540973,-
0$vkK3wTfFMuOTo$8Dd4RY,Pipe Types:Uponor MLCP_Leiding wit 100m:3540980,-
0$vkK3wTfFMuOTo$8Dd4RX,Pipe Types:Uponor MLCP_Leiding wit 100m:3540983,-
0$vkK3wTfFMuOTo$8Dd4Rg,Pipe Types:Uponor MLCP_Leiding wit 100m:3540988,-
0$vkK3wTfFMuOTo$8Dd4Rf,Pipe Types:Uponor MLCP_Leiding wit 100m:3540991,-
0$vkK3wTfFMuOTo$8Dd4aT,Pipe Types:Uponor MLCP_Leiding wit 100m:3541003,-
0$vkK3wTfFMuOTo$8Dd4aR,Pipe Types:Uponor MLCP_Leiding wit 100m:3541005,-
0$vkK3wTfFMuOTo$8Dd4a5,Pipe Types:Uponor MLCP_Leiding wit 100m:3541011,-
0$vkK3wTfFMuOTo$8Dd4a3,Pipe Types:Uponor MLCP_Leiding wit 100m:3541013,-
0$vkK3wTfFMuOTo$8Dd4a1,Pipe Types:Uponor MLCP_Leiding wit 100m:3541015,-
0$vkK3wTfFMuOTo$8Dd4aA,Pipe Types:Uponor MLCP_Leiding wit 100m:3541020,-
0$vkK3wTfFMuOTo$8Dd4ar,Pipe Types:Uponor MLCP_Leiding wit 100m:3541027,-
0$vkK3wTfFMuOTo$8Dd4an,Pipe Types:Uponor MLCP_Leiding wit 100m:3541031,-
0$vkK3wTfFMuOTo$8Dd4a$,Pipe Types:Uponor MLCP_Leiding wit 100m:3541033,-
0$vkK3wTfFMuOTo$8Dd4az,Pipe Types:Uponor MLCP_Leiding wit 100m:3541035,-
0$vkK3wTfFMuOTo$8Dd4ab,Pipe Types:Uponor MLCP_Leiding wit 100m:3541043,-
0$vkK3wTfFMuOTo$8Dd4aW,Pipe Types:Uponor MLCP_Leiding wit 100m:3541046,-
0$vkK3wTfFMuOTo$8Dd4al,Pipe Types:Uponor MLCP_Leiding wit 100m:3541049,-
0$vkK3wTfFMuOTo$8Dd4af,Pipe Types:Uponor MLCP_Leiding wit 100m:3541055,-
0$vkK3wTfFMuOTo$8Dd4bG,Pipe Types:Uponor MLCP_Leiding wit 100m:3541062,-
0$vkK3wTfFMuOTo$8Dd4bq,Pipe Types:Uponor MLCP_Leiding wit 100m:3541090,-
0$vkK3wTfFMuOTo$8Dd4b_,Pipe Types:Uponor MLCP_Leiding wit 100m:3541096,-
0$vkK3wTfFMuOTo$8Dd4bz,Pipe Types:Uponor MLCP_Leiding wit 100m:3541099,-
0$vkK3wTfFMuOTo$8Dd4bx,Pipe Types:Uponor MLCP_Leiding wit 100m:3541101,-
0$vkK3wTfFMuOTo$8Dd4bd,Pipe Types:Uponor MLCP_Leiding wit 100m:3541105,-
0$vkK3wTfFMuOTo$8Dd4bb,Pipe Types:Uponor MLCP_Leiding wit 100m:3541107,-
0$vkK3wTfFMuOTo$8Dd4bk,Pipe Types:Uponor MLCP_Leiding wit 100m:3541112,-
0$vkK3wTfFMuOTo$8Dd4bj,Pipe Types:Uponor MLCP_Leiding wit 100m:3541115,-
0$vkK3wTfFMuOTo$8Dd4cN,Pipe Types:Uponor MLCP_Leiding wit 100m:3541121,-
0$vkK3wTfFMuOTo$8Dd4cL,Pipe Types:Uponor MLCP_Leiding wit 100m:3541123,-
0$vkK3wTfFMuOTo$8Dd4cJ,Pipe Types:Uponor MLCP_Leiding wit 100m:3541125,-
0$vkK3wTfFMuOTo$8Dd4cV,Pipe Types:Uponor MLCP_Leiding wit 100m:3541129,-
0$vkK3wTfFMuOTo$8Dd4cT,Pipe Types:Uponor MLCP_Leiding wit 100m:3541131,-
0$vkK3wTfFMuOTo$8Dd4cP,Pipe Types:Uponor MLCP_Leiding wit 100m:3541135,-
0$vkK3wTfFMuOTo$8Dd4c7,Pipe Types:Uponor MLCP_Leiding wit 100m:3541137,-
0$vkK3wTfFMuOTo$8Dd4c5,Pipe Types:Uponor MLCP_Leiding wit 100m:3541139,-
0$vkK3wTfFMuOTo$8Dd4cm,Pipe Types:Uponor MLCP_Leiding wit 100m:3541158,-
0$vkK3wTfFMuOTo$8Dd4c_,Pipe Types:Uponor MLCP_Leiding wit 100m:3541160,-
0$vkK3wTfFMuOTo$8Dd4cy,Pipe Types:Uponor MLCP_Leiding wit 100m:3541162,-
0$vkK3wTfFMuOTo$8Dd4cY,Pipe Types:Uponor MLCP_Leiding wit 100m:3541172,-
0$vkK3wTfFMuOTo$8Dd4cl,Pipe Types:Uponor MLCP_Leiding wit 100m:3541177,-
0$vkK3wTfFMuOTo$8Dd4ce,Pipe Types:Uponor MLCP_Leiding wit 100m:3541182,-
0$vkK3wTfFMuOTo$8Dd4dJ,Pipe Types:Uponor MLCP_Leiding wit 100m:3541189,-
0$vkK3wTfFMuOTo$8Dd4dU,Pipe Types:Uponor MLCP_Leiding wit 100m:3541192,-
0$vkK3wTfFMuOTo$8Dd4dR,Pipe Types:Uponor MLCP_Leiding wit 100m:3541197,-
0$vkK3wTfFMuOTo$8Dd4d6,Pipe Types:Uponor MLCP_Leiding wit 100m:3541200,-
0$vkK3wTfFMuOTo$8Dd4dA,Pipe Types:Uponor MLCP_Leiding wit 100m:3541212,-
0$vkK3wTfFMuOTo$8Dd4d8,Pipe Types:Uponor MLCP_Leiding wit 100m:3541214,-
0$vkK3wTfFMuOTo$8Dd4do,Pipe Types:Uponor MLCP_Leiding wit 100m:3541220,-
0$vkK3wTfFMuOTo$8Dd4dm,Pipe Types:Uponor MLCP_Leiding wit 100m:3541222,-
0$vkK3wTfFMuOTo$8Dd4d_,Pipe Types:Uponor MLCP_Leiding wit 100m:3541224,-
0$vkK3wTfFMuOTo$8Dd4dx,Pipe Types:Uponor MLCP_Leiding wit 100m:3541229,-
0$vkK3wTfFMuOTo$8Dd4dY,Pipe Types:Uponor MLCP_Leiding wit 100m:3541236,-
0$vkK3wTfFMuOTo$8Dd4dk,Pipe Types:Uponor MLCP_Leiding wit 100m:3541240,-
0$vkK3wTfFMuOTo$8Dd4di,Pipe Types:Uponor MLCP_Leiding wit 100m:3541242,-
0$vkK3wTfFMuOTo$8Dd4dg,Pipe Types:Uponor MLCP_Leiding wit 100m:3541244,-
0$vkK3wTfFMuOTo$8Dd4WI,Pipe Types:Uponor MLCP_Leiding wit 100m:3541252,-
0$vkK3wTfFMuOTo$8Dd4WH,Pipe Types:Uponor MLCP_Leiding wit 100m:3541255,-
0$vkK3wTfFMuOTo$8Dd4WS,Pipe Types:Uponor MLCP_Leiding wit 100m:3541258,-
0$vkK3wTfFMuOTo$8Dd4W6,Pipe Types:Uponor MLCP_Leiding wit 100m:3541264,-
0$vkK3wTfFMuOTo$8Dd4W1,Pipe Types:Uponor MLCP_Leiding wit 100m:3541271,-
3yHAyniWL0rAAqbiS6DG3b,Pipe Types:Uponor MLCP_Leiding wit 100m:3542958,-
3yHAyniWL0rAAqbiS6DG3$,Pipe Types:Uponor MLCP_Leiding wit 100m:3542964,-
3yHAyniWL0rAAqbiS6DG3o,Pipe Types:Uponor MLCP_Leiding wit 100m:3542969,-
3yHAyniWL0rAAqbiS6DG3s,Pipe Types:Uponor MLCP_Leiding wit 100m:3542973,-
3yHAyniWL0rAAqbiS6DG3q,Pipe Types:Uponor MLCP_Leiding wit 100m:3542975,-
3yHAyniWL0rAAqbiS6DG2F,Pipe Types:Uponor MLCP_Leiding wit 100m:3542980,-
3yHAyniWL0rAAqbiS6DG2C,Pipe Types:Uponor MLCP_Leiding wit 100m:3542983,-
3yHAyniWL0rAAqbiS6DG26,Pipe Types:Uponor MLCP_Leiding wit 100m:3542989,-
3yHAyniWL0rAAqbiS6DG24,Pipe Types:Uponor MLCP_Leiding wit 100m:3542991,-
3yHAyniWL0rAAqbiS6DG2Q,Pipe Types:Uponor MLCP_Leiding wit 100m:3542993,-
3yHAyniWL0rAAqbiS6DG2U,Pipe Types:Uponor MLCP_Leiding wit 100m:3542997,-
3yHAyniWL0rAAqbiS6DG2S,Pipe Types:Uponor MLCP_Leiding wit 100m:3542999,-
3yHAyniWL0rAAqbiS6DG2G,Pipe Types:Uponor MLCP_Leiding wit 100m:3543003,-
3yHAyniWL0rAAqbiS6DG2M,Pipe Types:Uponor MLCP_Leiding wit 100m:3543005,-
3yHAyniWL0rAAqbiS6DG2K,Pipe Types:Uponor MLCP_Leiding wit 100m:3543007,-
3yHAyniWL0rAAqbiS6DG2c,Pipe Types:Uponor MLCP_Leiding wit 100m:3543021,-
3yHAyniWL0rAAqbiS6DG2a,Pipe Types:Uponor MLCP_Leiding wit 100m:3543023,-
3yHAyniWL0rAAqbiS6DG2w,Pipe Types:Uponor MLCP_Leiding wit 100m:3543025,-
3yHAyniWL0rAAqbiS6DG2u,Pipe Types:Uponor MLCP_Leiding wit 100m:3543027,-
3yHAyniWL0rAAqbiS6DG2o,Pipe Types:Uponor MLCP_Leiding wit 100m:3543033,-
3yHAyniWL0rAAqbiS6DHz8,Pipe Types:Uponor MLCP_Leiding wit 100m:3543043,-
3yHAyniWL0rAAqbiS6DHzV,Pipe Types:Uponor MLCP_Leiding wit 100m:3543060,-
3yHAyniWL0rAAqbiS6DHzK,Pipe Types:Uponor MLCP_Leiding wit 100m:3543071,-
3yHAyniWL0rAAqbiS6DHzf,Pipe Types:Uponor MLCP_Leiding wit 100m:3543074,-
3yHAyniWL0rAAqbiS6DHzj,Pipe Types:Uponor MLCP_Leiding wit 100m:3543078,-
3yHAyniWL0rAAqbiS6DHzZ,Pipe Types:Uponor MLCP_Leiding wit 100m:3543080,-
3yHAyniWL0rAAqbiS6DHzd,Pipe Types:Uponor MLCP_Leiding wit 100m:3543084,-
3yHAyniWL0rAAqbiS6DHzv,Pipe Types:Uponor MLCP_Leiding wit 100m:3543090,-
3yHAyniWL0rAAqbiS6DHz$,Pipe Types:Uponor MLCP_Leiding wit 100m:3543092,-
3yHAyniWL0rAAqbiS6DHzo,Pipe Types:Uponor MLCP_Leiding wit 100m:3543097,-
3yHAyniWL0rAAqbiS6DHzt,Pipe Types:Uponor MLCP_Leiding wit 100m:3543100,-
3yHAyniWL0rAAqbiS6DHy9,Pipe Types:Uponor MLCP_Leiding wit 100m:3543106,-
3yHAyniWL0rAAqbiS6DHyD,Pipe Types:Uponor MLCP_Leiding wit 100m:3543110,-
3yHAyniWL0rAAqbiS6DHy3,Pipe Types:Uponor MLCP_Leiding wit 100m:3543112,-
3yHAyniWL0rAAqbiS6DHy5,Pipe Types:Uponor MLCP_Leiding wit 100m:3543118,-
3yHAyniWL0rAAqbiS6DHyP,Pipe Types:Uponor MLCP_Leiding wit 100m:3543122,-
3yHAyniWL0rAAqbiS6DHyU,Pipe Types:Uponor MLCP_Leiding wit 100m:3543125,-
3yHAyniWL0rAAqbiS6DHyH,Pipe Types:Uponor MLCP_Leiding wit 100m:3543130,-
3yHAyniWL0rAAqbiS6DHye,Pipe Types:Uponor MLCP_Leiding wit 100m:3543139,-
3yHAyniWL0rAAqbiS6DHyr,Pipe Types:Uponor MLCP_Leiding wit 100m:3543166,-
3yHAyniWL0rAAqbiS6DH$F,Pipe Types:Uponor MLCP_Leiding wit 100m:3543172,-
3yHAyniWL0rAAqbiS6DH$2,Pipe Types:Uponor MLCP_Leiding wit 100m:3543177,-
3yHAyniWL0rAAqbiS6DH$6,Pipe Types:Uponor MLCP_Leiding wit 100m:3543181,-
3yHAyniWL0rAAqbiS6DH$4,Pipe Types:Uponor MLCP_Leiding wit 100m:3543183,-
3yHAyniWL0rAAqbiS6DH$V,Pipe Types:Uponor MLCP_Leiding wit 100m:3543188,-
3yHAyniWL0rAAqbiS6DH$S,Pipe Types:Uponor MLCP_Leiding wit 100m:3543191,-
3yHAyniWL0rAAqbiS6DH$M,Pipe Types:Uponor MLCP_Leiding wit 100m:3543197,-
3yHAyniWL0rAAqbiS6DH$K,Pipe Types:Uponor MLCP_Leiding wit 100m:3543199,-
3yHAyniWL0rAAqbiS6DH$g,Pipe Types:Uponor MLCP_Leiding wit 100m:3543201,-
3yHAyniWL0rAAqbiS6DH$k,Pipe Types:Uponor MLCP_Leiding wit 100m:3543205,-
3yHAyniWL0rAAqbiS6DH$i,Pipe Types:Uponor MLCP_Leiding wit 100m:3543207,-
3yHAyniWL0rAAqbiS6DH$W,Pipe Types:Uponor MLCP_Leiding wit 100m:3543211,-
3yHAyniWL0rAAqbiS6DH$c,Pipe Types:Uponor MLCP_Leiding wit 100m:3543213,-
3yHAyniWL0rAAqbiS6DH$a,Pipe Types:Uponor MLCP_Leiding wit 100m:3543215,-
3yHAyniWL0rAAqbiS6DH$s,Pipe Types:Uponor MLCP_Leiding wit 100m:3543229,-
3yHAyniWL0rAAqbiS6DH$q,Pipe Types:Uponor MLCP_Leiding wit 100m:3543231,-
3yHAyniWL0rAAqbiS6DH_A,Pipe Types:Uponor MLCP_Leiding wit 100m:3543233,-
3yHAyniWL0rAAqbiS6DH_8,Pipe Types:Uponor MLCP_Leiding wit 100m:3543235,-
3yHAyniWL0rAAqbiS6DH_2,Pipe Types:Uponor MLCP_Leiding wit 100m:3543241,-
3yHAyniWL0rAAqbiS6DH_O,Pipe Types:Uponor MLCP_Leiding wit 100m:3543251,-
3yHAyniWL0rAAqbiS6DH_l,Pipe Types:Uponor MLCP_Leiding wit 100m:3543268,-
3yHAyniWL0rAAqbiS6DH_a,Pipe Types:Uponor MLCP_Leiding wit 100m:3543279,-
3yHAyniWL0rAAqbiS6DH_v,Pipe Types:Uponor MLCP_Leiding wit 100m:3543282,-
3yHAyniWL0rAAqbiS6DH_z,Pipe Types:Uponor MLCP_Leiding wit 100m:3543286,-
3yHAyniWL0rAAqbiS6DH_p,Pipe Types:Uponor MLCP_Leiding wit 100m:3543288,-
3yHAyniWL0rAAqbiS6DH_t,Pipe Types:Uponor MLCP_Leiding wit 100m:3543292,-
3yHAyniWL0rAAqbiS6DHv9,Pipe Types:Uponor MLCP_Leiding wit 100m:3543298,-
3yHAyniWL0rAAqbiS6DHvF,Pipe Types:Uponor MLCP_Leiding wit 100m:3543300,-
3yHAyniWL0rAAqbiS6DHv2,Pipe Types:Uponor MLCP_Leiding wit 100m:3543305,-
3yHAyniWL0rAAqbiS6DHv7,Pipe Types:Uponor MLCP_Leiding wit 100m:3543308,-
3yHAyniWL0rAAqbiS6DHvP,Pipe Types:Uponor MLCP_Leiding wit 100m:3543314,-
3yHAyniWL0rAAqbiS6DHvT,Pipe Types:Uponor MLCP_Leiding wit 100m:3543318,-
3yHAyniWL0rAAqbiS6DHvJ,Pipe Types:Uponor MLCP_Leiding wit 100m:3543320,-
3yHAyniWL0rAAqbiS6DHvL,Pipe Types:Uponor MLCP_Leiding wit 100m:3543326,-
3yHAyniWL0rAAqbiS6DHvf,Pipe Types:Uponor MLCP_Leiding wit 100m:3543330,-
3yHAyniWL0rAAqbiS6DHvk,Pipe Types:Uponor MLCP_Leiding wit 100m:3543333,-
3yHAyniWL0rAAqbiS6DHvX,Pipe Types:Uponor MLCP_Leiding wit 100m:3543338,-
3yHAyniWL0rAAqbiS6DHvu,Pipe Types:Uponor MLCP_Leiding wit 100m:3543347,-
3yHAyniWL0rAAqbiS6DHu5,Pipe Types:Uponor MLCP_Leiding wit 100m:3543374,-
3yHAyniWL0rAAqbiS6DHuV,Pipe Types:Uponor MLCP_Leiding wit 100m:3543380,-
3yHAyniWL0rAAqbiS6DHuI,Pipe Types:Uponor MLCP_Leiding wit 100m:3543385,-
3yHAyniWL0rAAqbiS6DHuM,Pipe Types:Uponor MLCP_Leiding wit 100m:3543389,-
3yHAyniWL0rAAqbiS6DHuK,Pipe Types:Uponor MLCP_Leiding wit 100m:3543391,-
3yHAyniWL0rAAqbiS6DHul,Pipe Types:Uponor MLCP_Leiding wit 100m:3543396,-
3yHAyniWL0rAAqbiS6DHui,Pipe Types:Uponor MLCP_Leiding wit 100m:3543399,-
3yHAyniWL0rAAqbiS6DHuc,Pipe Types:Uponor MLCP_Leiding wit 100m:3543405,-
3yHAyniWL0rAAqbiS6DHua,Pipe Types:Uponor MLCP_Leiding wit 100m:3543407,-
3yHAyniWL0rAAqbiS6DHuw,Pipe Types:Uponor MLCP_Leiding wit 100m:3543409,-
3yHAyniWL0rAAqbiS6DHu_,Pipe Types:Uponor MLCP_Leiding wit 100m:3543413,-
3yHAyniWL0rAAqbiS6DHuy,Pipe Types:Uponor MLCP_Leiding wit 100m:3543415,-
3yHAyniWL0rAAqbiS6DHum,Pipe Types:Uponor MLCP_Leiding wit 100m:3543419,-
3yHAyniWL0rAAqbiS6DHus,Pipe Types:Uponor MLCP_Leiding wit 100m:3543421,-
3yHAyniWL0rAAqbiS6DHuq,Pipe Types:Uponor MLCP_Leiding wit 100m:3543423,-
3yHAyniWL0rAAqbiS6DHx6,Pipe Types:Uponor MLCP_Leiding wit 100m:3543437,-
3yHAyniWL0rAAqbiS6DHx4,Pipe Types:Uponor MLCP_Leiding wit 100m:3543439,-
3yHAyniWL0rAAqbiS6DHxQ,Pipe Types:Uponor MLCP_Leiding wit 100m:3543441,-
3yHAyniWL0rAAqbiS6DHxO,Pipe Types:Uponor MLCP_Leiding wit 100m:3543443,-
3yHAyniWL0rAAqbiS6DHxI,Pipe Types:Uponor MLCP_Leiding wit 100m:3543449,-
3yHAyniWL0rAAqbiS6DHxe,Pipe Types:Uponor MLCP_Leiding wit 100m:3543459,-
3yHAyniWL0rAAqbiS6DHx$,Pipe Types:Uponor MLCP_Leiding wit 100m:3543476,-
3yHAyniWL0rAAqbiS6DHxq,Pipe Types:Uponor MLCP_Leiding wit 100m:3543487,-
3yHAyniWL0rAAqbiS6DHw9,Pipe Types:Uponor MLCP_Leiding wit 100m:3543490,-
3yHAyniWL0rAAqbiS6DHwD,Pipe Types:Uponor MLCP_Leiding wit 100m:3543494,-
3yHAyniWL0rAAqbiS6DHw3,Pipe Types:Uponor MLCP_Leiding wit 100m:3543496,-
3yHAyniWL0rAAqbiS6DHw7,Pipe Types:Uponor MLCP_Leiding wit 100m:3543500,-
3yHAyniWL0rAAqbiS6DHwP,Pipe Types:Uponor MLCP_Leiding wit 100m:3543506,-
3yHAyniWL0rAAqbiS6DHwV,Pipe Types:Uponor MLCP_Leiding wit 100m:3543508,-
3yHAyniWL0rAAqbiS6DHwI,Pipe Types:Uponor MLCP_Leiding wit 100m:3543513,-
3yHAyniWL0rAAqbiS6DHwN,Pipe Types:Uponor MLCP_Leiding wit 100m:3543516,-
3yHAyniWL0rAAqbiS6DHwf,Pipe Types:Uponor MLCP_Leiding wit 100m:3543522,-
3yHAyniWL0rAAqbiS6DHwj,Pipe Types:Uponor MLCP_Leiding wit 100m:3543526,-
3yHAyniWL0rAAqbiS6DHwZ,Pipe Types:Uponor MLCP_Leiding wit 100m:3543528,-
3yHAyniWL0rAAqbiS6DHwb,Pipe Types:Uponor MLCP_Leiding wit 100m:3543534,-
3yHAyniWL0rAAqbiS6DHwv,Pipe Types:Uponor MLCP_Leiding wit 100m:3543538,-
3yHAyniWL0rAAqbiS6DHw_,Pipe Types:Uponor MLCP_Leiding wit 100m:3543541,-
3yHAyniWL0rAAqbiS6DHwn,Pipe Types:Uponor MLCP_Leiding wit 100m:3543546,-
3yHAyniWL0rAAqbiS6DHr8,Pipe Types:Uponor MLCP_Leiding wit 100m:3543555,-
3yHAyniWL0rAAqbiS6DHHN,Pipe Types:Uponor MLCP_Leiding wit 100m:3545884,-
3yHAyniWL0rAAqbiS6DHHL,Pipe Types:Uponor MLCP_Leiding wit 100m:3545886,-
3yHAyniWL0rAAqbiS6DHHZ,Pipe Types:Uponor MLCP_Leiding wit 100m:3545896,-
3yHAyniWL0rAAqbiS6DHHX,Pipe Types:Uponor MLCP_Leiding wit 100m:3545898,-
3yHAyniWL0rAAqbiS6DHH$,Pipe Types:Uponor MLCP_Leiding wit 100m:3545908,-
3yHAyniWL0rAAqbiS6DHHz,Pipe Types:Uponor MLCP_Leiding wit 100m:3545910,-
3yHAyniWL0rAAqbiS6DHGB,Pipe Types:Uponor MLCP_Leiding wit 100m:3545920,-
3yHAyniWL0rAAqbiS6DHG9,Pipe Types:Uponor MLCP_Leiding wit 100m:3545922,-
3yHAyniWL0rAAqbiS6DHG7,Pipe Types:Uponor MLCP_Leiding wit 100m:3545932,-
3yHAyniWL0rAAqbiS6DHG5,Pipe Types:Uponor MLCP_Leiding wit 100m:3545934,-
3yHAyniWL0rAAqbiS6DHGJ,Pipe Types:Uponor MLCP_Leiding wit 100m:3545944,-
3yHAyniWL0rAAqbiS6DHGH,Pipe Types:Uponor MLCP_Leiding wit 100m:3545946,-
3yHAyniWL0rAAqbiS6DHGl,Pipe Types:Uponor MLCP_Leiding wit 100m:3545956,-
3yHAyniWL0rAAqbiS6DHGj,Pipe Types:Uponor MLCP_Leiding wit 100m:3545958,-
3yHAyniWL0rAAqbiS6DHGx,Pipe Types:Uponor MLCP_Leiding wit 100m:3545968,-
3yHAyniWL0rAAqbiS6DHGv,Pipe Types:Uponor MLCP_Leiding wit 100m:3545970,-
3yHAyniWL0rAAqbiS6DHGt,Pipe Types:Uponor MLCP_Leiding wit 100m:3545980,-
3yHAyniWL0rAAqbiS6DHGr,Pipe Types:Uponor MLCP_Leiding wit 100m:3545982,-
3yHAyniWL0rAAqbiS6DHJ3,Pipe Types:Uponor MLCP_Leiding wit 100m:3545992,-
3yHAyniWL0rAAqbiS6DHJ1,Pipe Types:Uponor MLCP_Leiding wit 100m:3545994,-
3yHAyniWL0rAAqbiS6DHJV,Pipe Types:Uponor MLCP_Leiding wit 100m:3546004,-
3yHAyniWL0rAAqbiS6DHJT,Pipe Types:Uponor MLCP_Leiding wit 100m:3546006,-
3yHAyniWL0rAAqbiS6DHJh,Pipe Types:Uponor MLCP_Leiding wit 100m:3546016,-
3yHAyniWL0rAAqbiS6DHJf,Pipe Types:Uponor MLCP_Leiding wit 100m:3546018,-
3yHAyniWL0rAAqbiS6DH2s,Pipe Types:Uponor MLCP_Leiding wit 100m:3547133,-
3yHAyniWL0rAAqbiS6DIzF,Pipe Types:Uponor MLCP_Leiding wit 100m:3547140,-
3yHAyniWL0rAAqbiS6DIz0,Pipe Types:Uponor MLCP_Leiding wit 100m:3547147,-
3yHAyniWL0rAAqbiS6DIzP,Pipe Types:Uponor MLCP_Leiding wit 100m:3547154,-
3yHAyniWL0rAAqbiS6DIzI,Pipe Types:Uponor MLCP_Leiding wit 100m:3547161,-
3yHAyniWL0rAAqbiS6DIzh,Pipe Types:Uponor MLCP_Leiding wit 100m:3547168,-
3yHAyniWL0rAAqbiS6DIzi,Pipe Types:Uponor MLCP_Leiding wit 100m:3547175,-
3yHAyniWL0rAAqbiS6DIzb,Pipe Types:Uponor MLCP_Leiding wit 100m:3547182,-
3yHAyniWL0rAAqbiS6DIz_,Pipe Types:Uponor MLCP_Leiding wit 100m:3547189,-
3yHAyniWL0rAAqbiS6DIzt,Pipe Types:Uponor MLCP_Leiding wit 100m:3547196,-
3yHAyniWL0rAAqbiS6DIy8,Pipe Types:Uponor MLCP_Leiding wit 100m:3547203,-
3yHAyniWL0rAAqbiS6DIy1,Pipe Types:Uponor MLCP_Leiding wit 100m:3547210,-
3yHAyniWL0rAAqbiS6DIiB,Pipe Types:Uponor MLCP_Leiding wit 100m:3548224,-
3yHAyniWL0rAAqbiS6DIiD,Pipe Types:Uponor MLCP_Leiding wit 100m:3548230,-
3yHAyniWL0rAAqbiS6DIi0,Pipe Types:Uponor MLCP_Leiding wit 100m:3548235,-
3yHAyniWL0rAAqbiS6DIi4,Pipe Types:Uponor MLCP_Leiding wit 100m:3548239,-
3yHAyniWL0rAAqbiS6DIiQ,Pipe Types:Uponor MLCP_Leiding wit 100m:3548241,-
3yHAyniWL0rAAqbiS6DIiT,Pipe Types:Uponor MLCP_Leiding wit 100m:3548246,-
3yHAyniWL0rAAqbiS6DIiI,Pipe Types:Uponor MLCP_Leiding wit 100m:3548249,-
3yHAyniWL0rAAqbiS6DIiK,Pipe Types:Uponor MLCP_Leiding wit 100m:3548255,-
3yHAyniWL0rAAqbiS6DIig,Pipe Types:Uponor MLCP_Leiding wit 100m:3548257,-
3yHAyniWL0rAAqbiS6DIie,Pipe Types:Uponor MLCP_Leiding wit 100m:3548259,-
3yHAyniWL0rAAqbiS6DIii,Pipe Types:Uponor MLCP_Leiding wit 100m:3548263,-
3yHAyniWL0rAAqbiS6DIiY,Pipe Types:Uponor MLCP_Leiding wit 100m:3548265,-
3yHAyniWL0rAAqbiS6DIic,Pipe Types:Uponor MLCP_Leiding wit 100m:3548269,-
3yHAyniWL0rAAqbiS6DIia,Pipe Types:Uponor MLCP_Leiding wit 100m:3548271,-
3yHAyniWL0rAAqbiS6DIiw,Pipe Types:Uponor MLCP_Leiding wit 100m:3548273,-
3yHAyniWL0rAAqbiS6DIiq,Pipe Types:Uponor MLCP_Leiding wit 100m:3548287,-
3yHAyniWL0rAAqbiS6DIlA,Pipe Types:Uponor MLCP_Leiding wit 100m:3548289,-
3yHAyniWL0rAAqbiS6DIl8,Pipe Types:Uponor MLCP_Leiding wit 100m:3548291,-
3yHAyniWL0rAAqbiS6DIlE,Pipe Types:Uponor MLCP_Leiding wit 100m:3548293,-
3yHAyniWL0rAAqbiS6DIl0,Pipe Types:Uponor MLCP_Leiding wit 100m:3548299,-
3yHAyniWL0rAAqbiS6DIlU,Pipe Types:Uponor MLCP_Leiding wit 100m:3548309,-
3yHAyniWL0rAAqbiS6DIlj,Pipe Types:Uponor MLCP_Leiding wit 100m:3548326,-
3yHAyniWL0rAAqbiS6DIla,Pipe Types:Uponor MLCP_Leiding wit 100m:3548335,-
3yHAyniWL0rAAqbiS6DIlv,Pipe Types:Uponor MLCP_Leiding wit 100m:3548338,-
3yHAyniWL0rAAqbiS6DIlz,Pipe Types:Uponor MLCP_Leiding wit 100m:3548342,-
3yHAyniWL0rAAqbiS6DIlp,Pipe Types:Uponor MLCP_Leiding wit 100m:3548344,-
3yHAyniWL0rAAqbiS6DIlt,Pipe Types:Uponor MLCP_Leiding wit 100m:3548348,-
3yHAyniWL0rAAqbiS6DIk9,Pipe Types:Uponor MLCP_Leiding wit 100m:3548354,-
3yHAyniWL0rAAqbiS6DIkF,Pipe Types:Uponor MLCP_Leiding wit 100m:3548356,-
3yHAyniWL0rAAqbiS6DIk2,Pipe Types:Uponor MLCP_Leiding wit 100m:3548361,-
3yHAyniWL0rAAqbiS6DIk7,Pipe Types:Uponor MLCP_Leiding wit 100m:3548364,-
3yHAyniWL0rAAqbiS6DIkP,Pipe Types:Uponor MLCP_Leiding wit 100m:3548370,-
3yHAyniWL0rAAqbiS6DIkT,Pipe Types:Uponor MLCP_Leiding wit 100m:3548374,-
3yHAyniWL0rAAqbiS6DIkJ,Pipe Types:Uponor MLCP_Leiding wit 100m:3548376,-
3yHAyniWL0rAAqbiS6DIkL,Pipe Types:Uponor MLCP_Leiding wit 100m:3548382,-
3yHAyniWL0rAAqbiS6DIkf,Pipe Types:Uponor MLCP_Leiding wit 100m:3548386,-
3yHAyniWL0rAAqbiS6DIkk,Pipe Types:Uponor MLCP_Leiding wit 100m:3548389,-
3yHAyniWL0rAAqbiS6DIkX,Pipe Types:Uponor MLCP_Leiding wit 100m:3548394,-
3yHAyniWL0rAAqbiS6DIku,Pipe Types:Uponor MLCP_Leiding wit 100m:3548403,-
3yHAyniWL0rAAqbiS6DIkz,Pipe Types:Uponor MLCP_Leiding wit 100m:3548406,-
3yHAyniWL0rAAqbiS6DIkp,Pipe Types:Uponor MLCP_Leiding wit 100m:3548408,-
3yHAyniWL0rAAqbiS6DIkt,Pipe Types:Uponor MLCP_Leiding wit 100m:3548412,-
3yHAyniWL0rAAqbiS6DIfJ,Pipe Types:Uponor MLCP_Leiding wit 100m:3548440,-
3yHAyniWL0rAAqbiS6DIfL,Pipe Types:Uponor MLCP_Leiding wit 100m:3548446,-
3yHAyniWL0rAAqbiS6DIfe,Pipe Types:Uponor MLCP_Leiding wit 100m:3548451,-
3yHAyniWL0rAAqbiS6DIfi,Pipe Types:Uponor MLCP_Leiding wit 100m:3548455,-
3yHAyniWL0rAAqbiS6DIfY,Pipe Types:Uponor MLCP_Leiding wit 100m:3548457,-
3yHAyniWL0rAAqbiS6DIfb,Pipe Types:Uponor MLCP_Leiding wit 100m:3548462,-
3yHAyniWL0rAAqbiS6DIfw,Pipe Types:Uponor MLCP_Leiding wit 100m:3548465,-
3yHAyniWL0rAAqbiS6DIfy,Pipe Types:Uponor MLCP_Leiding wit 100m:3548471,-
3yHAyniWL0rAAqbiS6DIfo,Pipe Types:Uponor MLCP_Leiding wit 100m:3548473,-
3yHAyniWL0rAAqbiS6DIfm,Pipe Types:Uponor MLCP_Leiding wit 100m:3548475,-
3yHAyniWL0rAAqbiS6DIfq,Pipe Types:Uponor MLCP_Leiding wit 100m:3548479,-
3yHAyniWL0rAAqbiS6DIeA,Pipe Types:Uponor MLCP_Leiding wit 100m:3548481,-
3yHAyniWL0rAAqbiS6DIeE,Pipe Types:Uponor MLCP_Leiding wit 100m:3548485,-
3yHAyniWL0rAAqbiS6DIeC,Pipe Types:Uponor MLCP_Leiding wit 100m:3548487,-
3yHAyniWL0rAAqbiS6DIe2,Pipe Types:Uponor MLCP_Leiding wit 100m:3548489,-
3yHAyniWL0rAAqbiS6DIeS,Pipe Types:Uponor MLCP_Leiding wit 100m:3548503,-
3yHAyniWL0rAAqbiS6DIeI,Pipe Types:Uponor MLCP_Leiding wit 100m:3548505,-
3yHAyniWL0rAAqbiS6DIeG,Pipe Types:Uponor MLCP_Leiding wit 100m:3548507,-
3yHAyniWL0rAAqbiS6DIeM,Pipe Types:Uponor MLCP_Leiding wit 100m:3548509,-
3yHAyniWL0rAAqbiS6DIee,Pipe Types:Uponor MLCP_Leiding wit 100m:3548515,-
3yHAyniWL0rAAqbiS6DIec,Pipe Types:Uponor MLCP_Leiding wit 100m:3548525,-
3yHAyniWL0rAAqbiS6DIer,Pipe Types:Uponor MLCP_Leiding wit 100m:3548542,-
3yHAyniWL0rAAqbiS6DIhC,Pipe Types:Uponor MLCP_Leiding wit 100m:3548551,-
3yHAyniWL0rAAqbiS6DIh1,Pipe Types:Uponor MLCP_Leiding wit 100m:3548554,-
3yHAyniWL0rAAqbiS6DIh5,Pipe Types:Uponor MLCP_Leiding wit 100m:3548558,-
3yHAyniWL0rAAqbiS6DIhR,Pipe Types:Uponor MLCP_Leiding wit 100m:3548560,-
3yHAyniWL0rAAqbiS6DIhV,Pipe Types:Uponor MLCP_Leiding wit 100m:3548564,-
3yHAyniWL0rAAqbiS6DIhH,Pipe Types:Uponor MLCP_Leiding wit 100m:3548570,-
3yHAyniWL0rAAqbiS6DIhN,Pipe Types:Uponor MLCP_Leiding wit 100m:3548572,-
3yHAyniWL0rAAqbiS6DIhg,Pipe Types:Uponor MLCP_Leiding wit 100m:3548577,-
3yHAyniWL0rAAqbiS6DIhl,Pipe Types:Uponor MLCP_Leiding wit 100m:3548580,-
3yHAyniWL0rAAqbiS6DIhX,Pipe Types:Uponor MLCP_Leiding wit 100m:3548586,-
3yHAyniWL0rAAqbiS6DIhb,Pipe Types:Uponor MLCP_Leiding wit 100m:3548590,-
3yHAyniWL0rAAqbiS6DIhx,Pipe Types:Uponor MLCP_Leiding wit 100m:3548592,-
3yHAyniWL0rAAqbiS6DIhz,Pipe Types:Uponor MLCP_Leiding wit 100m:3548598,-
3yHAyniWL0rAAqbiS6DIhn,Pipe Types:Uponor MLCP_Leiding wit 100m:3548602,-
3yHAyniWL0rAAqbiS6DIhs,Pipe Types:Uponor MLCP_Leiding wit 100m:3548605,-
3yHAyniWL0rAAqbiS6DIg9,Pipe Types:Uponor MLCP_Leiding wit 100m:3548610,-
3yHAyniWL0rAAqbiS6DIg0,Pipe Types:Uponor MLCP_Leiding wit 100m:3548619,-
3yHAyniWL0rAAqbiS6DIg5,Pipe Types:Uponor MLCP_Leiding wit 100m:3548622,-
3yHAyniWL0rAAqbiS6DIgR,Pipe Types:Uponor MLCP_Leiding wit 100m:3548624,-
3yHAyniWL0rAAqbiS6DIgV,Pipe Types:Uponor MLCP_Leiding wit 100m:3548628,-
3yHAyniWL0rAAqbiS6DIUi,Pipe Types:Uponor MLCP_Leiding wit 100m:3549415,-
3yHAyniWL0rAAqbiS6DIPH,Pipe Types:Uponor MLCP_Leiding wit 100m:3549466,-
3yHAyniWL0rAAqbiS6DIPm,Pipe Types:Uponor MLCP_Leiding wit 100m:3549499,-
3yHAyniWL0rAAqbiS6DIOE,Pipe Types:Uponor MLCP_Leiding wit 100m:3549509,-
3yHAyniWL0rAAqbiS6DIOH,Pipe Types:Uponor MLCP_Leiding wit 100m:3549530,-
3yHAyniWL0rAAqbiS6DIOl,Pipe Types:Uponor MLCP_Leiding wit 100m:3549540,-
3EWNPNQj1C_h6Wky2bVM22,Pipe Types:Uponor MLCP_Leiding wit 100m:3550058,-
3EWNPNQj1C_h6Wky2bVM1a,Pipe Types:Uponor MLCP_Leiding wit 100m:3550092,-
3EWNPNQj1C_h6Wky2bVMK7,Pipe Types:Uponor MLCP_Leiding wit 100m:3550959,-
3EWNPNQj1C_h6Wky2bVMJu,Pipe Types:Uponor MLCP_Leiding wit 100m:3550992,-
3EWNPNQj1C_h6Wky2bVMI1,Pipe Types:Uponor MLCP_Leiding wit 100m:3551081,-
3EWNPNQj1C_h6Wky2bVMIU,Pipe Types:Uponor MLCP_Leiding wit 100m:3551094,-
3EWNPNQj1C_h6Wky2bVNjd,Pipe Types:Uponor MLCP_Leiding wit 100m:3551375,-
3EWNPNQj1C_h6Wky2bVNd_,Pipe Types:Uponor MLCP_Leiding wit 100m:3551766,-
34c3Y3LAb3rR1CGLnXRSq1,Pipe Types:Uponor MLCP_Leiding wit 100m:3552218,-
34c3Y3LAb3rR1CGLnXRSqz,Pipe Types:Uponor MLCP_Leiding wit 100m:3552230,-
0ZcSYtdFr9zw0dIkpdaCUO,Pipe Types:Uponor MLCP_Leiding wit 100m:3552497,-
0ZcSYtdFr9zw0dIkpdaCR7,Pipe Types:Uponor MLCP_Leiding wit 100m:3552686,-
0ZcSYtdFr9zw0dIkpdaCRP,Pipe Types:Uponor MLCP_Leiding wit 100m:3552688,-
0ZcSYtdFr9zw0dIkpdaCRS,Pipe Types:Uponor MLCP_Leiding wit 100m:3552693,-
0ZcSYtdFr9zw0dIkpdaCQf,Pipe Types:Uponor MLCP_Leiding wit 100m:3552704,-
0ZcSYtdFr9zw0dIkpdaCQh,Pipe Types:Uponor MLCP_Leiding wit 100m:3552706,-
0ZcSYtdFr9zw0dIkpdaCN8,Pipe Types:Uponor MLCP_Leiding wit 100m:3552929,-
0ZcSYtdFr9zw0dIkpdaCMc,Pipe Types:Uponor MLCP_Leiding wit 100m:3552975,-
0ZcSYtdFr9zw0dIkpdaCHa,Pipe Types:Uponor MLCP_Leiding wit 100m:3553037,-
0ZcSYtdFr9zw0dIkpdaCGk,Pipe Types:Uponor MLCP_Leiding wit 100m:3553095,-
0ZcSYtdFr9zw0dIkpdaCJi,Pipe Types:Uponor MLCP_Leiding wit 100m:3553157,-
0ZcSYtdFr9zw0dIkpdaCJa,Pipe Types:Uponor MLCP_Leiding wit 100m:3553165,-
0ZcSYtdFr9zw0dIkpdaCJT,Pipe Types:Uponor MLCP_Leiding wit 100m:3553204,-
0ZcSYtdFr9zw0dIkpdaCl6,Pipe Types:Uponor MLCP_Leiding wit 100m:3553455,-
0ZcSYtdFr9zw0dIkpdaCk3,Pipe Types:Uponor MLCP_Leiding wit 100m:3553514,-
0ZcSYtdFr9zw0dIkpdaCfj,Pipe Types:Uponor MLCP_Leiding wit 100m:3553540,-
0ZcSYtdFr9zw0dIkpdaCfT,Pipe Types:Uponor MLCP_Leiding wit 100m:3553588,-
0ZcSYtdFr9zw0dIkpdaCej,Pipe Types:Uponor MLCP_Leiding wit 100m:3553604,-
0ZcSYtdFr9zw0dIkpdaCeb,Pipe Types:Uponor MLCP_Leiding wit 100m:3553612,-
0ZcSYtdFr9zw0dIkpdaChe,Pipe Types:Uponor MLCP_Leiding wit 100m:3553665,-
0ZcSYtdFr9zw0dIkpdaCh_,Pipe Types:Uponor MLCP_Leiding wit 100m:3553687,-
0ZcSYtdFr9zw0dIkpdaChH,Pipe Types:Uponor MLCP_Leiding wit 100m:3553720,-
0ZcSYtdFr9zw0dIkpdaCbX,Pipe Types:Uponor MLCP_Leiding wit 100m:3553800,-
0ZcSYtdFr9zw0dIkpdaCbv,Pipe Types:Uponor MLCP_Leiding wit 100m:3553808,-
0ZcSYtdFr9zw0dIkpdaCbp,Pipe Types:Uponor MLCP_Leiding wit 100m:3553818,-
0ZcSYtdFr9zw0dIkpdaCar,Pipe Types:Uponor MLCP_Leiding wit 100m:3553884,-
0ZcSYtdFr9zw0dIkpdaCzL,Pipe Types:Uponor MLCP_Leiding wit 100m:3554364,-
0ZcSYtdFr9zw0dIkpdaCuO,Pipe Types:Uponor MLCP_Leiding wit 100m:3554673,-
0ZcSYtdFr9zw0dIkpdaCx0,Pipe Types:Uponor MLCP_Leiding wit 100m:3554729,-
0ZcSYtdFr9zw0dIkpdaCxO,Pipe Types:Uponor MLCP_Leiding wit 100m:3554737,-
0ZcSYtdFr9zw0dIkpdaCta,Pipe Types:Uponor MLCP_Leiding wit 100m:3554957,-
0ZcSYtdFr9zw0dIkpdaCtn,Pipe Types:Uponor MLCP_Leiding wit 100m:3554968,-
29P62Qp2zCuRo_HRFxrBoc,Pipe Types:Uponor MLCP_Leiding wit 100m:3555354,-
2FgvnmQcX2bh$jLuFZeUzO,Pipe Types:Uponor MLCP_Leiding wit 100m:3557303,-
2FgvnmQcX2bh$jLuFZeUzK,Pipe Types:Uponor MLCP_Leiding wit 100m:3557307,-
2FgvnmQcX2bh$jLuFZeUzG,Pipe Types:Uponor MLCP_Leiding wit 100m:3557311,-
2FgvnmQcX2bh$jLuFZeUyk,Pipe Types:Uponor MLCP_Leiding wit 100m:3557313,-
2FgvnmQcX2bh$jLuFZeUyi,Pipe Types:Uponor MLCP_Leiding wit 100m:3557315,-
2FgvnmQcX2bh$jLuFZeUyg,Pipe Types:Uponor MLCP_Leiding wit 100m:3557317,-
2FgvnmQcX2bh$jLuFZeUyX,Pipe Types:Uponor MLCP_Leiding wit 100m:3557326,-
2FgvnmQcX2bh$jLuFZeUyz,Pipe Types:Uponor MLCP_Leiding wit 100m:3557330,-
2FgvnmQcX2bh$jLuFZeUyq,Pipe Types:Uponor MLCP_Leiding wit 100m:3557339,-
2FgvnmQcX2bh$jLuFZeUym,Pipe Types:Uponor MLCP_Leiding wit 100m:3557343,-
2FgvnmQcX2bh$jLuFZeUyA,Pipe Types:Uponor MLCP_Leiding wit 100m:3557349,-
2FgvnmQcX2bh$jLuFZeUy7,Pipe Types:Uponor MLCP_Leiding wit 100m:3557352,-
2FgvnmQcX2bh$jLuFZeUy1,Pipe Types:Uponor MLCP_Leiding wit 100m:3557358,-
2FgvnmQcX2bh$jLuFZeUyQ,Pipe Types:Uponor MLCP_Leiding wit 100m:3557365,-
2FgvnmQcX2bh$jLuFZeUyL,Pipe Types:Uponor MLCP_Leiding wit 100m:3557370,-
2FgvnmQcX2bh$jLuFZeUyJ,Pipe Types:Uponor MLCP_Leiding wit 100m:3557372,-
2FgvnmQcX2bh$jLuFZeU3i,Pipe Types:Uponor MLCP_Leiding wit 100m:3557379,-
2FgvnmQcX2bh$jLuFZeU3g,Pipe Types:Uponor MLCP_Leiding wit 100m:3557381,-
2FgvnmQcX2bh$jLuFZeU3e,Pipe Types:Uponor MLCP_Leiding wit 100m:3557383,-
2FgvnmQcX2bh$jLuFZeU3c,Pipe Types:Uponor MLCP_Leiding wit 100m:3557385,-
2FgvnmQcX2bh$jLuFZeU3X,Pipe Types:Uponor MLCP_Leiding wit 100m:3557390,-
2FgvnmQcX2bh$jLuFZeU3y,Pipe Types:Uponor MLCP_Leiding wit 100m:3557395,-
2FgvnmQcX2bh$jLuFZeU3w,Pipe Types:Uponor MLCP_Leiding wit 100m:3557397,-
2FgvnmQcX2bh$jLuFZeU3o,Pipe Types:Uponor MLCP_Leiding wit 100m:3557405,-
2FgvnmQcX2bh$jLuFZeU35,Pipe Types:Uponor MLCP_Leiding wit 100m:3557418,-
2FgvnmQcX2bh$jLuFZeU3U,Pipe Types:Uponor MLCP_Leiding wit 100m:3557425,-
2FgvnmQcX2bh$jLuFZeU3Q,Pipe Types:Uponor MLCP_Leiding wit 100m:3557429,-
2FgvnmQcX2bh$jLuFZeU3O,Pipe Types:Uponor MLCP_Leiding wit 100m:3557431,-
2FgvnmQcX2bh$jLuFZeU3K,Pipe Types:Uponor MLCP_Leiding wit 100m:3557435,-
2FgvnmQcX2bh$jLuFZeU3G,Pipe Types:Uponor MLCP_Leiding wit 100m:3557439,-
2FgvnmQcX2bh$jLuFZeU2h,Pipe Types:Uponor MLCP_Leiding wit 100m:3557444,-
2FgvnmQcX2bh$jLuFZeU2c,Pipe Types:Uponor MLCP_Leiding wit 100m:3557449,-
2FgvnmQcX2bh$jLuFZeU2Z,Pipe Types:Uponor MLCP_Leiding wit 100m:3557452,-
2FgvnmQcX2bh$jLuFZeU2q,Pipe Types:Uponor MLCP_Leiding wit 100m:3557467,-
2FgvnmQcX2bh$jLuFZeU2n,Pipe Types:Uponor MLCP_Leiding wit 100m:3557470,-
2FgvnmQcX2bh$jLuFZeU2A,Pipe Types:Uponor MLCP_Leiding wit 100m:3557477,-
2FgvnmQcX2bh$jLuFZeU2S,Pipe Types:Uponor MLCP_Leiding wit 100m:3557491,-
2FgvnmQcX2bh$jLuFZeU2K,Pipe Types:Uponor MLCP_Leiding wit 100m:3557499,-
2FgvnmQcX2bh$jLuFZeU2I,Pipe Types:Uponor MLCP_Leiding wit 100m:3557501,-
2FgvnmQcX2bh$jLuFZeU1g,Pipe Types:Uponor MLCP_Leiding wit 100m:3557509,-
2FgvnmQcX2bh$jLuFZeU1d,Pipe Types:Uponor MLCP_Leiding wit 100m:3557512,-
2FgvnmQcX2bh$jLuFZeU17,Pipe Types:Uponor MLCP_Leiding wit 100m:3557544,-
2FgvnmQcX2bh$jLuFZeUDH,Pipe Types:Uponor MLCP_Leiding wit 100m:3558334,-
2FgvnmQcX2bh$jLuFZeUCW,Pipe Types:Uponor MLCP_Leiding wit 100m:3558351,-
2FgvnmQcX2bh$jLuFZeUJ$,Pipe Types:Uponor MLCP_Leiding wit 100m:3558416,-
2FgvnmQcX2bh$jLuFZeUJq,Pipe Types:Uponor MLCP_Leiding wit 100m:3558427,-
2FgvnmQcX2bh$jLuFZeUIv,Pipe Types:Uponor MLCP_Leiding wit 100m:3558486,-
2FgvnmQcX2bh$jLuFZeUHm,Pipe Types:Uponor MLCP_Leiding wit 100m:3558559,-
2FgvnmQcX2bh$jLuFZeUH6,Pipe Types:Uponor MLCP_Leiding wit 100m:3558569,-
2FgvnmQcX2bh$jLuFZeUG9,Pipe Types:Uponor MLCP_Leiding wit 100m:3558630,-
2FgvnmQcX2bh$jLuFZeURv,Pipe Types:Uponor MLCP_Leiding wit 100m:3558934,-
0abO2yLHz3oPfGRxL8MJVH,Pipe Types:Uponor MLCP_Leiding wit 100m:3581673,-
0abO2yLHz3oPfGRxL8MJVD,Pipe Types:Uponor MLCP_Leiding wit 100m:3581685,-
0abO2yLHz3oPfGRxL8MJXK,Pipe Types:Uponor MLCP_Leiding wit 100m:3582316,-
0abO2yLHz3oPfGRxL8MJqU,Pipe Types:Uponor MLCP_Leiding wit 100m:3583014,-
0abO2yLHz3oPfGRxL8MJn5,Pipe Types:Uponor MLCP_Leiding wit 100m:3583357,-
0abO2yLHz3oPfGRxL8MJoh,Pipe Types:Uponor MLCP_Leiding wit 100m:3583379,-
0abO2yLHz3oPfGRxL8MJod,Pipe Types:Uponor MLCP_Leiding wit 100m:3583391,-
0abO2yLHz3oPfGRxL8MJuj,Pipe Types:Uponor MLCP_Leiding wit 100m:3583765,-
0abO2yLHz3oPfGRxL8MJud,Pipe Types:Uponor MLCP_Leiding wit 100m:3583775,-
0abO2yLHz3oPfGRxL8MJuD,Pipe Types:Uponor MLCP_Leiding wit 100m:3583797,-
0abO2yLHz3oPfGRxL8MJu5,Pipe Types:Uponor MLCP_Leiding wit 100m:3583805,-
2y8DnvJjj6Gw02T1wqRR_z,Pipe Types:Uponor MLCP_Leiding wit 100m:3584188,-
2y8DnvJjj6Gw02T1wqRR$N,Pipe Types:Uponor MLCP_Leiding wit 100m:3584214,-
2y8DnvJjj6Gw02T1wqRRoE,Pipe Types:Uponor MLCP_Leiding wit 100m:3584911,-
2y8DnvJjj6Gw02T1wqRRoO,Pipe Types:Uponor MLCP_Leiding wit 100m:3584921,-
2y8DnvJjj6Gw02T1wqRRjm,Pipe Types:Uponor MLCP_Leiding wit 100m:3585137,-
2y8DnvJjj6Gw02T1wqRRju,Pipe Types:Uponor MLCP_Leiding wit 100m:3585145,-
2y8DnvJjj6Gw02T1wqRRAC,Pipe Types:Uponor MLCP_Leiding wit 100m:3587469,-
2y8DnvJjj6Gw02T1wqRRAE,Pipe Types:Uponor MLCP_Leiding wit 100m:3587471,-
2y8DnvJjj6Gw02T1wqRRAb,Pipe Types:Uponor MLCP_Leiding wit 100m:3587492,-
2y8DnvJjj6Gw02T1wqRRAd,Pipe Types:Uponor MLCP_Leiding wit 100m:3587494,-
2y8DnvJjj6Gw02T1wqRRAw,Pipe Types:Uponor MLCP_Leiding wit 100m:3587515,-
2y8DnvJjj6Gw02T1wqRRAy,Pipe Types:Uponor MLCP_Leiding wit 100m:3587517,-
2y8DnvJjj6Gw02T1wqRRBJ,Pipe Types:Uponor MLCP_Leiding wit 100m:3587538,-
2y8DnvJjj6Gw02T1wqRRBL,Pipe Types:Uponor MLCP_Leiding wit 100m:3587540,-
2y8DnvJjj6Gw02T1wqRRBe,Pipe Types:Uponor MLCP_Leiding wit 100m:3587561,-
2y8DnvJjj6Gw02T1wqRRBg,Pipe Types:Uponor MLCP_Leiding wit 100m:3587563,-
2y8DnvJjj6Gw02T1wqRR41,Pipe Types:Uponor MLCP_Leiding wit 100m:3587584,-
2y8DnvJjj6Gw02T1wqRR43,Pipe Types:Uponor MLCP_Leiding wit 100m:3587586,-
2y8DnvJjj6Gw02T1wqRR4M,Pipe Types:Uponor MLCP_Leiding wit 100m:3587607,-
2y8DnvJjj6Gw02T1wqRR4O,Pipe Types:Uponor MLCP_Leiding wit 100m:3587609,-
2y8DnvJjj6Gw02T1wqRR4l,Pipe Types:Uponor MLCP_Leiding wit 100m:3587630,-
2y8DnvJjj6Gw02T1wqRR4n,Pipe Types:Uponor MLCP_Leiding wit 100m:3587632,-
2y8DnvJjj6Gw02T1wqRR54,Pipe Types:Uponor MLCP_Leiding wit 100m:3587653,-
2y8DnvJjj6Gw02T1wqRR56,Pipe Types:Uponor MLCP_Leiding wit 100m:3587655,-
2y8DnvJjj6Gw02T1wqRR5T,Pipe Types:Uponor MLCP_Leiding wit 100m:3587676,-
2y8DnvJjj6Gw02T1wqRR5V,Pipe Types:Uponor MLCP_Leiding wit 100m:3587678,-
2y8DnvJjj6Gw02T1wqRR5o,Pipe Types:Uponor MLCP_Leiding wit 100m:3587699,-
2y8DnvJjj6Gw02T1wqRR5q,Pipe Types:Uponor MLCP_Leiding wit 100m:3587701,-
2y8DnvJjj6Gw02T1wqRR6B,Pipe Types:Uponor MLCP_Leiding wit 100m:3587722,-
2y8DnvJjj6Gw02T1wqRR6D,Pipe Types:Uponor MLCP_Leiding wit 100m:3587724,-
2y8DnvJjj6Gw02T1wqRR6W,Pipe Types:Uponor MLCP_Leiding wit 100m:3587745,-
2y8DnvJjj6Gw02T1wqRR6Y,Pipe Types:Uponor MLCP_Leiding wit 100m:3587747,-
2y8DnvJjj6Gw02T1wqRSpd,Pipe Types:Uponor MLCP_Leiding wit 100m:3589094,-
2y8DnvJjj6Gw02T1wqRSpl,Pipe Types:Uponor MLCP_Leiding wit 100m:3589102,-
2y8DnvJjj6Gw02T1wqRSLd,Pipe Types:Uponor MLCP_Leiding wit 100m:3590758,-
2y8DnvJjj6Gw02T1wqRSLf,Pipe Types:Uponor MLCP_Leiding wit 100m:3590760,-
2y8DnvJjj6Gw02T1wqRSL$,Pipe Types:Uponor MLCP_Leiding wit 100m:3590782,-
2y8DnvJjj6Gw02T1wqRSM1,Pipe Types:Uponor MLCP_Leiding wit 100m:3590784,-
2y8DnvJjj6Gw02T1wqRSMN,Pipe Types:Uponor MLCP_Leiding wit 100m:3590806,-
2y8DnvJjj6Gw02T1wqRSMP,Pipe Types:Uponor MLCP_Leiding wit 100m:3590808,-
2y8DnvJjj6Gw02T1wqRSMl,Pipe Types:Uponor MLCP_Leiding wit 100m:3590830,-
2y8DnvJjj6Gw02T1wqRSMn,Pipe Types:Uponor MLCP_Leiding wit 100m:3590832,-
2y8DnvJjj6Gw02T1wqRSN7,Pipe Types:Uponor MLCP_Leiding wit 100m:3590854,-
2y8DnvJjj6Gw02T1wqRSN9,Pipe Types:Uponor MLCP_Leiding wit 100m:3590856,-
2y8DnvJjj6Gw02T1wqRSNV,Pipe Types:Uponor MLCP_Leiding wit 100m:3590878,-
2y8DnvJjj6Gw02T1wqRSNX,Pipe Types:Uponor MLCP_Leiding wit 100m:3590880,-
2y8DnvJjj6Gw02T1wqRSNt,Pipe Types:Uponor MLCP_Leiding wit 100m:3590902,-
2y8DnvJjj6Gw02T1wqRSNv,Pipe Types:Uponor MLCP_Leiding wit 100m:3590904,-
2y8DnvJjj6Gw02T1wqRSGF,Pipe Types:Uponor MLCP_Leiding wit 100m:3590926,-
2y8DnvJjj6Gw02T1wqRSGH,Pipe Types:Uponor MLCP_Leiding wit 100m:3590928,-
2y8DnvJjj6Gw02T1wqRSGd,Pipe Types:Uponor MLCP_Leiding wit 100m:3590950,-
2y8DnvJjj6Gw02T1wqRSGf,Pipe Types:Uponor MLCP_Leiding wit 100m:3590952,-
2y8DnvJjj6Gw02T1wqRSG$,Pipe Types:Uponor MLCP_Leiding wit 100m:3590974,-
2y8DnvJjj6Gw02T1wqRSH1,Pipe Types:Uponor MLCP_Leiding wit 100m:3590976,-
2y8DnvJjj6Gw02T1wqRSHN,Pipe Types:Uponor MLCP_Leiding wit 100m:3590998,-
2y8DnvJjj6Gw02T1wqRSHP,Pipe Types:Uponor MLCP_Leiding wit 100m:3591000,-
2y8DnvJjj6Gw02T1wqRSHl,Pipe Types:Uponor MLCP_Leiding wit 100m:3591022,-
2y8DnvJjj6Gw02T1wqRSHn,Pipe Types:Uponor MLCP_Leiding wit 100m:3591024,-
2y8DnvJjj6Gw02T1wqRSJe,Pipe Types:Uponor MLCP_Leiding wit 100m:3591145,-
2y8DnvJjj6Gw02T1wqRT_t,Pipe Types:Uponor MLCP_Leiding wit 100m:3592374,-
2y8DnvJjj6Gw02T1wqRT$8,Pipe Types:Uponor MLCP_Leiding wit 100m:3592393,-
2y8DnvJjj6Gw02T1wqRT$T,Pipe Types:Uponor MLCP_Leiding wit 100m:3592412,-
2y8DnvJjj6Gw02T1wqRT$k,Pipe Types:Uponor MLCP_Leiding wit 100m:3592431,-
2y8DnvJjj6Gw02T1wqRTwA,Pipe Types:Uponor MLCP_Leiding wit 100m:3592587,-
2y8DnvJjj6Gw02T1wqRTiH,Pipe Types:Uponor MLCP_Leiding wit 100m:3593232,-
2y8DnvJjj6Gw02T1wqRTiV,Pipe Types:Uponor MLCP_Leiding wit 100m:3593246,-
2y8DnvJjj6Gw02T1wqRTjb,Pipe Types:Uponor MLCP_Leiding wit 100m:3593316,-
2y8DnvJjj6Gw02T1wqRTac,Pipe Types:Uponor MLCP_Leiding wit 100m:3593767,-
2y8DnvJjj6Gw02T1wqRTao,Pipe Types:Uponor MLCP_Leiding wit 100m:3593779,-
2I4NgicpDCAxSK_gG5HSJn,Pipe Types:Uponor MLCP_Leiding wit 100m:3594269,-
2I4NgicpDCAxSK_gG5HSJB,Pipe Types:Uponor MLCP_Leiding wit 100m:3594279,-
2I4NgicpDCAxSK_gG5HSR9,Pipe Types:Uponor MLCP_Leiding wit 100m:3594789,-
2I4NgicpDCAxSK_gG5HS4O,Pipe Types:Uponor MLCP_Leiding wit 100m:3595764,-
2I4NgicpDCAxSK_gG5HSB$,Pipe Types:Uponor MLCP_Leiding wit 100m:3595795,-
2I4NgicpDCAxSK_gG5HS9h,Pipe Types:Uponor MLCP_Leiding wit 100m:3595911,-
2I4NgicpDCAxSK_gG5HS9z,Pipe Types:Uponor MLCP_Leiding wit 100m:3595921,-
2I4NgicpDCAxSK_gG5HSEJ,Pipe Types:Uponor MLCP_Leiding wit 100m:3596159,-
2I4NgicpDCAxSK_gG5HSDj,Pipe Types:Uponor MLCP_Leiding wit 100m:3596161,-
2I4NgicpDCAxSK_gG5HSDg,Pipe Types:Uponor MLCP_Leiding wit 100m:3596166,-
2I4NgicpDCAxSK_gG5HSD$,Pipe Types:Uponor MLCP_Leiding wit 100m:3596179,-
2I4NgicpDCAxSK_gG5HVpQ,Pipe Types:Uponor MLCP_Leiding wit 100m:3596342,-
2I4NgicpDCAxSK_gG5HVr9,Pipe Types:Uponor MLCP_Leiding wit 100m:3596709,-
1TAKhTtRj1m9w5JPRxJsvw,Pipe Types:Uponor MLCP_Leiding wit 100m:3596813,-
1TAKhTtRj1m9w5JPRxJsvY,Pipe Types:Uponor MLCP_Leiding wit 100m:3596821,-
1TAKhTtRj1m9w5JPRxJsv3,Pipe Types:Uponor MLCP_Leiding wit 100m:3596852,-
1TAKhTtRj1m9w5JPRxJsxM,Pipe Types:Uponor MLCP_Leiding wit 100m:3596961,-
1TAKhTtRj1m9w5JPRxJswf,Pipe Types:Uponor MLCP_Leiding wit 100m:3597022,-
1TAKhTtRj1m9w5JPRxJszv,Pipe Types:Uponor MLCP_Leiding wit 100m:3597070,-
1TAKhTtRj1m9w5JPRxJsze,Pipe Types:Uponor MLCP_Leiding wit 100m:3597087,-
1TAKhTtRj1m9w5JPRxJszE,Pipe Types:Uponor MLCP_Leiding wit 100m:3597113,-
1TAKhTtRj1m9w5JPRxJsyL,Pipe Types:Uponor MLCP_Leiding wit 100m:3597154,-
1TAKhTtRj1m9w5JPRxJs$f,Pipe Types:Uponor MLCP_Leiding wit 100m:3597214,-
1TAKhTtRj1m9w5JPRxJsXz,Pipe Types:Uponor MLCP_Leiding wit 100m:3597322,-
1TAKhTtRj1m9w5JPRxJsXj,Pipe Types:Uponor MLCP_Leiding wit 100m:3597338,-
1TAKhTtRj1m9w5JPRxJsWt,Pipe Types:Uponor MLCP_Leiding wit 100m:3597376,-
1TAKhTtRj1m9w5JPRxJsWw,Pipe Types:Uponor MLCP_Leiding wit 100m:3597389,-
1TAKhTtRj1m9w5JPRxJsY_,Pipe Types:Uponor MLCP_Leiding wit 100m:3597513,-
1TAKhTtRj1m9w5JPRxJsaI,Pipe Types:Uponor MLCP_Leiding wit 100m:3597669,-
1TAKhTtRj1m9w5JPRxJsaR,Pipe Types:Uponor MLCP_Leiding wit 100m:3597676,-
1TAKhTtRj1m9w5JPRxJscs,Pipe Types:Uponor MLCP_Leiding wit 100m:3597761,-
1TAKhTtRj1m9w5JPRxJsfv,Pipe Types:Uponor MLCP_Leiding wit 100m:3597838,-
1TAKhTtRj1m9w5JPRxJsfZ,Pipe Types:Uponor MLCP_Leiding wit 100m:3597844,-
1TAKhTtRj1m9w5JPRxJsff,Pipe Types:Uponor MLCP_Leiding wit 100m:3597854,-
1TAKhTtRj1m9w5JPRxJsew,Pipe Types:Uponor MLCP_Leiding wit 100m:3597901,-
1TAKhTtRj1m9w5JPRxJsea,Pipe Types:Uponor MLCP_Leiding wit 100m:3597907,-
1TAKhTtRj1m9w5JPRxJseA,Pipe Types:Uponor MLCP_Leiding wit 100m:3597949,-
1TAKhTtRj1m9w5JPRxJshq,Pipe Types:Uponor MLCP_Leiding wit 100m:3597955,-
1TAKhTtRj1m9w5JPRxJslR,Pipe Types:Uponor MLCP_Leiding wit 100m:3598252,-
1TAKhTtRj1m9w5JPRxJsl9,Pipe Types:Uponor MLCP_Leiding wit 100m:3598270,-
1TAKhTtRj1m9w5JPRxJs8w,Pipe Types:Uponor MLCP_Leiding wit 100m:3599949,-
1TAKhTtRj1m9w5JPRxJs8u,Pipe Types:Uponor MLCP_Leiding wit 100m:3599951,-
1TAKhTtRj1m9w5JPRxJs8Z,Pipe Types:Uponor MLCP_Leiding wit 100m:3599956,-
1TAKhTtRj1m9w5JPRxJs8j,Pipe Types:Uponor MLCP_Leiding wit 100m:3599962,-
1TAKhTtRj1m9w5JPRxJs8N,Pipe Types:Uponor MLCP_Leiding wit 100m:3599968,-
1TAKhTtRj1m9w5JPRxJs8J,Pipe Types:Uponor MLCP_Leiding wit 100m:3599972,-
1TAKhTtRj1m9w5JPRxJs8H,Pipe Types:Uponor MLCP_Leiding wit 100m:3599974,-
1TAKhTtRj1m9w5JPRxJs8T,Pipe Types:Uponor MLCP_Leiding wit 100m:3599978,-
1TAKhTtRj1m9w5JPRxJs8R,Pipe Types:Uponor MLCP_Leiding wit 100m:3599980,-
1TAKhTtRj1m9w5JPRxJs8P,Pipe Types:Uponor MLCP_Leiding wit 100m:3599982,-
1TAKhTtRj1m9w5JPRxJs87,Pipe Types:Uponor MLCP_Leiding wit 100m:3599984,-
1TAKhTtRj1m9w5JPRxJs83,Pipe Types:Uponor MLCP_Leiding wit 100m:3599988,-
1TAKhTtRj1m9w5JPRxJs8F,Pipe Types:Uponor MLCP_Leiding wit 100m:3599992,-
1TAKhTtRj1m9w5JPRxJs88,Pipe Types:Uponor MLCP_Leiding wit 100m:3599999,-
1TAKhTtRj1m9w5JPRxJsBq,Pipe Types:Uponor MLCP_Leiding wit 100m:3600003,-
1TAKhTtRj1m9w5JPRxJsB$,Pipe Types:Uponor MLCP_Leiding wit 100m:3600008,-
1TAKhTtRj1m9w5JPRxJsBz,Pipe Types:Uponor MLCP_Leiding wit 100m:3600010,-
1TAKhTtRj1m9w5JPRxJsBW,Pipe Types:Uponor MLCP_Leiding wit 100m:3600023,-
1TAKhTtRj1m9w5JPRxJsBk,Pipe Types:Uponor MLCP_Leiding wit 100m:3600025,-
1TAKhTtRj1m9w5JPRxJsBf,Pipe Types:Uponor MLCP_Leiding wit 100m:3600030,-
1TAKhTtRj1m9w5JPRxJsBI,Pipe Types:Uponor MLCP_Leiding wit 100m:3600037,-
1TAKhTtRj1m9w5JPRxJsBU,Pipe Types:Uponor MLCP_Leiding wit 100m:3600041,-
1TAKhTtRj1m9w5JPRxJsBQ,Pipe Types:Uponor MLCP_Leiding wit 100m:3600045,-
1TAKhTtRj1m9w5JPRxJsB7,Pipe Types:Uponor MLCP_Leiding wit 100m:3600048,-
1TAKhTtRj1m9w5JPRxJsB1,Pipe Types:Uponor MLCP_Leiding wit 100m:3600054,-
1TAKhTtRj1m9w5JPRxJsBC,Pipe Types:Uponor MLCP_Leiding wit 100m:3600059,-
1TAKhTtRj1m9w5JPRxJsAs,Pipe Types:Uponor MLCP_Leiding wit 100m:3600065,-
1TAKhTtRj1m9w5JPRxJsAx,Pipe Types:Uponor MLCP_Leiding wit 100m:3600076,-
1TAKhTtRj1m9w5JPRxJsAi,Pipe Types:Uponor MLCP_Leiding wit 100m:3600091,-
1TAKhTtRj1m9w5JPRxJsAM,Pipe Types:Uponor MLCP_Leiding wit 100m:3600097,-
1TAKhTtRj1m9w5JPRxJsAH,Pipe Types:Uponor MLCP_Leiding wit 100m:3600102,-
1TAKhTtRj1m9w5JPRxJsAU,Pipe Types:Uponor MLCP_Leiding wit 100m:3600105,-
1TAKhTtRj1m9w5JPRxJsAP,Pipe Types:Uponor MLCP_Leiding wit 100m:3600110,-
1TAKhTtRj1m9w5JPRxJsA4,Pipe Types:Uponor MLCP_Leiding wit 100m:3600115,-
1TAKhTtRj1m9w5JPRxJsAF,Pipe Types:Uponor MLCP_Leiding wit 100m:3600120,-
1TAKhTtRj1m9w5JPRxJsA8,Pipe Types:Uponor MLCP_Leiding wit 100m:3600127,-
1TAKhTtRj1m9w5JPRxJsDr,Pipe Types:Uponor MLCP_Leiding wit 100m:3600130,-
1TAKhTtRj1m9w5JPRxJsDo,Pipe Types:Uponor MLCP_Leiding wit 100m:3600133,-
1TAKhTtRj1m9w5JPRxJsD_,Pipe Types:Uponor MLCP_Leiding wit 100m:3600137,-
1TAKhTtRj1m9w5JPRxJsDy,Pipe Types:Uponor MLCP_Leiding wit 100m:3600139,-
1TAKhTtRj1m9w5JPRxJsDu,Pipe Types:Uponor MLCP_Leiding wit 100m:3600143,-
1TAKhTtRj1m9w5JPRxJsDa,Pipe Types:Uponor MLCP_Leiding wit 100m:3600147,-
1TAKhTtRj1m9w5JPRxJsDY,Pipe Types:Uponor MLCP_Leiding wit 100m:3600149,-
1TAKhTtRj1m9w5JPRxJsDW,Pipe Types:Uponor MLCP_Leiding wit 100m:3600151,-
1TAKhTtRj1m9w5JPRxJsDk,Pipe Types:Uponor MLCP_Leiding wit 100m:3600153,-
1TAKhTtRj1m9w5JPRxJsDI,Pipe Types:Uponor MLCP_Leiding wit 100m:3600165,-
2tgMtQ3B97Cfoszug62B_5,Pipe Types:Uponor MLCP_Leiding wit 100m:3600917,-
2tgMtQ3B97Cfoszug62Bx5,Pipe Types:Uponor MLCP_Leiding wit 100m:3601237,-
2tgMtQ3B97Cfoszug62Bvi,Pipe Types:Uponor MLCP_Leiding wit 100m:3601404,-
2tgMtQ3B97Cfoszug62Bc1,Pipe Types:Uponor MLCP_Leiding wit 100m:3601425,-
2tgMtQ3B97Cfoszug62Bl6,Pipe Types:Uponor MLCP_Leiding wit 100m:3602006,-
2tgMtQ3B97Cfoszug62Bi1,Pipe Types:Uponor MLCP_Leiding wit 100m:3602065,-
2tgMtQ3B97Cfoszug62BiA,Pipe Types:Uponor MLCP_Leiding wit 100m:3602074,-
2tgMtQ3B97Cfoszug62Bge,Pipe Types:Uponor MLCP_Leiding wit 100m:3602232,-
2tgMtQ3B97Cfoszug62Bh_,Pipe Types:Uponor MLCP_Leiding wit 100m:3602286,-
2tgMtQ3B97Cfoszug62BNh,Pipe Types:Uponor MLCP_Leiding wit 100m:3602555,-
2tgMtQ3B97Cfoszug62BKK,Pipe Types:Uponor MLCP_Leiding wit 100m:3602564,-
0Mw$q2v5T4396buyzI9YX5,Pipe Types:Uponor MLCP_Leiding wit 100m:3605302,-
0Mw$q2v5T4396buyzI9YX9,Pipe Types:Uponor MLCP_Leiding wit 100m:3605306,-
0Mw$q2v5T4396buyzI9YXD,Pipe Types:Uponor MLCP_Leiding wit 100m:3605310,-
0Mw$q2v5T4396buyzI9YWp,Pipe Types:Uponor MLCP_Leiding wit 100m:3605312,-
0Mw$q2v5T4396buyzI9YWn,Pipe Types:Uponor MLCP_Leiding wit 100m:3605314,-
0Mw$q2v5T4396buyzI9YWt,Pipe Types:Uponor MLCP_Leiding wit 100m:3605316,-
0Mw$q2v5T4396buyzI9YW_,Pipe Types:Uponor MLCP_Leiding wit 100m:3605325,-
0Mw$q2v5T4396buyzI9YWY,Pipe Types:Uponor MLCP_Leiding wit 100m:3605329,-
0Mw$q2v5T4396buyzI9YWU,Pipe Types:Uponor MLCP_Leiding wit 100m:3605357,-
0Mw$q2v5T4396buyzI9YW7,Pipe Types:Uponor MLCP_Leiding wit 100m:3605364,-
0Mw$q2v5T4396buyzI9YWA,Pipe Types:Uponor MLCP_Leiding wit 100m:3605369,-
0Mw$q2v5T4396buyzI9YW8,Pipe Types:Uponor MLCP_Leiding wit 100m:3605371,-
0Mw$q2v5T4396buyzI9YZt,Pipe Types:Uponor MLCP_Leiding wit 100m:3605380,-
0Mw$q2v5T4396buyzI9YZr,Pipe Types:Uponor MLCP_Leiding wit 100m:3605382,-
0Mw$q2v5T4396buyzI9YZx,Pipe Types:Uponor MLCP_Leiding wit 100m:3605384,-
0Mw$q2v5T4396buyzI9YZ_,Pipe Types:Uponor MLCP_Leiding wit 100m:3605389,-
0Mw$q2v5T4396buyzI9YZX,Pipe Types:Uponor MLCP_Leiding wit 100m:3605394,-
0Mw$q2v5T4396buyzI9YZd,Pipe Types:Uponor MLCP_Leiding wit 100m:3605396,-
0Mw$q2v5T4396buyzI9YZh,Pipe Types:Uponor MLCP_Leiding wit 100m:3605400,-
0Mw$q2v5T4396buyzI9YZj,Pipe Types:Uponor MLCP_Leiding wit 100m:3605406,-
0Mw$q2v5T4396buyzI9YZI,Pipe Types:Uponor MLCP_Leiding wit 100m:3605409,-
0Mw$q2v5T4396buyzI9YZR,Pipe Types:Uponor MLCP_Leiding wit 100m:3605416,-
0Mw$q2v5T4396buyzI9YZV,Pipe Types:Uponor MLCP_Leiding wit 100m:3605420,-
0Mw$q2v5T4396buyzI9YZT,Pipe Types:Uponor MLCP_Leiding wit 100m:3605422,-
0Mw$q2v5T4396buyzI9YZ1,Pipe Types:Uponor MLCP_Leiding wit 100m:3605426,-
0Mw$q2v5T4396buyzI9YZ5,Pipe Types:Uponor MLCP_Leiding wit 100m:3605430,-
0Mw$q2v5T4396buyzI9YZ8,Pipe Types:Uponor MLCP_Leiding wit 100m:3605435,-
0Mw$q2v5T4396buyzI9YYp,Pipe Types:Uponor MLCP_Leiding wit 100m:3605440,-
0Mw$q2v5T4396buyzI9YYm,Pipe Types:Uponor MLCP_Leiding wit 100m:3605443,-
0Mw$q2v5T4396buyzI9YYx,Pipe Types:Uponor MLCP_Leiding wit 100m:3605448,-
0Mw$q2v5T4396buyzI9YYv,Pipe Types:Uponor MLCP_Leiding wit 100m:3605450,-
0Mw$q2v5T4396buyzI9YYz,Pipe Types:Uponor MLCP_Leiding wit 100m:3605454,-
0Mw$q2v5T4396buyzI9YYX,Pipe Types:Uponor MLCP_Leiding wit 100m:3605458,-
0Mw$q2v5T4396buyzI9YYc,Pipe Types:Uponor MLCP_Leiding wit 100m:3605461,-
0Mw$q2v5T4396buyzI9YYl,Pipe Types:Uponor MLCP_Leiding wit 100m:3605468,-
0Mw$q2v5T4396buyzI9YYj,Pipe Types:Uponor MLCP_Leiding wit 100m:3605470,-
0Mw$q2v5T4396buyzI9YYH,Pipe Types:Uponor MLCP_Leiding wit 100m:3605474,-
0Mw$q2v5T4396buyzI9YYM,Pipe Types:Uponor MLCP_Leiding wit 100m:3605477,-
0Mw$q2v5T4396buyzI9YYP,Pipe Types:Uponor MLCP_Leiding wit 100m:3605482,-
0Mw$q2v5T4396buyzI9YYU,Pipe Types:Uponor MLCP_Leiding wit 100m:3605485,-
0Mw$q2v5T4396buyzI9YY1,Pipe Types:Uponor MLCP_Leiding wit 100m:3605490,-
0Mw$q2v5T4396buyzI9YY7,Pipe Types:Uponor MLCP_Leiding wit 100m:3605492,-
0Mw$q2v5T4396buyzI9YY4,Pipe Types:Uponor MLCP_Leiding wit 100m:3605495,-
0Mw$q2v5T4396buyzI9YYF,Pipe Types:Uponor MLCP_Leiding wit 100m:3605500,-
0Mw$q2v5T4396buyzI9YYC,Pipe Types:Uponor MLCP_Leiding wit 100m:3605503,-
0Mw$q2v5T4396buyzI9Yzi,Pipe Types:Uponor MLCP_Leiding wit 100m:3605535,-
0Mw$q2v5T4396buyzI9YzK,Pipe Types:Uponor MLCP_Leiding wit 100m:3605543,-
0Mw$q2v5T4396buyzI9YFL,Pipe Types:Uponor MLCP_Leiding wit 100m:3606694,-
0Mw$q2v5T4396buyzI9YBg,Pipe Types:Uponor MLCP_Leiding wit 100m:3606937,-
0Mw$q2v5T4396buyzI9Y0w,Pipe Types:Uponor MLCP_Leiding wit 100m:3607369,-
0Mw$q2v5T4396buyzI9Y0Z,Pipe Types:Uponor MLCP_Leiding wit 100m:3607376,-
0LGkUeZCf5_84yCewvaDVN,Pipe Types:Uponor MLCP_Leiding wit 100m:3607801,-
0LGkUeZCf5_84yCewvaDJ4,Pipe Types:Uponor MLCP_Leiding wit 100m:3608554,-
0LGkUeZCf5_84yCewvaDJ0,Pipe Types:Uponor MLCP_Leiding wit 100m:3608558,-
0LGkUeZCf5_84yCewvaDJS,Pipe Types:Uponor MLCP_Leiding wit 100m:3608562,-
0LGkUeZCf5_84yCewvaDJQ,Pipe Types:Uponor MLCP_Leiding wit 100m:3608564,-
0LGkUeZCf5_84yCewvaDJO,Pipe Types:Uponor MLCP_Leiding wit 100m:3608566,-
0LGkUeZCf5_84yCewvaDJM,Pipe Types:Uponor MLCP_Leiding wit 100m:3608568,-
0LGkUeZCf5_84yCewvaCil,Pipe Types:Uponor MLCP_Leiding wit 100m:3608577,-
0LGkUeZCf5_84yCewvaCih,Pipe Types:Uponor MLCP_Leiding wit 100m:3608581,-
0LGkUeZCf5_84yCewvaCip,Pipe Types:Uponor MLCP_Leiding wit 100m:3608605,-
0LGkUeZCf5_84yCewvaCiA,Pipe Types:Uponor MLCP_Leiding wit 100m:3608612,-
0LGkUeZCf5_84yCewvaCi7,Pipe Types:Uponor MLCP_Leiding wit 100m:3608617,-
0LGkUeZCf5_84yCewvaCi5,Pipe Types:Uponor MLCP_Leiding wit 100m:3608619,-
0LGkUeZCf5_84yCewvaCiS,Pipe Types:Uponor MLCP_Leiding wit 100m:3608626,-
0LGkUeZCf5_84yCewvaCiQ,Pipe Types:Uponor MLCP_Leiding wit 100m:3608628,-
0LGkUeZCf5_84yCewvaCiO,Pipe Types:Uponor MLCP_Leiding wit 100m:3608630,-
0LGkUeZCf5_84yCewvaCiM,Pipe Types:Uponor MLCP_Leiding wit 100m:3608632,-
0LGkUeZCf5_84yCewvaCiJ,Pipe Types:Uponor MLCP_Leiding wit 100m:3608637,-
0LGkUeZCf5_84yCewvaCji,Pipe Types:Uponor MLCP_Leiding wit 100m:3608642,-
0LGkUeZCf5_84yCewvaCjg,Pipe Types:Uponor MLCP_Leiding wit 100m:3608644,-
0LGkUeZCf5_84yCewvaCjc,Pipe Types:Uponor MLCP_Leiding wit 100m:3608648,-
0LGkUeZCf5_84yCewvaCjZ,Pipe Types:Uponor MLCP_Leiding wit 100m:3608653,-
0LGkUeZCf5_84yCewvaCjw,Pipe Types:Uponor MLCP_Leiding wit 100m:3608660,-
0LGkUeZCf5_84yCewvaCjs,Pipe Types:Uponor MLCP_Leiding wit 100m:3608664,-
0LGkUeZCf5_84yCewvaCjq,Pipe Types:Uponor MLCP_Leiding wit 100m:3608666,-
0LGkUeZCf5_84yCewvaCjm,Pipe Types:Uponor MLCP_Leiding wit 100m:3608670,-
0LGkUeZCf5_84yCewvaCjC,Pipe Types:Uponor MLCP_Leiding wit 100m:3608674,-
0LGkUeZCf5_84yCewvaCj9,Pipe Types:Uponor MLCP_Leiding wit 100m:3608679,-
0LGkUeZCf5_84yCewvaCj2,Pipe Types:Uponor MLCP_Leiding wit 100m:3608684,-
0LGkUeZCf5_84yCewvaCj0,Pipe Types:Uponor MLCP_Leiding wit 100m:3608686,-
0LGkUeZCf5_84yCewvaCjS,Pipe Types:Uponor MLCP_Leiding wit 100m:3608690,-
0LGkUeZCf5_84yCewvaCjR,Pipe Types:Uponor MLCP_Leiding wit 100m:3608693,-
0LGkUeZCf5_84yCewvaCjK,Pipe Types:Uponor MLCP_Leiding wit 100m:3608698,-
0LGkUeZCf5_84yCewvaCjI,Pipe Types:Uponor MLCP_Leiding wit 100m:3608700,-
0LGkUeZCf5_84yCewvaCki,Pipe Types:Uponor MLCP_Leiding wit 100m:3608706,-
0LGkUeZCf5_84yCewvaCkg,Pipe Types:Uponor MLCP_Leiding wit 100m:3608708,-
0LGkUeZCf5_84yCewvaCkf,Pipe Types:Uponor MLCP_Leiding wit 100m:3608711,-
0LGkUeZCf5_84yCewvaCkY,Pipe Types:Uponor MLCP_Leiding wit 100m:3608716,-
0LGkUeZCf5_84yCewvaCkX,Pipe Types:Uponor MLCP_Leiding wit 100m:3608719,-
0LGkUeZCf5_84yCewvaCkw,Pipe Types:Uponor MLCP_Leiding wit 100m:3608724,-
0LGkUeZCf5_84yCewvaCko,Pipe Types:Uponor MLCP_Leiding wit 100m:3608732,-
0LGkUeZCf5_84yCewvaCkm,Pipe Types:Uponor MLCP_Leiding wit 100m:3608734,-
0LGkUeZCf5_84yCewvaCkC,Pipe Types:Uponor MLCP_Leiding wit 100m:3608738,-
0LGkUeZCf5_84yCewvaCkB,Pipe Types:Uponor MLCP_Leiding wit 100m:3608741,-
0LGkUeZCf5_84yCewvaCk4,Pipe Types:Uponor MLCP_Leiding wit 100m:3608746,-
0LGkUeZCf5_84yCewvaCk0,Pipe Types:Uponor MLCP_Leiding wit 100m:3608750,-
0LGkUeZCf5_84yCewvaCkU,Pipe Types:Uponor MLCP_Leiding wit 100m:3608752,-
0LGkUeZCf5_84yCewvaCkM,Pipe Types:Uponor MLCP_Leiding wit 100m:3608760,-
0LGkUeZCf5_84yCewvaClZ,Pipe Types:Uponor MLCP_Leiding wit 100m:3608781,-
0LGkUeZCf5_84yCewvaClt,Pipe Types:Uponor MLCP_Leiding wit 100m:3608793,-
0LGkUeZCf5_84yCewvaClm,Pipe Types:Uponor MLCP_Leiding wit 100m:3608798,-
1sGFLQ7J1CVh2MsFnz0JrN,Pipe Types:Uponor MLCP_Leiding wit 100m:3610819,-
1sGFLQ7J1CVh2MsFnz0JrH,Pipe Types:Uponor MLCP_Leiding wit 100m:3610821,-
1sGFLQ7J1CVh2MsFnz0JrU,Pipe Types:Uponor MLCP_Leiding wit 100m:3610826,-
1sGFLQ7J1CVh2MsFnz0JrQ,Pipe Types:Uponor MLCP_Leiding wit 100m:3610830,-
1sGFLQ7J1CVh2MsFnz0Jr0,Pipe Types:Uponor MLCP_Leiding wit 100m:3610836,-
1sGFLQ7J1CVh2MsFnz0JrC,Pipe Types:Uponor MLCP_Leiding wit 100m:3610840,-
1sGFLQ7J1CVh2MsFnz0JrE,Pipe Types:Uponor MLCP_Leiding wit 100m:3610842,-
1sGFLQ7J1CVh2MsFnz0JrA,Pipe Types:Uponor MLCP_Leiding wit 100m:3610846,-
1sGFLQ7J1CVh2MsFnz0Jrq,Pipe Types:Uponor MLCP_Leiding wit 100m:3610848,-
1sGFLQ7J1CVh2MsFnz0Jrs,Pipe Types:Uponor MLCP_Leiding wit 100m:3610850,-
1sGFLQ7J1CVh2MsFnz0Jrm,Pipe Types:Uponor MLCP_Leiding wit 100m:3610852,-
1sGFLQ7J1CVh2MsFnz0Jry,Pipe Types:Uponor MLCP_Leiding wit 100m:3610856,-
1sGFLQ7J1CVh2MsFnz0Jru,Pipe Types:Uponor MLCP_Leiding wit 100m:3610860,-
1sGFLQ7J1CVh2MsFnz0Jrd,Pipe Types:Uponor MLCP_Leiding wit 100m:3610867,-
1sGFLQ7J1CVh2MsFnz0JrZ,Pipe Types:Uponor MLCP_Leiding wit 100m:3610871,-
1sGFLQ7J1CVh2MsFnz0Jre,Pipe Types:Uponor MLCP_Leiding wit 100m:3610876,-
1sGFLQ7J1CVh2MsFnz0Jrg,Pipe Types:Uponor MLCP_Leiding wit 100m:3610878,-
1sGFLQ7J1CVh2MsFnz0JoV,Pipe Types:Uponor MLCP_Leiding wit 100m:3610891,-
1sGFLQ7J1CVh2MsFnz0JoP,Pipe Types:Uponor MLCP_Leiding wit 100m:3610893,-
1sGFLQ7J1CVh2MsFnz0Jo6,Pipe Types:Uponor MLCP_Leiding wit 100m:3610898,-
1sGFLQ7J1CVh2MsFnz0JoD,Pipe Types:Uponor MLCP_Leiding wit 100m:3610905,-
1sGFLQ7J1CVh2MsFnz0Jo9,Pipe Types:Uponor MLCP_Leiding wit 100m:3610909,-
1sGFLQ7J1CVh2MsFnz0Jor,Pipe Types:Uponor MLCP_Leiding wit 100m:3610913,-
1sGFLQ7J1CVh2MsFnz0Jom,Pipe Types:Uponor MLCP_Leiding wit 100m:3610916,-
1sGFLQ7J1CVh2MsFnz0Jo_,Pipe Types:Uponor MLCP_Leiding wit 100m:3610922,-
1sGFLQ7J1CVh2MsFnz0Jox,Pipe Types:Uponor MLCP_Leiding wit 100m:3610927,-
1sGFLQ7J1CVh2MsFnz0JoX,Pipe Types:Uponor MLCP_Leiding wit 100m:3610933,-
1sGFLQ7J1CVh2MsFnz0Joj,Pipe Types:Uponor MLCP_Leiding wit 100m:3610937,-
1sGFLQ7J1CVh2MsFnz0Jol,Pipe Types:Uponor MLCP_Leiding wit 100m:3610939,-
1sGFLQ7J1CVh2MsFnz0JpK,Pipe Types:Uponor MLCP_Leiding wit 100m:3610944,-
1sGFLQ7J1CVh2MsFnz0JpI,Pipe Types:Uponor MLCP_Leiding wit 100m:3610950,-
1sGFLQ7J1CVh2MsFnz0JpT,Pipe Types:Uponor MLCP_Leiding wit 100m:3610953,-
1sGFLQ7J1CVh2MsFnz0JpP,Pipe Types:Uponor MLCP_Leiding wit 100m:3610957,-
1sGFLQ7J1CVh2MsFnz0Jp6,Pipe Types:Uponor MLCP_Leiding wit 100m:3610962,-
1sGFLQ7J1CVh2MsFnz0Jp1,Pipe Types:Uponor MLCP_Leiding wit 100m:3610965,-
1sGFLQ7J1CVh2MsFnz0JpE,Pipe Types:Uponor MLCP_Leiding wit 100m:3610970,-
1sGFLQ7J1CVh2MsFnz0JpB,Pipe Types:Uponor MLCP_Leiding wit 100m:3610975,-
1sGFLQ7J1CVh2MsFnz0Jpm,Pipe Types:Uponor MLCP_Leiding wit 100m:3610980,-
1sGFLQ7J1CVh2MsFnz0Jp$,Pipe Types:Uponor MLCP_Leiding wit 100m:3610987,-
1sGFLQ7J1CVh2MsFnz0Jpw,Pipe Types:Uponor MLCP_Leiding wit 100m:3610990,-
1sGFLQ7J1CVh2MsFnz0Jpb,Pipe Types:Uponor MLCP_Leiding wit 100m:3610993,-
1sGFLQ7J1CVh2MsFnz0JpX,Pipe Types:Uponor MLCP_Leiding wit 100m:3610997,-
1sGFLQ7J1CVh2MsFnz0JpZ,Pipe Types:Uponor MLCP_Leiding wit 100m:3610999,-
1sGFLQ7J1CVh2MsFnz0Jpl,Pipe Types:Uponor MLCP_Leiding wit 100m:3611003,-
1sGFLQ7J1CVh2MsFnz0Jph,Pipe Types:Uponor MLCP_Leiding wit 100m:3611007,-
1sGFLQ7J1CVh2MsFnz0JmL,Pipe Types:Uponor MLCP_Leiding wit 100m:3611009,-
1sGFLQ7J1CVh2MsFnz0JmN,Pipe Types:Uponor MLCP_Leiding wit 100m:3611011,-
1sGFLQ7J1CVh2MsFnz0JmH,Pipe Types:Uponor MLCP_Leiding wit 100m:3611013,-
1sGFLQ7J1CVh2MsFnz0JmQ,Pipe Types:Uponor MLCP_Leiding wit 100m:3611022,-
1sGFLQ7J1CVh2MsFnz0Jm5,Pipe Types:Uponor MLCP_Leiding wit 100m:3611025,-
1sGFLQ7J1CVh2MsFnz0Jmr,Pipe Types:Uponor MLCP_Leiding wit 100m:3611041,-
1sGFLQ7J1CVh2MsFnz0Jmp,Pipe Types:Uponor MLCP_Leiding wit 100m:3611047,-
1sGFLQ7J1CVh2MsFnz0Jm_,Pipe Types:Uponor MLCP_Leiding wit 100m:3611050,-
1sGFLQ7J1CVh2MsFnz0JcV,Pipe Types:Uponor MLCP_Leiding wit 100m:3611659,-
1sGFLQ7J1CVh2MsFnz0JcP,Pipe Types:Uponor MLCP_Leiding wit 100m:3611661,-
1sGFLQ7J1CVh2MsFnz0Jc6,Pipe Types:Uponor MLCP_Leiding wit 100m:3611666,-
1sGFLQ7J1CVh2MsFnz0Jc2,Pipe Types:Uponor MLCP_Leiding wit 100m:3611670,-
1sGFLQ7J1CVh2MsFnz0Jc8,Pipe Types:Uponor MLCP_Leiding wit 100m:3611676,-
1sGFLQ7J1CVh2MsFnz0Jcq,Pipe Types:Uponor MLCP_Leiding wit 100m:3611680,-
1sGFLQ7J1CVh2MsFnz0Jcs,Pipe Types:Uponor MLCP_Leiding wit 100m:3611682,-
1sGFLQ7J1CVh2MsFnz0Jco,Pipe Types:Uponor MLCP_Leiding wit 100m:3611686,-
1sGFLQ7J1CVh2MsFnz0Jcy,Pipe Types:Uponor MLCP_Leiding wit 100m:3611688,-
1sGFLQ7J1CVh2MsFnz0Jc_,Pipe Types:Uponor MLCP_Leiding wit 100m:3611690,-
1sGFLQ7J1CVh2MsFnz0Jcu,Pipe Types:Uponor MLCP_Leiding wit 100m:3611692,-
1sGFLQ7J1CVh2MsFnz0Jca,Pipe Types:Uponor MLCP_Leiding wit 100m:3611696,-
1sGFLQ7J1CVh2MsFnz0Jcc,Pipe Types:Uponor MLCP_Leiding wit 100m:3611698,-
1sGFLQ7J1CVh2MsFnz0Jcj,Pipe Types:Uponor MLCP_Leiding wit 100m:3611705,-
1sGFLQ7J1CVh2MsFnz0Jcf,Pipe Types:Uponor MLCP_Leiding wit 100m:3611709,-
1sGFLQ7J1CVh2MsFnz0JdM,Pipe Types:Uponor MLCP_Leiding wit 100m:3611714,-
1sGFLQ7J1CVh2MsFnz0JdG,Pipe Types:Uponor MLCP_Leiding wit 100m:3611716,-
1sGFLQ7J1CVh2MsFnz0JdI,Pipe Types:Uponor MLCP_Leiding wit 100m:3611718,-
1sGFLQ7J1CVh2MsFnz0JdS,Pipe Types:Uponor MLCP_Leiding wit 100m:3611720,-
1sGFLQ7J1CVh2MsFnz0JdP,Pipe Types:Uponor MLCP_Leiding wit 100m:3611725,-
1sGFLQ7J1CVh2MsFnz0Jd0,Pipe Types:Uponor MLCP_Leiding wit 100m:3611732,-
1sGFLQ7J1CVh2MsFnz0JdC,Pipe Types:Uponor MLCP_Leiding wit 100m:3611736,-
1sGFLQ7J1CVh2MsFnz0Jd8,Pipe Types:Uponor MLCP_Leiding wit 100m:3611740,-
1sGFLQ7J1CVh2MsFnz0JdB,Pipe Types:Uponor MLCP_Leiding wit 100m:3611743,-
1sGFLQ7J1CVh2MsFnz0Jdn,Pipe Types:Uponor MLCP_Leiding wit 100m:3611749,-
1sGFLQ7J1CVh2MsFnz0Jd_,Pipe Types:Uponor MLCP_Leiding wit 100m:3611754,-
1sGFLQ7J1CVh2MsFnz0Jdw,Pipe Types:Uponor MLCP_Leiding wit 100m:3611758,-
1sGFLQ7J1CVh2MsFnz0Jdc,Pipe Types:Uponor MLCP_Leiding wit 100m:3611762,-
1sGFLQ7J1CVh2MsFnz0JdY,Pipe Types:Uponor MLCP_Leiding wit 100m:3611766,-
1sGFLQ7J1CVh2MsFnz0Jdk,Pipe Types:Uponor MLCP_Leiding wit 100m:3611770,-
1sGFLQ7J1CVh2MsFnz0Jdh,Pipe Types:Uponor MLCP_Leiding wit 100m:3611775,-
1sGFLQ7J1CVh2MsFnz0JaM,Pipe Types:Uponor MLCP_Leiding wit 100m:3611778,-
1sGFLQ7J1CVh2MsFnz0JaJ,Pipe Types:Uponor MLCP_Leiding wit 100m:3611783,-
1sGFLQ7J1CVh2MsFnz0JaO,Pipe Types:Uponor MLCP_Leiding wit 100m:3611788,-
1sGFLQ7J1CVh2MsFnz0Ja5,Pipe Types:Uponor MLCP_Leiding wit 100m:3611793,-
1sGFLQ7J1CVh2MsFnz0JaC,Pipe Types:Uponor MLCP_Leiding wit 100m:3611800,-
1sGFLQ7J1CVh2MsFnz0JaF,Pipe Types:Uponor MLCP_Leiding wit 100m:3611803,-
1sGFLQ7J1CVh2MsFnz0JaA,Pipe Types:Uponor MLCP_Leiding wit 100m:3611806,-
1sGFLQ7J1CVh2MsFnz0Jas,Pipe Types:Uponor MLCP_Leiding wit 100m:3611810,-
1sGFLQ7J1CVh2MsFnz0Jam,Pipe Types:Uponor MLCP_Leiding wit 100m:3611812,-
1sGFLQ7J1CVh2MsFnz0Jay,Pipe Types:Uponor MLCP_Leiding wit 100m:3611816,-
1sGFLQ7J1CVh2MsFnz0Jau,Pipe Types:Uponor MLCP_Leiding wit 100m:3611820,-
1sGFLQ7J1CVh2MsFnz0Jaw,Pipe Types:Uponor MLCP_Leiding wit 100m:3611822,-
1sGFLQ7J1CVh2MsFnz0Jaa,Pipe Types:Uponor MLCP_Leiding wit 100m:3611824,-
1sGFLQ7J1CVh2MsFnz0Jac,Pipe Types:Uponor MLCP_Leiding wit 100m:3611826,-
1sGFLQ7J1CVh2MsFnz0JaY,Pipe Types:Uponor MLCP_Leiding wit 100m:3611830,-
1sGFLQ7J1CVh2MsFnz0JbC,Pipe Types:Uponor MLCP_Leiding wit 100m:3611864,-
1sGFLQ7J1CVh2MsFnz0JbF,Pipe Types:Uponor MLCP_Leiding wit 100m:3611867,-
1sGFLQ7J1CVh2MsFnz0Jbt,Pipe Types:Uponor MLCP_Leiding wit 100m:3611875,-
1sGFLQ7J1CVh2MsFnz0Jbo,Pipe Types:Uponor MLCP_Leiding wit 100m:3611878,-
1sGFLQ7J1CVh2MsFnz0Jbz,Pipe Types:Uponor MLCP_Leiding wit 100m:3611881,-
1sGFLQ7J1CVh2MsFnz0Jbv,Pipe Types:Uponor MLCP_Leiding wit 100m:3611885,-
1sGFLQ7J1CVh2MsFnz0Jbx,Pipe Types:Uponor MLCP_Leiding wit 100m:3611887,-
1sGFLQ7J1CVh2MsFnz0Jbc,Pipe Types:Uponor MLCP_Leiding wit 100m:3611890,-
1q_Gab$_D8tubXihaSX9iz,Pipe Types:Uponor MLCP_Leiding wit 100m:3615270,-
1q_Gab$_D8tubXihaSX9ih,Pipe Types:Uponor MLCP_Leiding wit 100m:3615280,-
1q_Gab$_D8tubXihaSX9ia,Pipe Types:Uponor MLCP_Leiding wit 100m:3615295,-
1q_Gab$_D8tubXihaSX9jI,Pipe Types:Uponor MLCP_Leiding wit 100m:3615305,-
1q_Gab$_D8tubXihaSX9qY,Pipe Types:Uponor MLCP_Leiding wit 100m:3615801,-
1q_Gab$_D8tubXihaSX9rT,Pipe Types:Uponor MLCP_Leiding wit 100m:3615814,-
1q_Gab$_D8tubXihaSX84G,Pipe Types:Uponor MLCP_Leiding wit 100m:3616779,-
1q_Gab$_D8tubXihaSX84K,Pipe Types:Uponor MLCP_Leiding wit 100m:3616783,-
1q_Gab$_D8tubXihaSX848,Pipe Types:Uponor MLCP_Leiding wit 100m:3616787,-
1q_Gab$_D8tubXihaSX84E,Pipe Types:Uponor MLCP_Leiding wit 100m:3616789,-
1q_Gab$_D8tubXihaSX84C,Pipe Types:Uponor MLCP_Leiding wit 100m:3616791,-
1q_Gab$_D8tubXihaSX842,Pipe Types:Uponor MLCP_Leiding wit 100m:3616793,-
1q_Gab$_D8tubXihaSX84w,Pipe Types:Uponor MLCP_Leiding wit 100m:3616801,-
1q_Gab$_D8tubXihaSX84_,Pipe Types:Uponor MLCP_Leiding wit 100m:3616805,-
1q_Gab$_D8tubXihaSX84r,Pipe Types:Uponor MLCP_Leiding wit 100m:3616814,-
1q_Gab$_D8tubXihaSX84l,Pipe Types:Uponor MLCP_Leiding wit 100m:3616820,-
1q_Gab$_D8tubXihaSX84Y,Pipe Types:Uponor MLCP_Leiding wit 100m:3616825,-
1q_Gab$_D8tubXihaSX84W,Pipe Types:Uponor MLCP_Leiding wit 100m:3616827,-
1q_Gab$_D8tubXihaSX85O,Pipe Types:Uponor MLCP_Leiding wit 100m:3616835,-
1q_Gab$_D8tubXihaSX85U,Pipe Types:Uponor MLCP_Leiding wit 100m:3616837,-
1q_Gab$_D8tubXihaSX85S,Pipe Types:Uponor MLCP_Leiding wit 100m:3616839,-
1q_Gab$_D8tubXihaSX85N,Pipe Types:Uponor MLCP_Leiding wit 100m:3616844,-
1q_Gab$_D8tubXihaSX85A,Pipe Types:Uponor MLCP_Leiding wit 100m:3616849,-
1q_Gab$_D8tubXihaSX858,Pipe Types:Uponor MLCP_Leiding wit 100m:3616851,-
1q_Gab$_D8tubXihaSX85C,Pipe Types:Uponor MLCP_Leiding wit 100m:3616855,-
1q_Gab$_D8tubXihaSX856,Pipe Types:Uponor MLCP_Leiding wit 100m:3616861,-
1q_Gab$_D8tubXihaSX85x,Pipe Types:Uponor MLCP_Leiding wit 100m:3616864,-
1q_Gab$_D8tubXihaSX85y,Pipe Types:Uponor MLCP_Leiding wit 100m:3616871,-
1q_Gab$_D8tubXihaSX85m,Pipe Types:Uponor MLCP_Leiding wit 100m:3616875,-
1q_Gab$_D8tubXihaSX85s,Pipe Types:Uponor MLCP_Leiding wit 100m:3616877,-
1q_Gab$_D8tubXihaSX85g,Pipe Types:Uponor MLCP_Leiding wit 100m:3616881,-
1q_Gab$_D8tubXihaSX85k,Pipe Types:Uponor MLCP_Leiding wit 100m:3616885,-
1q_Gab$_D8tubXihaSX85X,Pipe Types:Uponor MLCP_Leiding wit 100m:3616890,-
1q_Gab$_D8tubXihaSX85a,Pipe Types:Uponor MLCP_Leiding wit 100m:3616895,-
1q_Gab$_D8tubXihaSX86P,Pipe Types:Uponor MLCP_Leiding wit 100m:3616898,-
1q_Gab$_D8tubXihaSX86S,Pipe Types:Uponor MLCP_Leiding wit 100m:3616903,-
1q_Gab$_D8tubXihaSX86I,Pipe Types:Uponor MLCP_Leiding wit 100m:3616905,-
1q_Gab$_D8tubXihaSX86M,Pipe Types:Uponor MLCP_Leiding wit 100m:3616909,-
1q_Gab$_D8tubXihaSX86A,Pipe Types:Uponor MLCP_Leiding wit 100m:3616913,-
1q_Gab$_D8tubXihaSX86F,Pipe Types:Uponor MLCP_Leiding wit 100m:3616916,-
1q_Gab$_D8tubXihaSX860,Pipe Types:Uponor MLCP_Leiding wit 100m:3616923,-
1q_Gab$_D8tubXihaSX866,Pipe Types:Uponor MLCP_Leiding wit 100m:3616925,-
1q_Gab$_D8tubXihaSX86w,Pipe Types:Uponor MLCP_Leiding wit 100m:3616929,-
1q_Gab$_D8tubXihaSX86$,Pipe Types:Uponor MLCP_Leiding wit 100m:3616932,-
1q_Gab$_D8tubXihaSX86o,Pipe Types:Uponor MLCP_Leiding wit 100m:3616937,-
1q_Gab$_D8tubXihaSX86t,Pipe Types:Uponor MLCP_Leiding wit 100m:3616940,-
1q_Gab$_D8tubXihaSX86g,Pipe Types:Uponor MLCP_Leiding wit 100m:3616945,-
1q_Gab$_D8tubXihaSX86e,Pipe Types:Uponor MLCP_Leiding wit 100m:3616947,-
1q_Gab$_D8tubXihaSX86j,Pipe Types:Uponor MLCP_Leiding wit 100m:3616950,-
1q_Gab$_D8tubXihaSX86W,Pipe Types:Uponor MLCP_Leiding wit 100m:3616955,-
1q_Gab$_D8tubXihaSX86b,Pipe Types:Uponor MLCP_Leiding wit 100m:3616958,-
1q_Gab$_D8tubXihaSX87L,Pipe Types:Uponor MLCP_Leiding wit 100m:3616974,-
1q_Gab$_D8tubXihaSX87B,Pipe Types:Uponor MLCP_Leiding wit 100m:3616976,-
1q_Gab$_D8tubXihaSX87D,Pipe Types:Uponor MLCP_Leiding wit 100m:3616982,-
1q_Gab$_D8tubXihaSX87u,Pipe Types:Uponor MLCP_Leiding wit 100m:3616995,-
1q_Gab$_D8tubXihaSX87t,Pipe Types:Uponor MLCP_Leiding wit 100m:3617004,-
1q_Gab$_D8tubXihaSX87r,Pipe Types:Uponor MLCP_Leiding wit 100m:3617006,-
1q_Gab$_D8tubXihaSX87l,Pipe Types:Uponor MLCP_Leiding wit 100m:3617012,-
1q_Gab$_D8tubXihaSX87j,Pipe Types:Uponor MLCP_Leiding wit 100m:3617014,-
1q_Gab$_D8tubXihaSX87d,Pipe Types:Uponor MLCP_Leiding wit 100m:3617020,-
1q_Gab$_D8tubXihaSX87a,Pipe Types:Uponor MLCP_Leiding wit 100m:3617023,-
3f83qjCXT78PrEdrAw7cRZ,Pipe Types:Uponor MLCP_Leiding wit 100m:3618270,-
3f83qjCXT78PrEdrAw7cRL,Pipe Types:Uponor MLCP_Leiding wit 100m:3618280,-
3f83qjCXT78PrEdrAw7cLq,Pipe Types:Uponor MLCP_Leiding wit 100m:3618377,-
3f83qjCXT78PrEdrAw7cLX,Pipe Types:Uponor MLCP_Leiding wit 100m:3618396,-
3f83qjCXT78PrEdrAw7ciV,Pipe Types:Uponor MLCP_Leiding wit 100m:3618850,-
3f83qjCXT78PrEdrAw7ciI,Pipe Types:Uponor MLCP_Leiding wit 100m:3618863,-
1dcI9nt4j5DwH3yFI382Q1,Pipe Types:Uponor MLCP_Leiding wit 100m:3619810,-
1dcI9nt4j5DwH3yFI382Q5,Pipe Types:Uponor MLCP_Leiding wit 100m:3619814,-
1dcI9nt4j5DwH3yFI382Q9,Pipe Types:Uponor MLCP_Leiding wit 100m:3619818,-
1dcI9nt4j5DwH3yFI382QF,Pipe Types:Uponor MLCP_Leiding wit 100m:3619820,-
1dcI9nt4j5DwH3yFI382QD,Pipe Types:Uponor MLCP_Leiding wit 100m:3619822,-
1dcI9nt4j5DwH3yFI382QJ,Pipe Types:Uponor MLCP_Leiding wit 100m:3619824,-
1dcI9nt4j5DwH3yFI382QR,Pipe Types:Uponor MLCP_Leiding wit 100m:3619832,-
1dcI9nt4j5DwH3yFI382QV,Pipe Types:Uponor MLCP_Leiding wit 100m:3619836,-
1dcI9nt4j5DwH3yFI3825b,Pipe Types:Uponor MLCP_Leiding wit 100m:3619846,-
1dcI9nt4j5DwH3yFI3825l,Pipe Types:Uponor MLCP_Leiding wit 100m:3619852,-
1dcI9nt4j5DwH3yFI3825o,Pipe Types:Uponor MLCP_Leiding wit 100m:3619857,-
1dcI9nt4j5DwH3yFI3825m,Pipe Types:Uponor MLCP_Leiding wit 100m:3619859,-
1dcI9nt4j5DwH3yFI3825w,Pipe Types:Uponor MLCP_Leiding wit 100m:3619865,-
1dcI9nt4j5DwH3yFI3825u,Pipe Types:Uponor MLCP_Leiding wit 100m:3619867,-
1dcI9nt4j5DwH3yFI3825_,Pipe Types:Uponor MLCP_Leiding wit 100m:3619869,-
1dcI9nt4j5DwH3yFI3825y,Pipe Types:Uponor MLCP_Leiding wit 100m:3619871,-
1dcI9nt4j5DwH3yFI38257,Pipe Types:Uponor MLCP_Leiding wit 100m:3619876,-
1dcI9nt4j5DwH3yFI3825A,Pipe Types:Uponor MLCP_Leiding wit 100m:3619881,-
1dcI9nt4j5DwH3yFI38258,Pipe Types:Uponor MLCP_Leiding wit 100m:3619883,-
1dcI9nt4j5DwH3yFI3825C,Pipe Types:Uponor MLCP_Leiding wit 100m:3619887,-
1dcI9nt4j5DwH3yFI3825N,Pipe Types:Uponor MLCP_Leiding wit 100m:3619892,-
1dcI9nt4j5DwH3yFI3825O,Pipe Types:Uponor MLCP_Leiding wit 100m:3619899,-
1dcI9nt4j5DwH3yFI3825S,Pipe Types:Uponor MLCP_Leiding wit 100m:3619903,-
1dcI9nt4j5DwH3yFI3824Y,Pipe Types:Uponor MLCP_Leiding wit 100m:3619905,-
1dcI9nt4j5DwH3yFI3824c,Pipe Types:Uponor MLCP_Leiding wit 100m:3619909,-
1dcI9nt4j5DwH3yFI3824g,Pipe Types:Uponor MLCP_Leiding wit 100m:3619913,-
1dcI9nt4j5DwH3yFI3824j,Pipe Types:Uponor MLCP_Leiding wit 100m:3619918,-
1dcI9nt4j5DwH3yFI3824m,Pipe Types:Uponor MLCP_Leiding wit 100m:3619923,-
1dcI9nt4j5DwH3yFI3824s,Pipe Types:Uponor MLCP_Leiding wit 100m:3619925,-
1dcI9nt4j5DwH3yFI3824w,Pipe Types:Uponor MLCP_Leiding wit 100m:3619929,-
1dcI9nt4j5DwH3yFI3824$,Pipe Types:Uponor MLCP_Leiding wit 100m:3619932,-
1dcI9nt4j5DwH3yFI38242,Pipe Types:Uponor MLCP_Leiding wit 100m:3619937,-
1dcI9nt4j5DwH3yFI38240,Pipe Types:Uponor MLCP_Leiding wit 100m:3619939,-
1dcI9nt4j5DwH3yFI3824A,Pipe Types:Uponor MLCP_Leiding wit 100m:3619945,-
1dcI9nt4j5DwH3yFI38248,Pipe Types:Uponor MLCP_Leiding wit 100m:3619947,-
1dcI9nt4j5DwH3yFI3824D,Pipe Types:Uponor MLCP_Leiding wit 100m:3619950,-
1dcI9nt4j5DwH3yFI3824G,Pipe Types:Uponor MLCP_Leiding wit 100m:3619955,-
1dcI9nt4j5DwH3yFI3824L,Pipe Types:Uponor MLCP_Leiding wit 100m:3619958,-
1dcI9nt4j5DwH3yFI3824O,Pipe Types:Uponor MLCP_Leiding wit 100m:3619963,-
1dcI9nt4j5DwH3yFI3827W,Pipe Types:Uponor MLCP_Leiding wit 100m:3619971,-
1dcI9nt4j5DwH3yFI3827c,Pipe Types:Uponor MLCP_Leiding wit 100m:3619973,-
1dcI9nt4j5DwH3yFI3827g,Pipe Types:Uponor MLCP_Leiding wit 100m:3619977,-
1dcI9nt4j5DwH3yFI3827l,Pipe Types:Uponor MLCP_Leiding wit 100m:3619980,-
1dcI9nt4j5DwH3yFI3827o,Pipe Types:Uponor MLCP_Leiding wit 100m:3619985,-
1dcI9nt4j5DwH3yFI3827s,Pipe Types:Uponor MLCP_Leiding wit 100m:3619989,-
1dcI9nt4j5DwH3yFI3827q,Pipe Types:Uponor MLCP_Leiding wit 100m:3619991,-
1dcI9nt4j5DwH3yFI3827_,Pipe Types:Uponor MLCP_Leiding wit 100m:3619997,-
1dcI9nt4j5DwH3yFI3827F,Pipe Types:Uponor MLCP_Leiding wit 100m:3620012,-
1dcI9nt4j5DwH3yFI3827L,Pipe Types:Uponor MLCP_Leiding wit 100m:3620022,-
1dcI9nt4j5DwH3yFI3827O,Pipe Types:Uponor MLCP_Leiding wit 100m:3620027,-
1dcI9nt4j5DwH3yFI3826W,Pipe Types:Uponor MLCP_Leiding wit 100m:3620035,-
1dcI9nt4j5DwH3yFI3826c,Pipe Types:Uponor MLCP_Leiding wit 100m:3620037,-
1dcI9nt4j5DwH3yFI3826k,Pipe Types:Uponor MLCP_Leiding wit 100m:3620045,-
1dcI9nt4j5DwH3yFI3826i,Pipe Types:Uponor MLCP_Leiding wit 100m:3620047,-
1dcI9nt4j5DwH3yFI3826m,Pipe Types:Uponor MLCP_Leiding wit 100m:3620051,-
1dcI9nt4j5DwH3yFI3826r,Pipe Types:Uponor MLCP_Leiding wit 100m:3620054,-
1dcI9nt4j5DwH3yFI382FD,Pipe Types:Uponor MLCP_Leiding wit 100m:3620526,-
1dcI9nt4j5DwH3yFI3828z,Pipe Types:Uponor MLCP_Leiding wit 100m:3620702,-
1dcI9nt4j5DwH3yFI385_d,Pipe Types:Uponor MLCP_Leiding wit 100m:3621572,-
1dcI9nt4j5DwH3yFI385_b,Pipe Types:Uponor MLCP_Leiding wit 100m:3621574,-
1dcI9nt4j5DwH3yFI385_e,Pipe Types:Uponor MLCP_Leiding wit 100m:3621579,-
1dcI9nt4j5DwH3yFI385_i,Pipe Types:Uponor MLCP_Leiding wit 100m:3621583,-
1dcI9nt4j5DwH3yFI385_m,Pipe Types:Uponor MLCP_Leiding wit 100m:3621587,-
1dcI9nt4j5DwH3yFI385_q,Pipe Types:Uponor MLCP_Leiding wit 100m:3621591,-
1dcI9nt4j5DwH3yFI385_w,Pipe Types:Uponor MLCP_Leiding wit 100m:3621593,-
1dcI9nt4j5DwH3yFI385__,Pipe Types:Uponor MLCP_Leiding wit 100m:3621597,-
1dcI9nt4j5DwH3yFI385_y,Pipe Types:Uponor MLCP_Leiding wit 100m:3621599,-
1dcI9nt4j5DwH3yFI385_2,Pipe Types:Uponor MLCP_Leiding wit 100m:3621601,-
1dcI9nt4j5DwH3yFI385_0,Pipe Types:Uponor MLCP_Leiding wit 100m:3621603,-
1dcI9nt4j5DwH3yFI385_4,Pipe Types:Uponor MLCP_Leiding wit 100m:3621607,-
1dcI9nt4j5DwH3yFI385_8,Pipe Types:Uponor MLCP_Leiding wit 100m:3621611,-
1dcI9nt4j5DwH3yFI385_H,Pipe Types:Uponor MLCP_Leiding wit 100m:3621618,-
1dcI9nt4j5DwH3yFI385_L,Pipe Types:Uponor MLCP_Leiding wit 100m:3621622,-
1dcI9nt4j5DwH3yFI385_O,Pipe Types:Uponor MLCP_Leiding wit 100m:3621627,-
1dcI9nt4j5DwH3yFI385_U,Pipe Types:Uponor MLCP_Leiding wit 100m:3621629,-
1dcI9nt4j5DwH3yFI385vf,Pipe Types:Uponor MLCP_Leiding wit 100m:3621642,-
1dcI9nt4j5DwH3yFI385vl,Pipe Types:Uponor MLCP_Leiding wit 100m:3621644,-
1dcI9nt4j5DwH3yFI385vo,Pipe Types:Uponor MLCP_Leiding wit 100m:3621649,-
1dcI9nt4j5DwH3yFI385vx,Pipe Types:Uponor MLCP_Leiding wit 100m:3621656,-
1dcI9nt4j5DwH3yFI385v$,Pipe Types:Uponor MLCP_Leiding wit 100m:3621660,-
1dcI9nt4j5DwH3yFI385v3,Pipe Types:Uponor MLCP_Leiding wit 100m:3621664,-
1dcI9nt4j5DwH3yFI385v0,Pipe Types:Uponor MLCP_Leiding wit 100m:3621667,-
1dcI9nt4j5DwH3yFI385vA,Pipe Types:Uponor MLCP_Leiding wit 100m:3621673,-
1dcI9nt4j5DwH3yFI385vD,Pipe Types:Uponor MLCP_Leiding wit 100m:3621678,-
1dcI9nt4j5DwH3yFI385vN,Pipe Types:Uponor MLCP_Leiding wit 100m:3621684,-
1dcI9nt4j5DwH3yFI385vR,Pipe Types:Uponor MLCP_Leiding wit 100m:3621688,-
1dcI9nt4j5DwH3yFI385vP,Pipe Types:Uponor MLCP_Leiding wit 100m:3621690,-
1dcI9nt4j5DwH3yFI385vS,Pipe Types:Uponor MLCP_Leiding wit 100m:3621695,-
1dcI9nt4j5DwH3yFI385uc,Pipe Types:Uponor MLCP_Leiding wit 100m:3621701,-
1dcI9nt4j5DwH3yFI385uh,Pipe Types:Uponor MLCP_Leiding wit 100m:3621704,-
1dcI9nt4j5DwH3yFI385ul,Pipe Types:Uponor MLCP_Leiding wit 100m:3621708,-
1dcI9nt4j5DwH3yFI385uo,Pipe Types:Uponor MLCP_Leiding wit 100m:3621713,-
1dcI9nt4j5DwH3yFI385ut,Pipe Types:Uponor MLCP_Leiding wit 100m:3621716,-
1dcI9nt4j5DwH3yFI385uw,Pipe Types:Uponor MLCP_Leiding wit 100m:3621721,-
1dcI9nt4j5DwH3yFI385uz,Pipe Types:Uponor MLCP_Leiding wit 100m:3621726,-
1dcI9nt4j5DwH3yFI385u0,Pipe Types:Uponor MLCP_Leiding wit 100m:3621731,-
1dcI9nt4j5DwH3yFI385u9,Pipe Types:Uponor MLCP_Leiding wit 100m:3621738,-
1dcI9nt4j5DwH3yFI385uE,Pipe Types:Uponor MLCP_Leiding wit 100m:3621741,-
1dcI9nt4j5DwH3yFI385uJ,Pipe Types:Uponor MLCP_Leiding wit 100m:3621744,-
1dcI9nt4j5DwH3yFI385uN,Pipe Types:Uponor MLCP_Leiding wit 100m:3621748,-
1dcI9nt4j5DwH3yFI385uL,Pipe Types:Uponor MLCP_Leiding wit 100m:3621750,-
1dcI9nt4j5DwH3yFI385uP,Pipe Types:Uponor MLCP_Leiding wit 100m:3621754,-
1dcI9nt4j5DwH3yFI385uT,Pipe Types:Uponor MLCP_Leiding wit 100m:3621758,-
1dcI9nt4j5DwH3yFI385xZ,Pipe Types:Uponor MLCP_Leiding wit 100m:3621760,-
1dcI9nt4j5DwH3yFI385xX,Pipe Types:Uponor MLCP_Leiding wit 100m:3621762,-
1dcI9nt4j5DwH3yFI385xd,Pipe Types:Uponor MLCP_Leiding wit 100m:3621764,-
1dcI9nt4j5DwH3yFI385xk,Pipe Types:Uponor MLCP_Leiding wit 100m:3621773,-
1dcI9nt4j5DwH3yFI385xp,Pipe Types:Uponor MLCP_Leiding wit 100m:3621776,-
1dcI9nt4j5DwH3yFI385x3,Pipe Types:Uponor MLCP_Leiding wit 100m:3621792,-
1dcI9nt4j5DwH3yFI385x7,Pipe Types:Uponor MLCP_Leiding wit 100m:3621796,-
1dcI9nt4j5DwH3yFI385x4,Pipe Types:Uponor MLCP_Leiding wit 100m:3621799,-
1dcI9nt4j5DwH3yFI385x9,Pipe Types:Uponor MLCP_Leiding wit 100m:3621802,-
0QoXnYrSP23wZbVcPb4NCF,Pipe Types:Uponor MLCP_Leiding wit 100m:3622700,-
0QoXnYrSP23wZbVcPb4NCD,Pipe Types:Uponor MLCP_Leiding wit 100m:3622702,-
0QoXnYrSP23wZbVcPb4NCG,Pipe Types:Uponor MLCP_Leiding wit 100m:3622707,-
0QoXnYrSP23wZbVcPb4NCK,Pipe Types:Uponor MLCP_Leiding wit 100m:3622711,-
0QoXnYrSP23wZbVcPb4NCU,Pipe Types:Uponor MLCP_Leiding wit 100m:3622717,-
0QoXnYrSP23wZbVcPb4NDY,Pipe Types:Uponor MLCP_Leiding wit 100m:3622721,-
0QoXnYrSP23wZbVcPb4NDW,Pipe Types:Uponor MLCP_Leiding wit 100m:3622723,-
0QoXnYrSP23wZbVcPb4NDa,Pipe Types:Uponor MLCP_Leiding wit 100m:3622727,-
0QoXnYrSP23wZbVcPb4NDg,Pipe Types:Uponor MLCP_Leiding wit 100m:3622729,-
0QoXnYrSP23wZbVcPb4NDe,Pipe Types:Uponor MLCP_Leiding wit 100m:3622731,-
0QoXnYrSP23wZbVcPb4NDk,Pipe Types:Uponor MLCP_Leiding wit 100m:3622733,-
0QoXnYrSP23wZbVcPb4NDo,Pipe Types:Uponor MLCP_Leiding wit 100m:3622737,-
0QoXnYrSP23wZbVcPb4NDm,Pipe Types:Uponor MLCP_Leiding wit 100m:3622739,-
0QoXnYrSP23wZbVcPb4NDv,Pipe Types:Uponor MLCP_Leiding wit 100m:3622746,-
0QoXnYrSP23wZbVcPb4NDz,Pipe Types:Uponor MLCP_Leiding wit 100m:3622750,-
0QoXnYrSP23wZbVcPb4ND0,Pipe Types:Uponor MLCP_Leiding wit 100m:3622755,-
0QoXnYrSP23wZbVcPb4ND6,Pipe Types:Uponor MLCP_Leiding wit 100m:3622757,-
0QoXnYrSP23wZbVcPb4ND4,Pipe Types:Uponor MLCP_Leiding wit 100m:3622759,-
0QoXnYrSP23wZbVcPb4NDA,Pipe Types:Uponor MLCP_Leiding wit 100m:3622761,-
0QoXnYrSP23wZbVcPb4NDD,Pipe Types:Uponor MLCP_Leiding wit 100m:3622766,-
0QoXnYrSP23wZbVcPb4NDM,Pipe Types:Uponor MLCP_Leiding wit 100m:3622773,-
0QoXnYrSP23wZbVcPb4NDQ,Pipe Types:Uponor MLCP_Leiding wit 100m:3622777,-
0QoXnYrSP23wZbVcPb4NDU,Pipe Types:Uponor MLCP_Leiding wit 100m:3622781,-
0QoXnYrSP23wZbVcPb4NEZ,Pipe Types:Uponor MLCP_Leiding wit 100m:3622784,-
0QoXnYrSP23wZbVcPb4NEb,Pipe Types:Uponor MLCP_Leiding wit 100m:3622790,-
0QoXnYrSP23wZbVcPb4NEe,Pipe Types:Uponor MLCP_Leiding wit 100m:3622795,-
0QoXnYrSP23wZbVcPb4NEi,Pipe Types:Uponor MLCP_Leiding wit 100m:3622799,-
0QoXnYrSP23wZbVcPb4NEm,Pipe Types:Uponor MLCP_Leiding wit 100m:3622803,-
0QoXnYrSP23wZbVcPb4NEq,Pipe Types:Uponor MLCP_Leiding wit 100m:3622807,-
0QoXnYrSP23wZbVcPb4NEu,Pipe Types:Uponor MLCP_Leiding wit 100m:3622811,-
0QoXnYrSP23wZbVcPb4NE3,Pipe Types:Uponor MLCP_Leiding wit 100m:3622816,-
0QoXnYrSP23wZbVcPb4NE0,Pipe Types:Uponor MLCP_Leiding wit 100m:3622819,-
0QoXnYrSP23wZbVcPb4NEB,Pipe Types:Uponor MLCP_Leiding wit 100m:3622824,-
0QoXnYrSP23wZbVcPb4NEE,Pipe Types:Uponor MLCP_Leiding wit 100m:3622829,-
0QoXnYrSP23wZbVcPb4NEH,Pipe Types:Uponor MLCP_Leiding wit 100m:3622834,-
0QoXnYrSP23wZbVcPb4NEQ,Pipe Types:Uponor MLCP_Leiding wit 100m:3622841,-
0QoXnYrSP23wZbVcPb4NEV,Pipe Types:Uponor MLCP_Leiding wit 100m:3622844,-
0QoXnYrSP23wZbVcPb4NES,Pipe Types:Uponor MLCP_Leiding wit 100m:3622847,-
0QoXnYrSP23wZbVcPb4NFW,Pipe Types:Uponor MLCP_Leiding wit 100m:3622851,-
0QoXnYrSP23wZbVcPb4NFc,Pipe Types:Uponor MLCP_Leiding wit 100m:3622853,-
0QoXnYrSP23wZbVcPb4NFg,Pipe Types:Uponor MLCP_Leiding wit 100m:3622857,-
0QoXnYrSP23wZbVcPb4NFk,Pipe Types:Uponor MLCP_Leiding wit 100m:3622861,-
0QoXnYrSP23wZbVcPb4NFi,Pipe Types:Uponor MLCP_Leiding wit 100m:3622863,-
0QoXnYrSP23wZbVcPb4NFo,Pipe Types:Uponor MLCP_Leiding wit 100m:3622865,-
0QoXnYrSP23wZbVcPb4NFm,Pipe Types:Uponor MLCP_Leiding wit 100m:3622867,-
0QoXnYrSP23wZbVcPb4NFq,Pipe Types:Uponor MLCP_Leiding wit 100m:3622871,-
0QoXnYrSP23wZbVcPb4NFQ,Pipe Types:Uponor MLCP_Leiding wit 100m:3622905,-
0QoXnYrSP23wZbVcPb4NFV,Pipe Types:Uponor MLCP_Leiding wit 100m:3622908,-
0QoXnYrSP23wZbVcPb4Nmd,Pipe Types:Uponor MLCP_Leiding wit 100m:3622916,-
0QoXnYrSP23wZbVcPb4Nma,Pipe Types:Uponor MLCP_Leiding wit 100m:3622919,-
0QoXnYrSP23wZbVcPb4Nmf,Pipe Types:Uponor MLCP_Leiding wit 100m:3622922,-
0QoXnYrSP23wZbVcPb4Nmj,Pipe Types:Uponor MLCP_Leiding wit 100m:3622926,-
0QoXnYrSP23wZbVcPb4Nmp,Pipe Types:Uponor MLCP_Leiding wit 100m:3622928,-
0QoXnYrSP23wZbVcPb4Nmm,Pipe Types:Uponor MLCP_Leiding wit 100m:3622931,-
0BnSB8KCL1i96PRZ4EAB$7,Pipe Types:Uponor MLCP_Leiding wit 100m:3624148,-
0BnSB8KCL1i96PRZ4EAB$F,Pipe Types:Uponor MLCP_Leiding wit 100m:3624156,-
01cRnVgiPEBumFVFxVJRZ7,Pipe Types:Uponor MLCP_Leiding wit 100m:3624661,-
01cRnVgiPEBumFVFxVJRZp,Pipe Types:Uponor MLCP_Leiding wit 100m:3624673,-
01cRnVgiPEBumFVFxVJRZl,Pipe Types:Uponor MLCP_Leiding wit 100m:3624701,-
01cRnVgiPEBumFVFxVJRaL,Pipe Types:Uponor MLCP_Leiding wit 100m:3624711,-
3qDngz_Yj99w0NLE_y6xTH,Pipe Types:Uponor MLCP_Leiding wit 100m:3625176,-
3qDngz_Yj99w0NLE_y6xTi,Pipe Types:Uponor MLCP_Leiding wit 100m:3625189,-
3qDngz_Yj99w0NLE_y6xML,Pipe Types:Uponor MLCP_Leiding wit 100m:3625500,-
3qDngz_Yj99w0NLE_y6xN8,Pipe Types:Uponor MLCP_Leiding wit 100m:3625537,-
0$kh_BAkzCFf69zhr1n6vh,Pipe Types:Uponor MLCP_Leiding wit 100m:3625913,-
0$kh_BAkzCFf69zhr1n6vf,Pipe Types:Uponor MLCP_Leiding wit 100m:3625915,-
0$kh_BAkzCFf69zhr1n6uI,Pipe Types:Uponor MLCP_Leiding wit 100m:3625920,-
0$kh_BAkzCFf69zhr1n6uL,Pipe Types:Uponor MLCP_Leiding wit 100m:3625927,-
0$kh_BAkzCFf69zhr1n6be,Pipe Types:Uponor MLCP_Leiding wit 100m:3626170,-
0$kh_BAkzCFf69zhr1n6ZC,Pipe Types:Uponor MLCP_Leiding wit 100m:3626270,-
0$kh_BAkzCFf69zhr1n6X0,Pipe Types:Uponor MLCP_Leiding wit 100m:3626386,-
2VaDUA8rPD6uoR4xP2ENJY,Pipe Types:Uponor MLCP_Leiding wit 100m:3626696,-
2VaDUA8rPD6uoR4xP2ENgn,Pipe Types:Uponor MLCP_Leiding wit 100m:3627163,-
2VaDUA8rPD6uoR4xP2ENgr,Pipe Types:Uponor MLCP_Leiding wit 100m:3627167,-
2VaDUA8rPD6uoR4xP2ENYw,Pipe Types:Uponor MLCP_Leiding wit 100m:3627664,-
2VaDUA8rPD6uoR4xP2ENYs,Pipe Types:Uponor MLCP_Leiding wit 100m:3627676,-
2VaDUA8rPD6uoR4xP2ENYV,Pipe Types:Uponor MLCP_Leiding wit 100m:3627701,-
2VaDUA8rPD6uoR4xP2ENYN,Pipe Types:Uponor MLCP_Leiding wit 100m:3627709,-
3IPcmGCSf2Hv_kF2M3Wtxq,Pipe Types:Uponor MLCP_Leiding wit 100m:3628092,-
3IPcmGCSf2Hv_kF2M3WtwE,Pipe Types:Uponor MLCP_Leiding wit 100m:3628102,-
3IPcmGCSf2Hv_kF2M3Wtwh,Pipe Types:Uponor MLCP_Leiding wit 100m:3628131,-
3IPcmGCSf2Hv_kF2M3Wt_M,Pipe Types:Uponor MLCP_Leiding wit 100m:3628382,-
3IPcmGCSf2Hv_kF2M3Wt_k,Pipe Types:Uponor MLCP_Leiding wit 100m:3628390,-
3IPcmGCSf2Hv_kF2M3Wtz8,Pipe Types:Uponor MLCP_Leiding wit 100m:3628416,-
3IPcmGCSf2Hv_kF2M3Wtz0,Pipe Types:Uponor MLCP_Leiding wit 100m:3628424,-
3IPcmGCSf2Hv_kF2M3WttH,Pipe Types:Uponor MLCP_Leiding wit 100m:3628825,-
3IPcmGCSf2Hv_kF2M3Wtty,Pipe Types:Uponor MLCP_Leiding wit 100m:3628852,-
3IPcmGCSf2Hv_kF2M3WtrZ,Pipe Types:Uponor MLCP_Leiding wit 100m:3628971,-
3IPcmGCSf2Hv_kF2M3Wtry,Pipe Types:Uponor MLCP_Leiding wit 100m:3628980,-
3IPcmGCSf2Hv_kF2M3WqBP,Pipe Types:Uponor MLCP_Leiding wit 100m:3629073,-
3IPcmGCSf2Hv_kF2M3WqBa,Pipe Types:Uponor MLCP_Leiding wit 100m:3629100,-
3IPcmGCSf2Hv_kF2M3WqBx,Pipe Types:Uponor MLCP_Leiding wit 100m:3629107,-
3IPcmGCSf2Hv_kF2M3WqAE,Pipe Types:Uponor MLCP_Leiding wit 100m:3629126,-
3IPcmGCSf2Hv_kF2M3WqA7,Pipe Types:Uponor MLCP_Leiding wit 100m:3629135,-
3IPcmGCSf2Hv_kF2M3Wq4L,Pipe Types:Uponor MLCP_Leiding wit 100m:3630045,-
3IPcmGCSf2Hv_kF2M3WqPx,Pipe Types:Uponor MLCP_Leiding wit 100m:3630259,-
3IPcmGCSf2Hv_kF2M3WqPq,Pipe Types:Uponor MLCP_Leiding wit 100m:3630268,-
23CNv0At11$9umIULnNILy,Pipe Types:Uponor MLCP_Leiding wit 100m:3631395,-
23CNv0At11$9umIULnNIOz,Pipe Types:Uponor MLCP_Leiding wit 100m:3631714,-
23CNv0At11$9umIULnNIR3,Pipe Types:Uponor MLCP_Leiding wit 100m:3631772,-
23CNv0At11$9umIULnNIQk,Pipe Types:Uponor MLCP_Leiding wit 100m:3631857,-
23CNv0At11$9umIULnNIQa,Pipe Types:Uponor MLCP_Leiding wit 100m:3631867,-
23CNv0At11$9umIULnNIU_,Pipe Types:Uponor MLCP_Leiding wit 100m:3632097,-
23CNv0At11$9umIULnNI1m,Pipe Types:Uponor MLCP_Leiding wit 100m:3632175,-
23CNv0At11$9umIULnNI0B,Pipe Types:Uponor MLCP_Leiding wit 100m:3632212,-
23CNv0At11$9umIULnNI3a,Pipe Types:Uponor MLCP_Leiding wit 100m:3632315,-
23CNv0At11$9umIULnNI2e,Pipe Types:Uponor MLCP_Leiding wit 100m:3632375,-
23CNv0At11$9umIULnNI52,Pipe Types:Uponor MLCP_Leiding wit 100m:3632413,-
23CNv0At11$9umIULnNI4v,Pipe Types:Uponor MLCP_Leiding wit 100m:3632486,-
23CNv0At11$9umIULnNI4l,Pipe Types:Uponor MLCP_Leiding wit 100m:3632496,-
23CNv0At11$9umIULnNI7h,Pipe Types:Uponor MLCP_Leiding wit 100m:3632564,-
2uNOuyVrz7OOo78YFaNKeL,Pipe Types:Uponor MLCP_Leiding wit 100m:3635559,-
2uNOuyVrz7OOo78YFaNKe1,Pipe Types:Uponor MLCP_Leiding wit 100m:3635571,-
2uNOuyVrz7OOo78YFaNKZm,Pipe Types:Uponor MLCP_Leiding wit 100m:3636098,-
2uNOuyVrz7OOo78YFaNKZX,Pipe Types:Uponor MLCP_Leiding wit 100m:3636115,-
2uNOuyVrz7OOo78YFaNKv8,Pipe Types:Uponor MLCP_Leiding wit 100m:3636538,-
2uNOuyVrz7OOo78YFaNKvE,Pipe Types:Uponor MLCP_Leiding wit 100m:3636540,-
2uNOuyVrz7OOo78YFaNKue,Pipe Types:Uponor MLCP_Leiding wit 100m:3636570,-
2uNOuyVrz7OOo78YFaNKuI,Pipe Types:Uponor MLCP_Leiding wit 100m:3636576,-
2uNOuyVrz7OOo78YFaNKuG,Pipe Types:Uponor MLCP_Leiding wit 100m:3636578,-
2uNOuyVrz7OOo78YFaNKuL,Pipe Types:Uponor MLCP_Leiding wit 100m:3636583,-
2uNOuyVrz7OOo78YFaNKuS,Pipe Types:Uponor MLCP_Leiding wit 100m:3636590,-
2uNOuyVrz7OOo78YFaNKu2,Pipe Types:Uponor MLCP_Leiding wit 100m:3636592,-
2uNOuyVrz7OOo78YFaNKu6,Pipe Types:Uponor MLCP_Leiding wit 100m:3636596,-
2uNOuyVrz7OOo78YFaNKuB,Pipe Types:Uponor MLCP_Leiding wit 100m:3636601,-
2uNOuyVrz7OOo78YFaNKuC,Pipe Types:Uponor MLCP_Leiding wit 100m:3636606,-
2uNOuyVrz7OOo78YFaNKxm,Pipe Types:Uponor MLCP_Leiding wit 100m:3636610,-
2uNOuyVrz7OOo78YFaNKxr,Pipe Types:Uponor MLCP_Leiding wit 100m:3636615,-
2uNOuyVrz7OOo78YFaNKxx,Pipe Types:Uponor MLCP_Leiding wit 100m:3636617,-
2uNOuyVrz7OOo78YFaNKxv,Pipe Types:Uponor MLCP_Leiding wit 100m:3636619,-
2uNOuyVrz7OOo78YFaNKx$,Pipe Types:Uponor MLCP_Leiding wit 100m:3636621,-
2uNOuyVrz7OOo78YFaNKxc,Pipe Types:Uponor MLCP_Leiding wit 100m:3636628,-
2uNOuyVrz7OOo78YFaNKxa,Pipe Types:Uponor MLCP_Leiding wit 100m:3636630,-
2uNOuyVrz7OOo78YFaNKxe,Pipe Types:Uponor MLCP_Leiding wit 100m:3636634,-
2uNOuyVrz7OOo78YFaNKxl,Pipe Types:Uponor MLCP_Leiding wit 100m:3636637,-
2uNOuyVrz7OOo78YFaNKxj,Pipe Types:Uponor MLCP_Leiding wit 100m:3636639,-
2uNOuyVrz7OOo78YFaNKxH,Pipe Types:Uponor MLCP_Leiding wit 100m:3636643,-
2uNOuyVrz7OOo78YFaNKxN,Pipe Types:Uponor MLCP_Leiding wit 100m:3636645,-
2uNOuyVrz7OOo78YFaNKxR,Pipe Types:Uponor MLCP_Leiding wit 100m:3636649,-
2uNOuyVrz7OOo78YFaNKxT,Pipe Types:Uponor MLCP_Leiding wit 100m:3636655,-
2uNOuyVrz7OOo78YFaNKx5,Pipe Types:Uponor MLCP_Leiding wit 100m:3636663,-
2uNOuyVrz7OOo78YFaNKx8,Pipe Types:Uponor MLCP_Leiding wit 100m:3636666,-
2uNOuyVrz7OOo78YFaNKxD,Pipe Types:Uponor MLCP_Leiding wit 100m:3636671,-
2uNOuyVrz7OOo78YFaNKwp,Pipe Types:Uponor MLCP_Leiding wit 100m:3636673,-
2uNOuyVrz7OOo78YFaNKws,Pipe Types:Uponor MLCP_Leiding wit 100m:3636676,-
2uNOuyVrz7OOo78YFaNKwv,Pipe Types:Uponor MLCP_Leiding wit 100m:3636683,-
2uNOuyVrz7OOo78YFaNKwy,Pipe Types:Uponor MLCP_Leiding wit 100m:3636686,-
2uNOuyVrz7OOo78YFaNKwX,Pipe Types:Uponor MLCP_Leiding wit 100m:3636691,-
2uNOuyVrz7OOo78YFaNKwd,Pipe Types:Uponor MLCP_Leiding wit 100m:3636693,-
2uNOuyVrz7OOo78YFaNKwg,Pipe Types:Uponor MLCP_Leiding wit 100m:3636696,-
2uNOuyVrz7OOo78YFaNKwV,Pipe Types:Uponor MLCP_Leiding wit 100m:3636717,-
2uNOuyVrz7OOo78YFaNKwT,Pipe Types:Uponor MLCP_Leiding wit 100m:3636719,-
2uNOuyVrz7OOo78YFaNKw7,Pipe Types:Uponor MLCP_Leiding wit 100m:3636725,-
2uNOuyVrz7OOo78YFaNKw5,Pipe Types:Uponor MLCP_Leiding wit 100m:3636727,-
2uNOuyVrz7OOo78YFaNKwF,Pipe Types:Uponor MLCP_Leiding wit 100m:3636733,-
2uNOuyVrz7OOo78YFaNKrm,Pipe Types:Uponor MLCP_Leiding wit 100m:3636738,-
2uNOuyVrz7OOo78YFaNKrt,Pipe Types:Uponor MLCP_Leiding wit 100m:3636741,-
2uNOuyVrz7OOo78YFaNKru,Pipe Types:Uponor MLCP_Leiding wit 100m:3636746,-
2uNOuyVrz7OOo78YFaNKrz,Pipe Types:Uponor MLCP_Leiding wit 100m:3636751,-
2uNOuyVrz7OOo78YFaNKrb,Pipe Types:Uponor MLCP_Leiding wit 100m:3636759,-
2uNOuyVrz7OOo78YFaNKrh,Pipe Types:Uponor MLCP_Leiding wit 100m:3636761,-
2uNOuyVrz7OOo78YFaNKrj,Pipe Types:Uponor MLCP_Leiding wit 100m:3636767,-
2uNOuyVrz7OOo78YFaNKrQ,Pipe Types:Uponor MLCP_Leiding wit 100m:3636776,-
2uNOuyVrz7OOo78YFaNKrO,Pipe Types:Uponor MLCP_Leiding wit 100m:3636778,-
2uNOuyVrz7OOo78YFaNKr2,Pipe Types:Uponor MLCP_Leiding wit 100m:3636784,-
2uNOuyVrz7OOo78YFaNKr6,Pipe Types:Uponor MLCP_Leiding wit 100m:3636788,-
0uHD1y_7b3MgGrw$OlRT04,Pipe Types:Uponor MLCP_Leiding wit 100m:3638789,-
0uHD1y_7b3MgGrw$OlRT2r,Pipe Types:Uponor MLCP_Leiding wit 100m:3638964,-
0uHD1y_7b3MgGrw$OlRT3O,Pipe Types:Uponor MLCP_Leiding wit 100m:3639001,-
0uHD1y_7b3MgGrw$OlRT46,Pipe Types:Uponor MLCP_Leiding wit 100m:3639047,-
0uHD1y_7b3MgGrw$OlRTw3,Pipe Types:Uponor MLCP_Leiding wit 100m:3639426,-
0uHD1y_7b3MgGrw$OlRTwN,Pipe Types:Uponor MLCP_Leiding wit 100m:3639446,-
0uHD1y_7b3MgGrw$OlRTxG,Pipe Types:Uponor MLCP_Leiding wit 100m:3639505,-
0uHD1y_7b3MgGrw$OlRTxQ,Pipe Types:Uponor MLCP_Leiding wit 100m:3639515,-
0uHD1y_7b3MgGrw$OlRT_e,Pipe Types:Uponor MLCP_Leiding wit 100m:3639721,-
0uHD1y_7b3MgGrw$OlRT_r,Pipe Types:Uponor MLCP_Leiding wit 100m:3639732,-
0uHD1y_7b3MgGrw$OlRT$o,Pipe Types:Uponor MLCP_Leiding wit 100m:3639795,-
0uHD1y_7b3MgGrw$OlRTqs,Pipe Types:Uponor MLCP_Leiding wit 100m:3640119,-
0uHD1y_7b3MgGrw$OlRTgv,Pipe Types:Uponor MLCP_Leiding wit 100m:3640504,-
3k0nAiyHDBKh9n4312EPLo,Pipe Types:Uponor MLCP_Leiding wit 100m:3642031,-
3k0nAiyHDBKh9n4312EPLi,Pipe Types:Uponor MLCP_Leiding wit 100m:3642033,-
3k0nAiyHDBKh9n4312EPLh,Pipe Types:Uponor MLCP_Leiding wit 100m:3642038,-
3k0nAiyHDBKh9n4312EPLa,Pipe Types:Uponor MLCP_Leiding wit 100m:3642041,-
3k0nAiyHDBKh9n4312EPLY,Pipe Types:Uponor MLCP_Leiding wit 100m:3642047,-
3k0nAiyHDBKh9n4312EP4Z,Pipe Types:Uponor MLCP_Leiding wit 100m:3643134,-
0zru8mT4v8EwgORW1Gx7Uq,Pipe Types:Uponor MLCP_Leiding wit 100m:3643599,-
0zru8mT4v8EwgORW1Gx7Uc,Pipe Types:Uponor MLCP_Leiding wit 100m:3643613,-
0zru8mT4v8EwgORW1Gx7Kf,Pipe Types:Uponor MLCP_Leiding wit 100m:3643986,-
0zru8mT4v8EwgORW1Gx7Kd,Pipe Types:Uponor MLCP_Leiding wit 100m:3643996,-
31LOpm9rjFjQhrwunolt9V,Pipe Types:Uponor MLCP_Leiding wit 100m:3644322,-
31LOpm9rjFjQhrwunolt8p,Pipe Types:Uponor MLCP_Leiding wit 100m:3644366,-
31LOpm9rjFjQhrwunoltNm,Pipe Types:Uponor MLCP_Leiding wit 100m:3644429,-
31LOpm9rjFjQhrwunoltL0,Pipe Types:Uponor MLCP_Leiding wit 100m:3644605,-
31LOpm9rjFjQhrwunoltKn,Pipe Types:Uponor MLCP_Leiding wit 100m:3644620,-
31LOpm9rjFjQhrwunoltUP,Pipe Types:Uponor MLCP_Leiding wit 100m:3645028,-
31LOpm9rjFjQhrwunoltUJ,Pipe Types:Uponor MLCP_Leiding wit 100m:3645038,-
31LOpm9rjFjQhrwunoltSm,Pipe Types:Uponor MLCP_Leiding wit 100m:3645133,-
31LOpm9rjFjQhrwunoltSe,Pipe Types:Uponor MLCP_Leiding wit 100m:3645141,-
31LOpm9rjFjQhrwunoltSW,Pipe Types:Uponor MLCP_Leiding wit 100m:3645149,-
31LOpm9rjFjQhrwunoltRY,Pipe Types:Uponor MLCP_Leiding wit 100m:3645215,-
31LOpm9rjFjQhrwunoltQS,Pipe Types:Uponor MLCP_Leiding wit 100m:3645281,-
31LOpm9rjFjQhrwunoltPc,Pipe Types:Uponor MLCP_Leiding wit 100m:3645339,-
31LOpm9rjFjQhrwunolqai,Pipe Types:Uponor MLCP_Leiding wit 100m:3645649,-
31LOpm9rjFjQhrwunolqYv,Pipe Types:Uponor MLCP_Leiding wit 100m:3645764,-
31LOpm9rjFjQhrwunolqYp,Pipe Types:Uponor MLCP_Leiding wit 100m:3645774,-
31LOpm9rjFjQhrwunolqX9,Pipe Types:Uponor MLCP_Leiding wit 100m:3645876,-
31LOpm9rjFjQhrwunolqfy,Pipe Types:Uponor MLCP_Leiding wit 100m:3646337,-
31LOpm9rjFjQhrwunolqfR,Pipe Types:Uponor MLCP_Leiding wit 100m:3646374,-
31LOpm9rjFjQhrwunolqpH,Pipe Types:Uponor MLCP_Leiding wit 100m:3646764,-
31LOpm9rjFjQhrwunolqp9,Pipe Types:Uponor MLCP_Leiding wit 100m:3646772,-
31LOpm9rjFjQhrwunolqok,Pipe Types:Uponor MLCP_Leiding wit 100m:3646803,-
31LOpm9rjFjQhrwunolqoW,Pipe Types:Uponor MLCP_Leiding wit 100m:3646813,-
3ff8nDEKz8Nv4cFEtsEH0F,Pipe Types:Uponor MLCP_Leiding wit 100m:3647207,-
3ff8nDEKz8Nv4cFEtsEH0R,Pipe Types:Uponor MLCP_Leiding wit 100m:3647219,-
3ff8nDEKz8Nv4cFEtsEH7W,Pipe Types:Uponor MLCP_Leiding wit 100m:3647240,-
3ff8nDEKz8Nv4cFEtsEH7w,Pipe Types:Uponor MLCP_Leiding wit 100m:3647250,-
3ff8nDEKz8Nv4cFEtsEHpk,Pipe Types:Uponor MLCP_Leiding wit 100m:3648006,-
3ff8nDEKz8Nv4cFEtsEHpm,Pipe Types:Uponor MLCP_Leiding wit 100m:3648024,-
3ff8nDEKz8Nv4cFEtsEHpC,Pipe Types:Uponor MLCP_Leiding wit 100m:3648036,-
3ff8nDEKz8Nv4cFEtsEHpI,Pipe Types:Uponor MLCP_Leiding wit 100m:3648058,-
3ff8nDEKz8Nv4cFEtsEHok,Pipe Types:Uponor MLCP_Leiding wit 100m:3648070,-
3ff8nDEKz8Nv4cFEtsEHo0,Pipe Types:Uponor MLCP_Leiding wit 100m:3648104,-
3ff8nDEKz8Nv4cFEtsEHsZ,Pipe Types:Uponor MLCP_Leiding wit 100m:3648331,-
3ff8nDEKz8Nv4cFEtsEHsz,Pipe Types:Uponor MLCP_Leiding wit 100m:3648341,-
3ff8nDEKz8Nv4cFEtsEHs7,Pipe Types:Uponor MLCP_Leiding wit 100m:3648367,-
3ff8nDEKz8Nv4cFEtsEHsV,Pipe Types:Uponor MLCP_Leiding wit 100m:3648375,-
3ff8nDEKz8Nv4cFEtsEHeI,Pipe Types:Uponor MLCP_Leiding wit 100m:3648762,-
3ff8nDEKz8Nv4cFEtsEHlb,Pipe Types:Uponor MLCP_Leiding wit 100m:3648781,-
3ff8nDEKz8Nv4cFEtsEHYS,Pipe Types:Uponor MLCP_Leiding wit 100m:3649140,-
3ff8nDEKz8Nv4cFEtsEHYM,Pipe Types:Uponor MLCP_Leiding wit 100m:3649150,-
3ff8nDEKz8Nv4cFEtsEHcv,Pipe Types:Uponor MLCP_Leiding wit 100m:3649361,-
3ff8nDEKz8Nv4cFEtsEGUy,Pipe Types:Uponor MLCP_Leiding wit 100m:3649876,-
3ff8nDEKz8Nv4cFEtsEGU4,Pipe Types:Uponor MLCP_Leiding wit 100m:3649900,-
3ff8nDEKz8Nv4cFEtsEG6K,Pipe Types:Uponor MLCP_Leiding wit 100m:3651452,-
3ff8nDEKz8Nv4cFEtsEG5g,Pipe Types:Uponor MLCP_Leiding wit 100m:3651458,-
3ff8nDEKz8Nv4cFEtsEG5x,Pipe Types:Uponor MLCP_Leiding wit 100m:3651475,-
3ff8nDEKz8Nv4cFEtsEG5n,Pipe Types:Uponor MLCP_Leiding wit 100m:3651481,-
3ff8nDEKz8Nv4cFEtsEG52,Pipe Types:Uponor MLCP_Leiding wit 100m:3651498,-
3ff8nDEKz8Nv4cFEtsEG5O,Pipe Types:Uponor MLCP_Leiding wit 100m:3651504,-
3ff8nDEKz8Nv4cFEtsEG4f,Pipe Types:Uponor MLCP_Leiding wit 100m:3651521,-
3ff8nDEKz8Nv4cFEtsEG4l,Pipe Types:Uponor MLCP_Leiding wit 100m:3651527,-
3ff8nDEKz8Nv4cFEtsEG4m,Pipe Types:Uponor MLCP_Leiding wit 100m:3651544,-
3ff8nDEKz8Nv4cFEtsEG4s,Pipe Types:Uponor MLCP_Leiding wit 100m:3651550,-
3ff8nDEKz8Nv4cFEtsEG47,Pipe Types:Uponor MLCP_Leiding wit 100m:3651567,-
3ff8nDEKz8Nv4cFEtsEG4T,Pipe Types:Uponor MLCP_Leiding wit 100m:3651573,-
3ff8nDEKz8Nv4cFEtsEGxk,Pipe Types:Uponor MLCP_Leiding wit 100m:3651590,-
3ff8nDEKz8Nv4cFEtsEGxa,Pipe Types:Uponor MLCP_Leiding wit 100m:3651596,-
3ff8nDEKz8Nv4cFEtsEGxr,Pipe Types:Uponor MLCP_Leiding wit 100m:3651613,-
3ff8nDEKz8Nv4cFEtsEGxB,Pipe Types:Uponor MLCP_Leiding wit 100m:3651619,-
3ff8nDEKz8Nv4cFEtsEGxS,Pipe Types:Uponor MLCP_Leiding wit 100m:3651636,-
3ff8nDEKz8Nv4cFEtsEGxI,Pipe Types:Uponor MLCP_Leiding wit 100m:3651642,-
3ff8nDEKz8Nv4cFEtsEGwZ,Pipe Types:Uponor MLCP_Leiding wit 100m:3651659,-
3ff8nDEKz8Nv4cFEtsEGwv,Pipe Types:Uponor MLCP_Leiding wit 100m:3651665,-
3ff8nDEKz8Nv4cFEtsEGwA,Pipe Types:Uponor MLCP_Leiding wit 100m:3651682,-
3ff8nDEKz8Nv4cFEtsEGw0,Pipe Types:Uponor MLCP_Leiding wit 100m:3651688,-
3ff8nDEKz8Nv4cFEtsEGwH,Pipe Types:Uponor MLCP_Leiding wit 100m:3651705,-
3ff8nDEKz8Nv4cFEtsEGwN,Pipe Types:Uponor MLCP_Leiding wit 100m:3651711,-
3ff8nDEKz8Nv4cFEtsEGvu,Pipe Types:Uponor MLCP_Leiding wit 100m:3651728,-
3ff8nDEKz8Nv4cFEtsEGv_,Pipe Types:Uponor MLCP_Leiding wit 100m:3651734,-
0WQHCYaIf1C83Tq0HAG23B,Pipe Types:Uponor MLCP_Leiding wit 100m:3655320,-
0vM1hR$BDBbfzp2WVEjaFT,Pipe Types:Uponor MLCP_Leiding wit 100m:3655488,-
0vM1hR$BDBbfzp2WVEjaFc,Pipe Types:Uponor MLCP_Leiding wit 100m:3655547,-
0vM1hR$BDBbfzp2WVEjaCM,Pipe Types:Uponor MLCP_Leiding wit 100m:3655563,-
0vM1hR$BDBbfzp2WVEjaoe,Pipe Types:Uponor MLCP_Leiding wit 100m:3655733,-
0vM1hR$BDBbfzp2WVEjaoc,Pipe Types:Uponor MLCP_Leiding wit 100m:3655739,-
0vM1hR$BDBbfzp2WVEjas$,Pipe Types:Uponor MLCP_Leiding wit 100m:3655970,-
0vM1hR$BDBbfzp2WVEjasr,Pipe Types:Uponor MLCP_Leiding wit 100m:3655976,-
0vM1hR$BDBbfzp2WVEjaqr,Pipe Types:Uponor MLCP_Leiding wit 100m:3656104,-
0vM1hR$BDBbfzp2WVEjarN,Pipe Types:Uponor MLCP_Leiding wit 100m:3656138,-
0vM1hR$BDBbfzp2WVEjaw5,Pipe Types:Uponor MLCP_Leiding wit 100m:3656216,-
0vM1hR$BDBbfzp2WVEjawg,Pipe Types:Uponor MLCP_Leiding wit 100m:3656247,-
0vM1hR$BDBbfzp2WVEjaxL,Pipe Types:Uponor MLCP_Leiding wit 100m:3656264,-
0vM1hR$BDBbfzp2WVEjaxq,Pipe Types:Uponor MLCP_Leiding wit 100m:3656297,-
0vM1hR$BDBbfzp2WVEjaul,Pipe Types:Uponor MLCP_Leiding wit 100m:3656370,-
0vM1hR$BDBbfzp2WVEjavV,Pipe Types:Uponor MLCP_Leiding wit 100m:3656386,-
0vM1hR$BDBbfzp2WVEja_B,Pipe Types:Uponor MLCP_Leiding wit 100m:3656470,-
0vM1hR$BDBbfzp2WVEja_d,Pipe Types:Uponor MLCP_Leiding wit 100m:3656506,-
0vM1hR$BDBbfzp2WVEja$w,Pipe Types:Uponor MLCP_Leiding wit 100m:3656551,-
0vM1hR$BDBbfzp2WVEjaz1,Pipe Types:Uponor MLCP_Leiding wit 100m:3656668,-
0vM1hR$BDBbfzp2WVEjaXe,Pipe Types:Uponor MLCP_Leiding wit 100m:3656949,-
0vM1hR$BDBbfzp2WVEjaaA,Pipe Types:Uponor MLCP_Leiding wit 100m:3657111,-
0vM1hR$BDBbfzp2WVEjab_,Pipe Types:Uponor MLCP_Leiding wit 100m:3657187,-
0vM1hR$BDBbfzp2WVEjaeQ,Pipe Types:Uponor MLCP_Leiding wit 100m:3657351,-
0vM1hR$BDBbfzp2WVEjaf4,Pipe Types:Uponor MLCP_Leiding wit 100m:3657433,-
0vM1hR$BDBbfzp2WVEjafq,Pipe Types:Uponor MLCP_Leiding wit 100m:3657449,-
0vM1hR$BDBbfzp2WVEjafl,Pipe Types:Uponor MLCP_Leiding wit 100m:3657458,-
0vM1hR$BDBbfzp2WVEjakv,Pipe Types:Uponor MLCP_Leiding wit 100m:3657508,-
0vM1hR$BDBbfzp2WVEjaki,Pipe Types:Uponor MLCP_Leiding wit 100m:3657521,-
2zD4y2mIL5Xhquljin4DND,Pipe Types:Uponor MLCP_Leiding wit 100m:3663366,-
2zD4y2mIL5Xhquljin4DN3,Pipe Types:Uponor MLCP_Leiding wit 100m:3663368,-
2zD4y2mIL5Xhquljin4DN6,Pipe Types:Uponor MLCP_Leiding wit 100m:3663373,-
2zD4y2mIL5Xhquljin4DNR,Pipe Types:Uponor MLCP_Leiding wit 100m:3663376,-
2zD4y2mIL5Xhquljin4DNP,Pipe Types:Uponor MLCP_Leiding wit 100m:3663378,-
2zD4y2mIL5Xhquljin4DNH,Pipe Types:Uponor MLCP_Leiding wit 100m:3663386,-
2zD4y2mIL5Xhquljin4DNg,Pipe Types:Uponor MLCP_Leiding wit 100m:3663393,-
2zD4y2mIL5Xhquljin4DNe,Pipe Types:Uponor MLCP_Leiding wit 100m:3663395,-
2zD4y2mIL5Xhquljin4DNZ,Pipe Types:Uponor MLCP_Leiding wit 100m:3663400,-
2zD4y2mIL5Xhquljin4DNX,Pipe Types:Uponor MLCP_Leiding wit 100m:3663402,-
2zD4y2mIL5Xhquljin4DM8,Pipe Types:Uponor MLCP_Leiding wit 100m:3663427,-
2zD4y2mIL5Xhquljin4DMC,Pipe Types:Uponor MLCP_Leiding wit 100m:3663431,-
2zD4y2mIL5Xhquljin4DM2,Pipe Types:Uponor MLCP_Leiding wit 100m:3663433,-
2zD4y2mIL5Xhquljin4DM6,Pipe Types:Uponor MLCP_Leiding wit 100m:3663437,-
2zD4y2mIL5Xhquljin4DMV,Pipe Types:Uponor MLCP_Leiding wit 100m:3663444,-
2zD4y2mIL5Xhquljin4DMI,Pipe Types:Uponor MLCP_Leiding wit 100m:3663449,-
2zD4y2mIL5Xhquljin4DML,Pipe Types:Uponor MLCP_Leiding wit 100m:3663454,-
2zD4y2mIL5Xhquljin4DMc,Pipe Types:Uponor MLCP_Leiding wit 100m:3663469,-
2zD4y2mIL5Xhquljin4DMw,Pipe Types:Uponor MLCP_Leiding wit 100m:3663473,-
2zD4y2mIL5Xhquljin4DMu,Pipe Types:Uponor MLCP_Leiding wit 100m:3663475,-
2zD4y2mIL5Xhquljin4DL9,Pipe Types:Uponor MLCP_Leiding wit 100m:3663490,-
2zD4y2mIL5Xhquljin4DLD,Pipe Types:Uponor MLCP_Leiding wit 100m:3663494,-
2zD4y2mIL5Xhquljin4DL0,Pipe Types:Uponor MLCP_Leiding wit 100m:3663499,-
2zD4y2mIL5Xhquljin4DL6,Pipe Types:Uponor MLCP_Leiding wit 100m:3663501,-
2zD4y2mIL5Xhquljin4DL4,Pipe Types:Uponor MLCP_Leiding wit 100m:3663503,-
2zD4y2mIL5Xhquljin4DLQ,Pipe Types:Uponor MLCP_Leiding wit 100m:3663505,-
2zD4y2mIL5Xhquljin4DLT,Pipe Types:Uponor MLCP_Leiding wit 100m:3663510,-
2zD4y2mIL5Xhquljin4DLJ,Pipe Types:Uponor MLCP_Leiding wit 100m:3663512,-
2zD4y2mIL5Xhquljin4DLH,Pipe Types:Uponor MLCP_Leiding wit 100m:3663514,-
2zD4y2mIL5Xhquljin4DLN,Pipe Types:Uponor MLCP_Leiding wit 100m:3663516,-
2zD4y2mIL5Xhquljin4DLl,Pipe Types:Uponor MLCP_Leiding wit 100m:3663524,-
2zD4y2mIL5Xhquljin4DLZ,Pipe Types:Uponor MLCP_Leiding wit 100m:3663528,-
2zD4y2mIL5Xhquljin4DLX,Pipe Types:Uponor MLCP_Leiding wit 100m:3663530,-
2zD4y2mIL5Xhquljin4DLd,Pipe Types:Uponor MLCP_Leiding wit 100m:3663532,-
2zD4y2mIL5Xhquljin4DLb,Pipe Types:Uponor MLCP_Leiding wit 100m:3663534,-
2zD4y2mIL5Xhquljin4DLx,Pipe Types:Uponor MLCP_Leiding wit 100m:3663536,-
2zD4y2mIL5Xhquljin4DLy,Pipe Types:Uponor MLCP_Leiding wit 100m:3663543,-
2zD4y2mIL5Xhquljin4DLo,Pipe Types:Uponor MLCP_Leiding wit 100m:3663545,-
2zD4y2mIL5Xhquljin4DLs,Pipe Types:Uponor MLCP_Leiding wit 100m:3663549,-
2zD4y2mIL5Xhquljin4DLq,Pipe Types:Uponor MLCP_Leiding wit 100m:3663551,-
2zD4y2mIL5Xhquljin4DKD,Pipe Types:Uponor MLCP_Leiding wit 100m:3663558,-
2zD4y2mIL5Xhquljin4DK3,Pipe Types:Uponor MLCP_Leiding wit 100m:3663560,-
2zD4y2mIL5Xhquljin4DK6,Pipe Types:Uponor MLCP_Leiding wit 100m:3663565,-
2zD4y2mIL5Xhquljin4DK4,Pipe Types:Uponor MLCP_Leiding wit 100m:3663567,-
2zD4y2mIL5Xhquljin4DKP,Pipe Types:Uponor MLCP_Leiding wit 100m:3663570,-
2zD4y2mIL5Xhquljin4DKT,Pipe Types:Uponor MLCP_Leiding wit 100m:3663574,-
2zD4y2mIL5Xhquljin4DKJ,Pipe Types:Uponor MLCP_Leiding wit 100m:3663576,-
2zD4y2mIL5Xhquljin4DKG,Pipe Types:Uponor MLCP_Leiding wit 100m:3663579,-
2zD4y2mIL5Xhquljin4DKh,Pipe Types:Uponor MLCP_Leiding wit 100m:3663584,-
2zD4y2mIL5Xhquljin4DKl,Pipe Types:Uponor MLCP_Leiding wit 100m:3663588,-
2zD4y2mIL5Xhquljin4DKj,Pipe Types:Uponor MLCP_Leiding wit 100m:3663590,-
2zD4y2mIL5Xhquljin4DKc,Pipe Types:Uponor MLCP_Leiding wit 100m:3663597,-
2zD4y2mIL5Xhquljin4DKu,Pipe Types:Uponor MLCP_Leiding wit 100m:3663603,-
2zD4y2mIL5Xhquljin4DKp,Pipe Types:Uponor MLCP_Leiding wit 100m:3663608,-
2zD4y2mIL5Xhquljin4DKt,Pipe Types:Uponor MLCP_Leiding wit 100m:3663612,-
2zD4y2mIL5Xhquljin4DJ9,Pipe Types:Uponor MLCP_Leiding wit 100m:3663618,-
2zD4y2mIL5Xhquljin4DJC,Pipe Types:Uponor MLCP_Leiding wit 100m:3663623,-
2zD4y2mIL5Xhquljin4DJ1,Pipe Types:Uponor MLCP_Leiding wit 100m:3663626,-
2zD4y2mIL5Xhquljin4DJ4,Pipe Types:Uponor MLCP_Leiding wit 100m:3663631,-
2zD4y2mIL5Xhquljin4DJU,Pipe Types:Uponor MLCP_Leiding wit 100m:3663637,-
2zD4y2mIL5Xhquljin4DJH,Pipe Types:Uponor MLCP_Leiding wit 100m:3663642,-
2zD4y2mIL5Xhquljin4DJK,Pipe Types:Uponor MLCP_Leiding wit 100m:3663647,-
2zD4y2mIL5Xhquljin4DJl,Pipe Types:Uponor MLCP_Leiding wit 100m:3663652,-
2zD4y2mIL5Xhquljin4DJY,Pipe Types:Uponor MLCP_Leiding wit 100m:3663657,-
2zD4y2mIL5Xhquljin4DJ$,Pipe Types:Uponor MLCP_Leiding wit 100m:3663668,-
2zD4y2mIL5Xhquljin4DJn,Pipe Types:Uponor MLCP_Leiding wit 100m:3663674,-
2zD4y2mIL5Xhquljin4DJq,Pipe Types:Uponor MLCP_Leiding wit 100m:3663679,-
2zD4y2mIL5Xhquljin4DIF,Pipe Types:Uponor MLCP_Leiding wit 100m:3663684,-
2zD4y2mIL5Xhquljin4DI2,Pipe Types:Uponor MLCP_Leiding wit 100m:3663689,-
2zD4y2mIL5Xhquljin4Dsm,Pipe Types:Uponor MLCP_Leiding wit 100m:3665531,-
2zD4y2mIL5Xhquljin4DrE,Pipe Types:Uponor MLCP_Leiding wit 100m:3665541,-
2zD4y2mIL5Xhquljin4DrX,Pipe Types:Uponor MLCP_Leiding wit 100m:3665578,-
2zD4y2mIL5Xhquljin4Dr$,Pipe Types:Uponor MLCP_Leiding wit 100m:3665588,-
2zD4y2mIL5Xhquljin4Dq6,Pipe Types:Uponor MLCP_Leiding wit 100m:3665613,-
2zD4y2mIL5Xhquljin4DqL,Pipe Types:Uponor MLCP_Leiding wit 100m:3665630,-
2zD4y2mIL5Xhquljin4DnF,Pipe Types:Uponor MLCP_Leiding wit 100m:3665796,-
2zD4y2mIL5Xhquljin4CF8,Pipe Types:Uponor MLCP_Leiding wit 100m:3665923,-
1VAHvkHY54hAFDrGrQMTMf,Pipe Types:Uponor MLCP_Leiding wit 100m:3666230,-
1VAHvkHY54hAFDrGrQMTOx,Pipe Types:Uponor MLCP_Leiding wit 100m:3666596,-
0DIvW9UWr6RPpUuD1MjHfp,Pipe Types:Uponor MLCP_Leiding wit 100m:3666706,-
0DIvW9UWr6RPpUuD1MjHhj,Pipe Types:Uponor MLCP_Leiding wit 100m:3666828,-
1u7Hb2R0v4oOiId326cXYB,Pipe Types:Uponor MLCP_Leiding wit 100m:3670756,-
1u7Hb2R0v4oOiId326cXud,Pipe Types:Uponor MLCP_Leiding wit 100m:3671112,-
1u7Hb2R0v4oOiId326cXwO,Pipe Types:Uponor MLCP_Leiding wit 100m:3671287,-
1u7Hb2R0v4oOiId326cXzk,Pipe Types:Uponor MLCP_Leiding wit 100m:3671297,-
1u7Hb2R0v4oOiId326cXyX,Pipe Types:Uponor MLCP_Leiding wit 100m:3671374,-
1u7Hb2R0v4oOiId326cXpN,Pipe Types:Uponor MLCP_Leiding wit 100m:3671736,-
1u7Hb2R0v4oOiId326cXpL,Pipe Types:Uponor MLCP_Leiding wit 100m:3671738,-
1u7Hb2R0v4oOiId326cXpJ,Pipe Types:Uponor MLCP_Leiding wit 100m:3671740,-
1u7Hb2R0v4oOiId326cXok,Pipe Types:Uponor MLCP_Leiding wit 100m:3671745,-
1u7Hb2R0v4oOiId326cXoh,Pipe Types:Uponor MLCP_Leiding wit 100m:3671748,-
1u7Hb2R0v4oOiId326cXoy,Pipe Types:Uponor MLCP_Leiding wit 100m:3671763,-
1u7Hb2R0v4oOiId326cXow,Pipe Types:Uponor MLCP_Leiding wit 100m:3671765,-
1u7Hb2R0v4oOiId326cXou,Pipe Types:Uponor MLCP_Leiding wit 100m:3671767,-
1u7Hb2R0v4oOiId326cXop,Pipe Types:Uponor MLCP_Leiding wit 100m:3671772,-
1u7Hb2R0v4oOiId326cXom,Pipe Types:Uponor MLCP_Leiding wit 100m:3671775,-
1u7Hb2R0v4oOiId326cXrn,Pipe Types:Uponor MLCP_Leiding wit 100m:3671838,-
1u7Hb2R0v4oOiId326cX8p,Pipe Types:Uponor MLCP_Leiding wit 100m:3672156,-
1u7Hb2R0v4oOiId326cX89,Pipe Types:Uponor MLCP_Leiding wit 100m:3672166,-
1u7Hb2R0v4oOiId326cX2m,Pipe Types:Uponor MLCP_Leiding wit 100m:3672799,-
1u7Hb2R0v4oOiId326cX2E,Pipe Types:Uponor MLCP_Leiding wit 100m:3672801,-
1u7Hb2R0v4oOiId326cX28,Pipe Types:Uponor MLCP_Leiding wit 100m:3672807,-
1u7Hb2R0v4oOiId326cX2P,Pipe Types:Uponor MLCP_Leiding wit 100m:3672822,-
1u7Hb2R0v4oOiId326cX2N,Pipe Types:Uponor MLCP_Leiding wit 100m:3672824,-
1u7Hb2R0v4oOiId326cX2H,Pipe Types:Uponor MLCP_Leiding wit 100m:3672830,-
1u7Hb2R0v4oOiId326cXQT,Pipe Types:Uponor MLCP_Leiding wit 100m:3673330,-
1u7Hb2R0v4oOiId326cXQP,Pipe Types:Uponor MLCP_Leiding wit 100m:3673334,-
1u7Hb2R0v4oOiId326cXGn,Pipe Types:Uponor MLCP_Leiding wit 100m:3673694,-
1u7Hb2R0v4oOiId326cXGD,Pipe Types:Uponor MLCP_Leiding wit 100m:3673698,-
1u7Hb2R0v4oOiId326cXGB,Pipe Types:Uponor MLCP_Leiding wit 100m:3673700,-
1u7Hb2R0v4oOiId326cXG9,Pipe Types:Uponor MLCP_Leiding wit 100m:3673702,-
1u7Hb2R0v4oOiId326cXG6,Pipe Types:Uponor MLCP_Leiding wit 100m:3673705,-
1u7Hb2R0v4oOiId326cXGV,Pipe Types:Uponor MLCP_Leiding wit 100m:3673712,-
1u7Hb2R0v4oOiId326cXGR,Pipe Types:Uponor MLCP_Leiding wit 100m:3673716,-
1u7Hb2R0v4oOiId326cXGP,Pipe Types:Uponor MLCP_Leiding wit 100m:3673718,-
1u7Hb2R0v4oOiId326cXGN,Pipe Types:Uponor MLCP_Leiding wit 100m:3673720,-
1u7Hb2R0v4oOiId326cXGK,Pipe Types:Uponor MLCP_Leiding wit 100m:3673723,-
0W8NkEC$X2BRfmYtVOqGA2,Pipe Types:Uponor MLCP_Leiding wit 100m:3683564,-
0DtjJo3VjDR8nazjl2AC5f,Pipe Types:Uponor MLCP_Leiding wit 100m:4001921,-
0DtjJo3VjDR8nazjl2AC0X,Pipe Types:Uponor MLCP_Leiding wit 100m:4002249,-
0DtjJo3VjDR8nazjl2AC07,Pipe Types:Uponor MLCP_Leiding wit 100m:4002287,-
0DtjJo3VjDR8nazjl2ACBW,Pipe Types:Uponor MLCP_Leiding wit 100m:4002568,-
0DtjJo3VjDR8nazjl2ACBc,Pipe Types:Uponor MLCP_Leiding wit 100m:4002574,-
0DtjJo3VjDR8nazjl2AC88,Pipe Types:Uponor MLCP_Leiding wit 100m:4002784,-
0DtjJo3VjDR8nazjl2AC8A,Pipe Types:Uponor MLCP_Leiding wit 100m:4002786,-
0DtjJo3VjDR8nazjl2ACNk,Pipe Types:Uponor MLCP_Leiding wit 100m:4002822,-
0DtjJo3VjDR8nazjl2ACNW,Pipe Types:Uponor MLCP_Leiding wit 100m:4002824,-
2QnWhfdtj9rxv0_kyM8h3k,Pipe Types:Uponor MLCP_Leiding wit 100m:4007681,-
2QnWhfdtj9rxv0_kyM8h3e,Pipe Types:Uponor MLCP_Leiding wit 100m:4007687,-
2QnWhfdtj9rxv0_kyM8hyX,Pipe Types:Uponor MLCP_Leiding wit 100m:4008142,-
2QnWhfdtj9rxv0_kyM8hxx,Pipe Types:Uponor MLCP_Leiding wit 100m:4008212,-
2QnWhfdtj9rxv0_kyM8hvI,Pipe Types:Uponor MLCP_Leiding wit 100m:4008381,-
2QnWhfdtj9rxv0_kyM8hq0,Pipe Types:Uponor MLCP_Leiding wit 100m:4008687,-
2QnWhfdtj9rxv0_kyM8hqO,Pipe Types:Uponor MLCP_Leiding wit 100m:4008695,-
2QnWhfdtj9rxv0_kyM8hpn,Pipe Types:Uponor MLCP_Leiding wit 100m:4008734,-
1aSn07BFX4fhyYo1G4AZLZ,Pipe Types:Uponor MLCP_Leiding wit 100m:4019884,-
1aSn07BFX4fhyYo1G4AZLv,Pipe Types:Uponor MLCP_Leiding wit 100m:4019894,-
1aSn07BFX4fhyYo1G4AZIx,Pipe Types:Uponor MLCP_Leiding wit 100m:4020084,-
1aSn07BFX4fhyYo1G4AZIv,Pipe Types:Uponor MLCP_Leiding wit 100m:4020086,-
1aSn07BFX4fhyYo1G4AZHG,Pipe Types:Uponor MLCP_Leiding wit 100m:4020127,-
1aSn07BFX4fhyYo1G4AZkw,Pipe Types:Uponor MLCP_Leiding wit 100m:4020341,-
1aSn07BFX4fhyYo1G4AZi8,Pipe Types:Uponor MLCP_Leiding wit 100m:4020423,-
1aSn07BFX4fhyYo1G4AZib,Pipe Types:Uponor MLCP_Leiding wit 100m:4020458,-
1aSn07BFX4fhyYo1G4AZfW,Pipe Types:Uponor MLCP_Leiding wit 100m:4020655,-
1aSn07BFX4fhyYo1G4AZfx,Pipe Types:Uponor MLCP_Leiding wit 100m:4020660,-
0PFE6Gztr9qAYGZ_c6IeIR,Pipe Types:Uponor MLCP_Leiding wit 100m:4048012,-
1Oar6UvSL6qAvxpmgl5RtL,Pipe Types:Uponor MLCP_Leiding wit 100m:4084549,-
1Oar6UvSL6qAvxpmgl5Rdx,Pipe Types:Uponor MLCP_Leiding wit 100m:4085611,-
1Oar6UvSL6qAvxpmgl5RNe,Pipe Types:Uponor MLCP_Leiding wit 100m:4086648,-
1Oar6UvSL6qAvxpmgl5RKH,Pipe Types:Uponor MLCP_Leiding wit 100m:4086657,-
1Oar6UvSL6qAvxpmgl5RKQ,Pipe Types:Uponor MLCP_Leiding wit 100m:4086666,-
1Oar6UvSL6qAvxpmgl5RK3,Pipe Types:Uponor MLCP_Leiding wit 100m:4086675,-
1Oar6UvSL6qAvxpmgl5RKC,Pipe Types:Uponor MLCP_Leiding wit 100m:4086684,-
1Oar6UvSL6qAvxpmgl5RKr,Pipe Types:Uponor MLCP_Leiding wit 100m:4086693,-
1Oar6UvSL6qAvxpmgl5RK_,Pipe Types:Uponor MLCP_Leiding wit 100m:4086702,-
1Oar6UvSL6qAvxpmgl5RKd,Pipe Types:Uponor MLCP_Leiding wit 100m:4086711,-
1Oar6UvSL6qAvxpmgl5RLP,Pipe Types:Uponor MLCP_Leiding wit 100m:4086729,-
1Oar6UvSL6qAvxpmgl5RL2,Pipe Types:Uponor MLCP_Leiding wit 100m:4086738,-
1Oar6UvSL6qAvxpmgl5RLB,Pipe Types:Uponor MLCP_Leiding wit 100m:4086747,-
1Oar6UvSL6qAvxpmgl5RLq,Pipe Types:Uponor MLCP_Leiding wit 100m:4086756,-
1Oar6UvSL6qAvxpmgl5RLz,Pipe Types:Uponor MLCP_Leiding wit 100m:4086765,-
1Oar6UvSL6qAvxpmgl5RAl,Pipe Types:Uponor MLCP_Leiding wit 100m:4086847,-
1Oar6UvSL6qAvxpmgl5RFD,Pipe Types:Uponor MLCP_Leiding wit 100m:4087133,-
1Oar6UvSL6qAvxpmgl5RFq,Pipe Types:Uponor MLCP_Leiding wit 100m:4087140,-
1Oar6UvSL6qAvxpmgl5RC8,Pipe Types:Uponor MLCP_Leiding wit 100m:4087192,-
1Oar6UvSL6qAvxpmgl5R0g,Pipe Types:Uponor MLCP_Leiding wit 100m:4087482,-
1Oar6UvSL6qAvxpmgl5R1I,Pipe Types:Uponor MLCP_Leiding wit 100m:4087490,-
2yi2k1ZwvCovEtvwuXRDQf,Pipe Types:Uponor MLCP_Leiding wit 100m:4110051,-
2yi2k1ZwvCovEtvwuXRDdy,Pipe Types:Uponor MLCP_Leiding wit 100m:4110774,-
2yi2k1ZwvCovEtvwuXRDc9,Pipe Types:Uponor MLCP_Leiding wit 100m:4110787,-
2yi2k1ZwvCovEtvwuXRDcQ,Pipe Types:Uponor MLCP_Leiding wit 100m:4110800,-
2yi2k1ZwvCovEtvwuXRDcN,Pipe Types:Uponor MLCP_Leiding wit 100m:4110813,-
2yi2k1ZwvCovEtvwuXRDcW,Pipe Types:Uponor MLCP_Leiding wit 100m:4110826,-
0tVds2tD1AvvbeIucmLv1N,Pipe Types:Uponor MLCP_Leiding wit 100m:4241759,-
1KuKi3ZI50c8NHOeFHvEYC,Pipe Types:Uponor MLCP_Leiding wit 50m:3328183,-
1KuKi3ZI50c8NHOeFHvEay,Pipe Types:Uponor MLCP_Leiding wit 50m:3328263,-
1ysMZq5ST7IhH08FUFCEOR,Pipe Types:Uponor MLCP_Leiding wit 50m:3335911,-
1ysMZq5ST7IhH08FUFCEOH,Pipe Types:Uponor MLCP_Leiding wit 50m:3335917,-
1ysMZq5ST7IhH08FUFCETs,Pipe Types:Uponor MLCP_Leiding wit 50m:3336074,-
1ysMZq5ST7IhH08FUFCETi,Pipe Types:Uponor MLCP_Leiding wit 50m:3336080,-
1ysMZq5ST7IhH08FUFCEYB,Pipe Types:Uponor MLCP_Leiding wit 50m:3336311,-
1ysMZq5ST7IhH08FUFCEY5,Pipe Types:Uponor MLCP_Leiding wit 50m:3336313,-
1ysMZq5ST7IhH08FUFCEck,Pipe Types:Uponor MLCP_Leiding wit 50m:3336530,-
1ysMZq5ST7IhH08FUFCEce,Pipe Types:Uponor MLCP_Leiding wit 50m:3336532,-
0NN28gJPfBZuJU3ZelRdeP,Pipe Types:Uponor MLCP_Leiding wit 50m:3348839,-
0NN28gJPfBZuJU3ZelRdeJ,Pipe Types:Uponor MLCP_Leiding wit 50m:3348845,-
1$QeEXZaH1_8pbVHkWBLYL,Pipe Types:Uponor MLCP_Leiding wit 50m:3396839,-
1$QeEXZaH1_8pbVHkWBLH3,Pipe Types:Uponor MLCP_Leiding wit 50m:3397681,-
1$QeEXZaH1_8pbVHkWBMWX,Pipe Types:Uponor MLCP_Leiding wit 50m:3400787,-
1$QeEXZaH1_8pbVHkWBMJc,Pipe Types:Uponor MLCP_Leiding wit 50m:3401876,-
1$QeEXZaH1_8pbVHkWBMJl,Pipe Types:Uponor MLCP_Leiding wit 50m:3401885,-
1$QeEXZaH1_8pbVHkWBMJP,Pipe Types:Uponor MLCP_Leiding wit 50m:3401899,-
1ozauvCGHFgxHC9zf470d2,Pipe Types:Uponor MLCP_Leiding wit 50m:3403687,-
1ozauvCGHFgxHC9zf470dL,Pipe Types:Uponor MLCP_Leiding wit 50m:3403696,-
1ozauvCGHFgxHC9zf470dR,Pipe Types:Uponor MLCP_Leiding wit 50m:3403710,-
1ozauvCGHFgxHC9zf46_IC,Pipe Types:Uponor MLCP_Leiding wit 50m:3408617,-
1ozauvCGHFgxHC9zf46_IN,Pipe Types:Uponor MLCP_Leiding wit 50m:3408626,-
1ozauvCGHFgxHC9zf46_Lb,Pipe Types:Uponor MLCP_Leiding wit 50m:3408640,-
1ozauvCGHFgxHC9zf46_Mt,Pipe Types:Uponor MLCP_Leiding wit 50m:3408850,-
1ozauvCGHFgxHC9zf46_M_,Pipe Types:Uponor MLCP_Leiding wit 50m:3408859,-
1ozauvCGHFgxHC9zf46_MC,Pipe Types:Uponor MLCP_Leiding wit 50m:3408873,-
1ozauvCGHFgxHC9zf46_BU,Pipe Types:Uponor MLCP_Leiding wit 50m:3409083,-
1ozauvCGHFgxHC9zf46_AX,Pipe Types:Uponor MLCP_Leiding wit 50m:3409092,-
1ozauvCGHFgxHC9zf46_At,Pipe Types:Uponor MLCP_Leiding wit 50m:3409106,-
1ozauvCGHFgxHC9zf46_F1,Pipe Types:Uponor MLCP_Leiding wit 50m:3409316,-
1ozauvCGHFgxHC9zf46_F8,Pipe Types:Uponor MLCP_Leiding wit 50m:3409325,-
1ozauvCGHFgxHC9zf46_FU,Pipe Types:Uponor MLCP_Leiding wit 50m:3409339,-
1ozauvCGHFgxHC9zf46_3e,Pipe Types:Uponor MLCP_Leiding wit 50m:3409549,-
1ozauvCGHFgxHC9zf46_3p,Pipe Types:Uponor MLCP_Leiding wit 50m:3409558,-
1ozauvCGHFgxHC9zf46_31,Pipe Types:Uponor MLCP_Leiding wit 50m:3409572,-
1ozauvCGHFgxHC9zf46_4J,Pipe Types:Uponor MLCP_Leiding wit 50m:3409782,-
1ozauvCGHFgxHC9zf46_4Q,Pipe Types:Uponor MLCP_Leiding wit 50m:3409791,-
1ozauvCGHFgxHC9zf46_7e,Pipe Types:Uponor MLCP_Leiding wit 50m:3409805,-
1ozauvCGHFgxHC9zf46_uw,Pipe Types:Uponor MLCP_Leiding wit 50m:3410015,-
1ozauvCGHFgxHC9zf46_uD,Pipe Types:Uponor MLCP_Leiding wit 50m:3410024,-
1ozauvCGHFgxHC9zf46_uJ,Pipe Types:Uponor MLCP_Leiding wit 50m:3410038,-
1ozauvCGHFgxHC9zf46_yj,Pipe Types:Uponor MLCP_Leiding wit 50m:3410248,-
1ozauvCGHFgxHC9zf46_yq,Pipe Types:Uponor MLCP_Leiding wit 50m:3410257,-
1ozauvCGHFgxHC9zf46_yw,Pipe Types:Uponor MLCP_Leiding wit 50m:3410271,-
1ozauvCGHFgxHC9zf46_nK,Pipe Types:Uponor MLCP_Leiding wit 50m:3410481,-
1ozauvCGHFgxHC9zf46_nV,Pipe Types:Uponor MLCP_Leiding wit 50m:3410490,-
1ozauvCGHFgxHC9zf46_mj,Pipe Types:Uponor MLCP_Leiding wit 50m:3410504,-
1ozauvCGHFgxHC9zf46_r$,Pipe Types:Uponor MLCP_Leiding wit 50m:3410714,-
1ozauvCGHFgxHC9zf46_r6,Pipe Types:Uponor MLCP_Leiding wit 50m:3410723,-
1ozauvCGHFgxHC9zf46_rK,Pipe Types:Uponor MLCP_Leiding wit 50m:3410737,-
3x$GkbgnfC9QCSP_JqN9my,Pipe Types:Uponor MLCP_Leiding wit 50m:3422743,-
3x$GkbgnfC9QCSP_JqN9mB,Pipe Types:Uponor MLCP_Leiding wit 50m:3422752,-
3x$GkbgnfC9QCSP_JqN9m5,Pipe Types:Uponor MLCP_Leiding wit 50m:3422766,-
2BaPYZgjj9pwsxthGdUMbC,Pipe Types:Uponor MLCP_Leiding wit 50m:3437650,-
2BaPYZgjj9pwsxthGdUM46,Pipe Types:Uponor MLCP_Leiding wit 50m:3439640,-
2BaPYZgjj9pwsxthGdUM4c,Pipe Types:Uponor MLCP_Leiding wit 50m:3439672,-
2BaPYZgjj9pwsxthGdUM56,Pipe Types:Uponor MLCP_Leiding wit 50m:3439704,-
2BaPYZgjj9pwsxthGdUM5c,Pipe Types:Uponor MLCP_Leiding wit 50m:3439736,-
2BaPYZgjj9pwsxthGdUM66,Pipe Types:Uponor MLCP_Leiding wit 50m:3439768,-
2BaPYZgjj9pwsxthGdUM6c,Pipe Types:Uponor MLCP_Leiding wit 50m:3439800,-
2BaPYZgjj9pwsxthGdUM76,Pipe Types:Uponor MLCP_Leiding wit 50m:3439832,-
2BaPYZgjj9pwsxthGdUM7c,Pipe Types:Uponor MLCP_Leiding wit 50m:3439864,-
2BaPYZgjj9pwsxthGdUM06,Pipe Types:Uponor MLCP_Leiding wit 50m:3439896,-
2BaPYZgjj9pwsxthGdUM0c,Pipe Types:Uponor MLCP_Leiding wit 50m:3439928,-
2BaPYZgjj9pwsxthGdUM16,Pipe Types:Uponor MLCP_Leiding wit 50m:3439960,-
2BaPYZgjj9pwsxthGdUM1c,Pipe Types:Uponor MLCP_Leiding wit 50m:3439992,-
2BaPYZgjj9pwsxthGdUM26,Pipe Types:Uponor MLCP_Leiding wit 50m:3440024,-
1p_GsOfKjEWhDriV8mZKDe,Pipe Types:Uponor MLCP_Leiding wit 50m:3448524,-
0CHDNniWn6PAZMfZvQwTrd,Pipe Types:Uponor MLCP_Leiding wit 50m:3449368,-
0CHDNniWn6PAZMfZvQwTGT,Pipe Types:Uponor MLCP_Leiding wit 50m:3451746,-
0CHDNniWn6PAZMfZvQwTGL,Pipe Types:Uponor MLCP_Leiding wit 50m:3451754,-
2hT29lj$D3xhie3PEqBr0t,Pipe Types:Uponor MLCP_Leiding wit 50m:3465919,-
2hT29lj$D3xhie3PEqBr1P,Pipe Types:Uponor MLCP_Leiding wit 50m:3465937,-
2hT29lj$D3xhie3PEqBr4a,Pipe Types:Uponor MLCP_Leiding wit 50m:3466156,-
2hT29lj$D3xhie3PEqBr4s,Pipe Types:Uponor MLCP_Leiding wit 50m:3466174,-
2hT29lj$D3xhie3PEqBrOH,Pipe Types:Uponor MLCP_Leiding wit 50m:3466393,-
2hT29lj$D3xhie3PEqBrOZ,Pipe Types:Uponor MLCP_Leiding wit 50m:3466411,-
2hT29lj$D3xhie3PEqBrSE,Pipe Types:Uponor MLCP_Leiding wit 50m:3466630,-
2hT29lj$D3xhie3PEqBrSG,Pipe Types:Uponor MLCP_Leiding wit 50m:3466648,-
2hT29lj$D3xhie3PEqBriQ,Pipe Types:Uponor MLCP_Leiding wit 50m:3467666,-
2hT29lj$D3xhie3PEqBrii,Pipe Types:Uponor MLCP_Leiding wit 50m:3467684,-
3xVM8lGZrB280zPC1cWYMM,Pipe Types:Uponor MLCP_Leiding wit 50m:3472038,-
3xVM8lGZrB280zPC1cWYMO,Pipe Types:Uponor MLCP_Leiding wit 50m:3472040,-
3xVM8lGZrB280zPC1cWYIZ,Pipe Types:Uponor MLCP_Leiding wit 50m:3472275,-
3xVM8lGZrB280zPC1cWYIb,Pipe Types:Uponor MLCP_Leiding wit 50m:3472277,-
3xVM8lGZrB280zPC1cWYEm,Pipe Types:Uponor MLCP_Leiding wit 50m:3472512,-
3xVM8lGZrB280zPC1cWYEo,Pipe Types:Uponor MLCP_Leiding wit 50m:3472514,-
3xVM8lGZrB280zPC1cWY9T,Pipe Types:Uponor MLCP_Leiding wit 50m:3472749,-
3xVM8lGZrB280zPC1cWY9V,Pipe Types:Uponor MLCP_Leiding wit 50m:3472751,-
3xVM8lGZrB280zPC1cWzoG,Pipe Types:Uponor MLCP_Leiding wit 50m:3474336,-
3xVM8lGZrB280zPC1cWzoI,Pipe Types:Uponor MLCP_Leiding wit 50m:3474338,-
0JByajTWv8TvJJGCB4Zus5,Pipe Types:Uponor MLCP_Leiding wit 50m:3480717,-
0JByajTWv8TvJJGCB4Zus7,Pipe Types:Uponor MLCP_Leiding wit 50m:3480719,-
0JByajTWv8TvJJGCB4ZunM,Pipe Types:Uponor MLCP_Leiding wit 50m:3480926,-
0JByajTWv8TvJJGCB4Zune,Pipe Types:Uponor MLCP_Leiding wit 50m:3480928,-
0JByajTWv8TvJJGCB4Zx2K,Pipe Types:Uponor MLCP_Leiding wit 50m:3482012,-
0JByajTWv8TvJJGCB4Zx2M,Pipe Types:Uponor MLCP_Leiding wit 50m:3482014,-
0JByajTWv8TvJJGCB4ZxDb,Pipe Types:Uponor MLCP_Leiding wit 50m:3482221,-
0JByajTWv8TvJJGCB4ZxDd,Pipe Types:Uponor MLCP_Leiding wit 50m:3482223,-
0JByajTWv8TvJJGCB4ZxUM,Pipe Types:Uponor MLCP_Leiding wit 50m:3483294,-
0JByajTWv8TvJJGCB4ZxUe,Pipe Types:Uponor MLCP_Leiding wit 50m:3483296,-
0JByajTWv8TvJJGCB4ZxPd,Pipe Types:Uponor MLCP_Leiding wit 50m:3483503,-
0JByajTWv8TvJJGCB4ZxPv,Pipe Types:Uponor MLCP_Leiding wit 50m:3483505,-
0JByajTWv8TvJJGCB4ZxgV,Pipe Types:Uponor MLCP_Leiding wit 50m:3484567,-
0JByajTWv8TvJJGCB4ZxgL,Pipe Types:Uponor MLCP_Leiding wit 50m:3484573,-
0JByajTWv8TvJJGCB4Zxrl,Pipe Types:Uponor MLCP_Leiding wit 50m:3484775,-
0JByajTWv8TvJJGCB4Zxrb,Pipe Types:Uponor MLCP_Leiding wit 50m:3484781,-
0JByajTWv8TvJJGCB4Zw5p,Pipe Types:Uponor MLCP_Leiding wit 50m:3485819,-
0JByajTWv8TvJJGCB4Zw69,Pipe Types:Uponor MLCP_Leiding wit 50m:3485825,-
0JByajTWv8TvJJGCB4Zw13,Pipe Types:Uponor MLCP_Leiding wit 50m:3486027,-
0JByajTWv8TvJJGCB4Zw1P,Pipe Types:Uponor MLCP_Leiding wit 50m:3486033,-
0JByajTWv8TvJJGCB4ZwHg,Pipe Types:Uponor MLCP_Leiding wit 50m:3487074,-
0JByajTWv8TvJJGCB4ZwHW,Pipe Types:Uponor MLCP_Leiding wit 50m:3487080,-
0JByajTWv8TvJJGCB4ZwSw,Pipe Types:Uponor MLCP_Leiding wit 50m:3487282,-
0JByajTWv8TvJJGCB4ZwSm,Pipe Types:Uponor MLCP_Leiding wit 50m:3487288,-
3g_QrARW1EwRsS5TUfV6mb,Pipe Types:Uponor MLCP_Leiding wit 50m:3496677,-
3g_QrARW1EwRsS5TUfV6hX,Pipe Types:Uponor MLCP_Leiding wit 50m:3496993,-
365bG0TCL9W9T7bV52Otzd,Pipe Types:Uponor MLCP_Leiding wit 50m:3502795,-
365bG0TCL9W9T7bV52Otgg,Pipe Types:Uponor MLCP_Leiding wit 50m:3503878,-
365bG0TCL9W9T7bV52Oufh,Pipe Types:Uponor MLCP_Leiding wit 50m:3508167,-
365bG0TCL9W9T7bV52Oufv,Pipe Types:Uponor MLCP_Leiding wit 50m:3508181,-
365bG0TCL9W9T7bV52OuLY,Pipe Types:Uponor MLCP_Leiding wit 50m:3508430,-
365bG0TCL9W9T7bV52OuLm,Pipe Types:Uponor MLCP_Leiding wit 50m:3508444,-
2ZYf_pOc51jx4lNS$01GYH,Pipe Types:Uponor MLCP_Leiding wit 50m:3509752,-
2ZYf_pOc51jx4lNS$01GjP,Pipe Types:Uponor MLCP_Leiding wit 50m:3509808,-
2ZYf_pOc51jx4lNS$01GkI,Pipe Types:Uponor MLCP_Leiding wit 50m:3510011,-
2ZYf_pOc51jx4lNS$01GfQ,Pipe Types:Uponor MLCP_Leiding wit 50m:3510067,-
3KXBG6FMb799yvnryVGazU,Pipe Types:Uponor MLCP_Leiding wit 50m:3517600,-
3KXBG6FMb799yvnryVGazI,Pipe Types:Uponor MLCP_Leiding wit 50m:3517612,-
3KXBG6FMb799yvnryVGbNn,Pipe Types:Uponor MLCP_Leiding wit 50m:3520015,-
3KXBG6FMb799yvnryVGYgJ,Pipe Types:Uponor MLCP_Leiding wit 50m:3524973,-
3KXBG6FMb799yvnryVGZDn,Pipe Types:Uponor MLCP_Leiding wit 50m:3526799,-
3KXBG6FMb799yvnryVGZDl,Pipe Types:Uponor MLCP_Leiding wit 50m:3526801,-
3KXBG6FMb799yvnryVGZ9M,Pipe Types:Uponor MLCP_Leiding wit 50m:3527080,-
3KXBG6FMb799yvnryVGZ9K,Pipe Types:Uponor MLCP_Leiding wit 50m:3527082,-
3KXBG6FMb799yvnryVGZH$,Pipe Types:Uponor MLCP_Leiding wit 50m:3528577,-
3KXBG6FMb799yvnryVGZGe,Pipe Types:Uponor MLCP_Leiding wit 50m:3528662,-
3KXBG6FMb799yvnryVGZjs,Pipe Types:Uponor MLCP_Leiding wit 50m:3528840,-
3KXBG6FMb799yvnryVGZiZ,Pipe Types:Uponor MLCP_Leiding wit 50m:3528925,-
0$vkK3wTfFMuOTo$8DdwoU,Pipe Types:Uponor MLCP_Leiding wit 50m:3534216,-
0$vkK3wTfFMuOTo$8DdwoS,Pipe Types:Uponor MLCP_Leiding wit 50m:3534218,-
0$vkK3wTfFMuOTo$8Ddwxh,Pipe Types:Uponor MLCP_Leiding wit 50m:3534845,-
0$vkK3wTfFMuOTo$8Ddwxf,Pipe Types:Uponor MLCP_Leiding wit 50m:3534847,-
0$vkK3wTfFMuOTo$8DdxP4,Pipe Types:Uponor MLCP_Leiding wit 50m:3536722,-
0$vkK3wTfFMuOTo$8DdxP2,Pipe Types:Uponor MLCP_Leiding wit 50m:3536724,-
0$vkK3wTfFMuOTo$8Ddxar,Pipe Types:Uponor MLCP_Leiding wit 50m:3536931,-
0$vkK3wTfFMuOTo$8Ddxap,Pipe Types:Uponor MLCP_Leiding wit 50m:3536933,-
0$vkK3wTfFMuOTo$8Dd4RD,Pipe Types:Uponor MLCP_Leiding wit 50m:3540955,-
0$vkK3wTfFMuOTo$8Dd4RB,Pipe Types:Uponor MLCP_Leiding wit 50m:3540957,-
0$vkK3wTfFMuOTo$8Dd4cw,Pipe Types:Uponor MLCP_Leiding wit 50m:3541164,-
0$vkK3wTfFMuOTo$8Dd4cu,Pipe Types:Uponor MLCP_Leiding wit 50m:3541166,-
3yHAyniWL0rAAqbiS6DHz7,Pipe Types:Uponor MLCP_Leiding wit 50m:3543052,-
3yHAyniWL0rAAqbiS6DHzP,Pipe Types:Uponor MLCP_Leiding wit 50m:3543058,-
3yHAyniWL0rAAqbiS6DH_N,Pipe Types:Uponor MLCP_Leiding wit 50m:3543260,-
3yHAyniWL0rAAqbiS6DH_f,Pipe Types:Uponor MLCP_Leiding wit 50m:3543266,-
3yHAyniWL0rAAqbiS6DHxd,Pipe Types:Uponor MLCP_Leiding wit 50m:3543468,-
3yHAyniWL0rAAqbiS6DHxv,Pipe Types:Uponor MLCP_Leiding wit 50m:3543474,-
3yHAyniWL0rAAqbiS6DIlL,Pipe Types:Uponor MLCP_Leiding wit 50m:3548318,-
3yHAyniWL0rAAqbiS6DIll,Pipe Types:Uponor MLCP_Leiding wit 50m:3548324,-
3yHAyniWL0rAAqbiS6DIez,Pipe Types:Uponor MLCP_Leiding wit 50m:3548534,-
3yHAyniWL0rAAqbiS6DIet,Pipe Types:Uponor MLCP_Leiding wit 50m:3548540,-
2FgvnmQcX2bh$jLuFZeVXF,Pipe Types:Uponor MLCP_Leiding wit 50m:3559584,-
1TAKhTtRj1m9w5JPRxJsuB,Pipe Types:Uponor MLCP_Leiding wit 50m:3596924,-
1TAKhTtRj1m9w5JPRxJsgS,Pipe Types:Uponor MLCP_Leiding wit 50m:3598059,-
2tgMtQ3B97Cfoszug62BmB,Pipe Types:Uponor MLCP_Leiding wit 50m:3600795,-
2tgMtQ3B97Cfoszug62B_S,Pipe Types:Uponor MLCP_Leiding wit 50m:3600908,-
0Mw$q2v5T4396buyzI9YAf,Pipe Types:Uponor MLCP_Leiding wit 50m:3607002,-
0Mw$q2v5T4396buyzI9YAH,Pipe Types:Uponor MLCP_Leiding wit 50m:3607010,-
0Mw$q2v5T4396buyzI9Y6V,Pipe Types:Uponor MLCP_Leiding wit 50m:3607276,-
0LGkUeZCf5_84yCewvaDSm,Pipe Types:Uponor MLCP_Leiding wit 50m:3607582,-
0LGkUeZCf5_84yCewvaDS2,Pipe Types:Uponor MLCP_Leiding wit 50m:3607596,-
0LGkUeZCf5_84yCewvaClf,Pipe Types:Uponor MLCP_Leiding wit 50m:3608775,-
0LGkUeZCf5_84yCewvaClv,Pipe Types:Uponor MLCP_Leiding wit 50m:3608791,-
1sGFLQ7J1CVh2MsFnz0Jod,Pipe Types:Uponor MLCP_Leiding wit 50m:3610931,-
1sGFLQ7J1CVh2MsFnz0JmT,Pipe Types:Uponor MLCP_Leiding wit 50m:3611017,-
1sGFLQ7J1CVh2MsFnz0Jb5,Pipe Types:Uponor MLCP_Leiding wit 50m:3611857,-
1sGFLQ7J1CVh2MsFnz0Jb1,Pipe Types:Uponor MLCP_Leiding wit 50m:3611861,-
1q_Gab$_D8tubXihaSX877,Pipe Types:Uponor MLCP_Leiding wit 50m:3616988,-
1q_Gab$_D8tubXihaSX875,Pipe Types:Uponor MLCP_Leiding wit 50m:3616990,-
1dcI9nt4j5DwH3yFI3827B,Pipe Types:Uponor MLCP_Leiding wit 50m:3620008,-
1dcI9nt4j5DwH3yFI3827N,Pipe Types:Uponor MLCP_Leiding wit 50m:3620020,-
1dcI9nt4j5DwH3yFI385vH,Pipe Types:Uponor MLCP_Leiding wit 50m:3621682,-
1dcI9nt4j5DwH3yFI385xh,Pipe Types:Uponor MLCP_Leiding wit 50m:3621768,-
0QoXnYrSP23wZbVcPb4NFH,Pipe Types:Uponor MLCP_Leiding wit 50m:3622898,-
0QoXnYrSP23wZbVcPb4NFL,Pipe Types:Uponor MLCP_Leiding wit 50m:3622902,-
0BnSB8KCL1i96PRZ4EABk8,Pipe Types:Uponor MLCP_Leiding wit 50m:3623067,-
23CNv0At11$9umIULnNIH1,Pipe Types:Uponor MLCP_Leiding wit 50m:3631134,-
23CNv0At11$9umIULnNINv,Pipe Types:Uponor MLCP_Leiding wit 50m:3631526,-
23CNv0At11$9umIULnNINZ,Pipe Types:Uponor MLCP_Leiding wit 50m:3631548,-
0uHD1y_7b3MgGrw$OlRT3p,Pipe Types:Uponor MLCP_Leiding wit 50m:3639026,-
3jdPwafhrDTBVNp9R3B1sR,Pipe Types:Uponor MLCP_Leiding wit 50m:3640975,-
3jdPwafhrDTBVNp9R3B1m6,Pipe Types:Uponor MLCP_Leiding wit 50m:3641106,-
3jdPwafhrDTBVNp9R3B1m0,Pipe Types:Uponor MLCP_Leiding wit 50m:3641108,-
3jdPwafhrDTBVNp9R3B1mE,Pipe Types:Uponor MLCP_Leiding wit 50m:3641114,-
07fJu0U5j3fBm8vgmk7d5e,Pipe Types:Uponor MLCP_Leiding wit 50m:3641360,-
31LOpm9rjFjQhrwunolqbe,Pipe Types:Uponor MLCP_Leiding wit 50m:3645589,-
31LOpm9rjFjQhrwunolqbL,Pipe Types:Uponor MLCP_Leiding wit 50m:3645608,-
3ff8nDEKz8Nv4cFEtsEGVl,Pipe Types:Uponor MLCP_Leiding wit 50m:3649799,-
3ff8nDEKz8Nv4cFEtsEGVJ,Pipe Types:Uponor MLCP_Leiding wit 50m:3649851,-
3ff8nDEKz8Nv4cFEtsEGUC,Pipe Types:Uponor MLCP_Leiding wit 50m:3649892,-
3ff8nDEKz8Nv4cFEtsEG6T,Pipe Types:Uponor MLCP_Leiding wit 50m:3651445,-
3ff8nDEKz8Nv4cFEtsEG6I,Pipe Types:Uponor MLCP_Leiding wit 50m:3651450,-
3ff8nDEKz8Nv4cFEtsEG6N,Pipe Types:Uponor MLCP_Leiding wit 50m:3651455,-
3ff8nDEKz8Nv4cFEtsEG5a,Pipe Types:Uponor MLCP_Leiding wit 50m:3651468,-
3ff8nDEKz8Nv4cFEtsEG5v,Pipe Types:Uponor MLCP_Leiding wit 50m:3651473,-
3ff8nDEKz8Nv4cFEtsEG5_,Pipe Types:Uponor MLCP_Leiding wit 50m:3651478,-
3ff8nDEKz8Nv4cFEtsEG5B,Pipe Types:Uponor MLCP_Leiding wit 50m:3651491,-
3ff8nDEKz8Nv4cFEtsEG50,Pipe Types:Uponor MLCP_Leiding wit 50m:3651496,-
3ff8nDEKz8Nv4cFEtsEG55,Pipe Types:Uponor MLCP_Leiding wit 50m:3651501,-
3ff8nDEKz8Nv4cFEtsEG5I,Pipe Types:Uponor MLCP_Leiding wit 50m:3651514,-
3ff8nDEKz8Nv4cFEtsEG5N,Pipe Types:Uponor MLCP_Leiding wit 50m:3651519,-
3ff8nDEKz8Nv4cFEtsEG4i,Pipe Types:Uponor MLCP_Leiding wit 50m:3651524,-
3ff8nDEKz8Nv4cFEtsEG4v,Pipe Types:Uponor MLCP_Leiding wit 50m:3651537,-
3ff8nDEKz8Nv4cFEtsEG4_,Pipe Types:Uponor MLCP_Leiding wit 50m:3651542,-
3ff8nDEKz8Nv4cFEtsEG4p,Pipe Types:Uponor MLCP_Leiding wit 50m:3651547,-
3ff8nDEKz8Nv4cFEtsEG40,Pipe Types:Uponor MLCP_Leiding wit 50m:3651560,-
3ff8nDEKz8Nv4cFEtsEG45,Pipe Types:Uponor MLCP_Leiding wit 50m:3651565,-
3ff8nDEKz8Nv4cFEtsEG4Q,Pipe Types:Uponor MLCP_Leiding wit 50m:3651570,-
3ff8nDEKz8Nv4cFEtsEG4N,Pipe Types:Uponor MLCP_Leiding wit 50m:3651583,-
3ff8nDEKz8Nv4cFEtsEGxi,Pipe Types:Uponor MLCP_Leiding wit 50m:3651588,-
3ff8nDEKz8Nv4cFEtsEGxX,Pipe Types:Uponor MLCP_Leiding wit 50m:3651593,-
3ff8nDEKz8Nv4cFEtsEGx_,Pipe Types:Uponor MLCP_Leiding wit 50m:3651606,-
3ff8nDEKz8Nv4cFEtsEGxp,Pipe Types:Uponor MLCP_Leiding wit 50m:3651611,-
3ff8nDEKz8Nv4cFEtsEGx8,Pipe Types:Uponor MLCP_Leiding wit 50m:3651616,-
3ff8nDEKz8Nv4cFEtsEGx5,Pipe Types:Uponor MLCP_Leiding wit 50m:3651629,-
3ff8nDEKz8Nv4cFEtsEGxQ,Pipe Types:Uponor MLCP_Leiding wit 50m:3651634,-
3ff8nDEKz8Nv4cFEtsEGxV,Pipe Types:Uponor MLCP_Leiding wit 50m:3651639,-
3ff8nDEKz8Nv4cFEtsEGwi,Pipe Types:Uponor MLCP_Leiding wit 50m:3651652,-
3ff8nDEKz8Nv4cFEtsEGwX,Pipe Types:Uponor MLCP_Leiding wit 50m:3651657,-
3ff8nDEKz8Nv4cFEtsEGwc,Pipe Types:Uponor MLCP_Leiding wit 50m:3651662,-
3ff8nDEKz8Nv4cFEtsEGwp,Pipe Types:Uponor MLCP_Leiding wit 50m:3651675,-
3ff8nDEKz8Nv4cFEtsEGw8,Pipe Types:Uponor MLCP_Leiding wit 50m:3651680,-
3ff8nDEKz8Nv4cFEtsEGwD,Pipe Types:Uponor MLCP_Leiding wit 50m:3651685,-
3ff8nDEKz8Nv4cFEtsEGwQ,Pipe Types:Uponor MLCP_Leiding wit 50m:3651698,-
3ff8nDEKz8Nv4cFEtsEGwV,Pipe Types:Uponor MLCP_Leiding wit 50m:3651703,-
3ff8nDEKz8Nv4cFEtsEGwK,Pipe Types:Uponor MLCP_Leiding wit 50m:3651708,-
3ff8nDEKz8Nv4cFEtsEGvX,Pipe Types:Uponor MLCP_Leiding wit 50m:3651721,-
3ff8nDEKz8Nv4cFEtsEGvc,Pipe Types:Uponor MLCP_Leiding wit 50m:3651726,-
3ff8nDEKz8Nv4cFEtsEGvx,Pipe Types:Uponor MLCP_Leiding wit 50m:3651731,-
2zD4y2mIL5Xhquljin4DWD,Pipe Types:Uponor MLCP_Leiding wit 50m:3664838,-
2zD4y2mIL5Xhquljin4DoU,Pipe Types:Uponor MLCP_Leiding wit 50m:3665749,-
2zD4y2mIL5Xhquljin4DoX,Pipe Types:Uponor MLCP_Leiding wit 50m:3665770,-
2zD4y2mIL5Xhquljin4Do_,Pipe Types:Uponor MLCP_Leiding wit 50m:3665781,-
0DIvW9UWr6RPpUuD1MjHeZ,Pipe Types:Uponor MLCP_Leiding wit 50m:3666754,-
0DIvW9UWr6RPpUuD1MjHeO,Pipe Types:Uponor MLCP_Leiding wit 50m:3666809,-
0R7APdjQH7IBiUEpEQW$V9,Pipe Types:Uponor MLCP_Leiding wit 50m:3689196,-
0ItfZvO4n8fed5px8fJkHv,Pipe Types:Victaulic_Steel pipe 6m:2430207,-
3KuDJgv1L7bhlBmBAqcPe$,Pipe Types:Victaulic_Steel pipe 6m:2491963,-
3QT0u13t9329kSqnBaiKwP,Pipe Types:Victaulic_Steel pipe 6m:2494598,-
3QT0u13t9329kSqnBaiKnk,Pipe Types:Victaulic_Steel pipe 6m:2495089,-
3QT0u13t9329kSqnBaiKjo,Pipe Types:Victaulic_Steel pipe 6m:2495853,-
1Phqez81T5v9sC$8HDbdYv,Pipe Types:Victaulic_Steel pipe 6m:2567689,-
1Phqez81T5v9sC$8HDbdY4,Pipe Types:Victaulic_Steel pipe 6m:2567732,-
1Phqez81T5v9sC$8HDbdZo,Pipe Types:Victaulic_Steel pipe 6m:2567746,-
1Phqez81T5v9sC$8HDbdZW,Pipe Types:Victaulic_Steel pipe 6m:2567760,-
1Phqez81T5v9sC$8HDbdZk,Pipe Types:Victaulic_Steel pipe 6m:2567774,-
1Phqez81T5v9sC$8HDbdZS,Pipe Types:Victaulic_Steel pipe 6m:2567788,-
1Phqez81T5v9sC$8HDbdZA,Pipe Types:Victaulic_Steel pipe 6m:2567802,-
1Phqez81T5v9sC$8HDbdWu,Pipe Types:Victaulic_Steel pipe 6m:2567816,-
1Phqez81T5v9sC$8HDbdWL,Pipe Types:Victaulic_Steel pipe 6m:2567845,-
1Phqez81T5v9sC$8HDbdW3,Pipe Types:Victaulic_Steel pipe 6m:2567859,-
1Phqez81T5v9sC$8HDbdXn,Pipe Types:Victaulic_Steel pipe 6m:2567873,-
1Phqez81T5v9sC$8HDbdX$,Pipe Types:Victaulic_Steel pipe 6m:2567887,-
1Phqez81T5v9sC$8HDbdXj,Pipe Types:Victaulic_Steel pipe 6m:2567901,-
1Phqez81T5v9sC$8HDbdXR,Pipe Types:Victaulic_Steel pipe 6m:2567915,-
2mlrYO63zFxBaUi0QJzFSM,Pipe Types:Victaulic_Steel pipe 6m:2568401,-
2mlrYO63zFxBaUi0QJzFRP,Pipe Types:Victaulic_Steel pipe 6m:2568478,-
2mlrYO63zFxBaUi0QJzFRk,Pipe Types:Victaulic_Steel pipe 6m:2568489,-
2mlrYO63zFxBaUi0QJzFQ3,Pipe Types:Victaulic_Steel pipe 6m:2568516,-
2mlrYO63zFxBaUi0QJzFQ8,Pipe Types:Victaulic_Steel pipe 6m:2568527,-
2mlrYO63zFxBaUi0QJzFQT,Pipe Types:Victaulic_Steel pipe 6m:2568538,-
2mlrYO63zFxBaUi0QJzFQY,Pipe Types:Victaulic_Steel pipe 6m:2568549,-
2mlrYO63zFxBaUi0QJzFQt,Pipe Types:Victaulic_Steel pipe 6m:2568560,-
2mlrYO63zFxBaUi0QJzFQy,Pipe Types:Victaulic_Steel pipe 6m:2568571,-
2mlrYO63zFxBaUi0QJzFP1,Pipe Types:Victaulic_Steel pipe 6m:2568582,-
2mlrYO63zFxBaUi0QJzFPM,Pipe Types:Victaulic_Steel pipe 6m:2568593,-
2mlrYO63zFxBaUi0QJzFPR,Pipe Types:Victaulic_Steel pipe 6m:2568604,-
2tSpYd2lj4LAtLtzT05QEP,Pipe Types:Victaulic_Steel pipe 6m:2568797,-
25nQzDrwH2bRQP_iBpOPkD,Pipe Types:Victaulic_Steel pipe 6m:2592791,-
25nQzDrwH2bRQP_iBpOPZo,Pipe Types:Victaulic_Steel pipe 6m:2593640,-
25nQzDrwH2bRQP_iBpOPPn,Pipe Types:Victaulic_Steel pipe 6m:2596331,-
0eBwDfOrD45R_r4mHfjvJW,Pipe Types:Victaulic_Steel pipe 6m:2657851,-
07jkvh2bf4fhXxkREeHbtt,Pipe Types:Victaulic_Steel pipe 6m:2676240,-
2HNI1Mzmb9aQxVnwxsvODn,Pipe Types:Victaulic_Steel pipe 6m:4253512,-
